Case	KRAS	TP53	NF1	ARID1A	APC	MUC16	KMT2C	UBR5	NCOR2	SMARCA4	ZFHX3	TRIP11	PTPRK	ITK	STK11	PBRM1	SH3GL1	NBEA	BAP1	SMAD4	FAT4	LRP1B	CTNNB1	ARID2	BCL9L	MSN	PREX2	FLNA	FAT3	SETDB1	NRG1	EP300	GNAS	DAXX	ZNF521	BRD4	CTNND1	CUX1	RPL22	MSH6	SUZ12	EML4	CCNC	IDH1	BMPR1A	MAFB	NSD1	S100A7	BRAF	MAP2K1
TCGA-3X-AAVB	MISSENSE,G12R	MISSENSE,R248W					SPLICE,X1514_splice							MISSENSE,G375V														MISSENSE,M258I																						
HCM-CSHL-0434-C24	MISSENSE,G12V	MISSENSE,R282W						MISSENSE,S1789N																							SILENT,Y531=																			
TCGA-W5-AA2M	MISSENSE,G12D		NONSENSE,R1306*																																															
HCM-CSHL-1268-C24	MISSENSE,D33E		MISSENSE,N697S	FRAMESHIFT,P1468Lfs*13	MISSENSE,S1081N	MISSENSE,R12027Q	MISSENSE,A4844T	MISSENSE,G173D	MISSENSE,L1664M	SILENT,Q729=	MISSENSE,S3432P	FRAMESHIFT,K541Rfs*17	MISSENSE,D1096H	MISSENSE,V264L		SILENT,G1187=	MISSENSE,M347V	MISSENSE,A1226V				NONSENSE,G4225*			MISSENSE,R994G		SILENT,C1210=	MISSENSE,A2272S	FRAMESHIFT,L1931*	MISSENSE,A1183T		FRAMESHIFT,M1470Cfs*26	MISSENSE,E168K	FRAMESHIFT,K393Rfs*135	MISSENSE,G1106S	SILENT,T942=		SILENT,I1081=	FRAMESHIFT,K89Nfs*3	FRAMESHIFT,F1088Lfs*5			MISSENSE,L32P			MISSENSE,A176V	MISSENSE,R525W		MISSENSE,K641T	
HCM-CSHL-0512-C24	MISSENSE,G12R		SILENT,D1501=				MISSENSE,M1140I												NONSENSE,S513*																															
HCM-CSHL-0433-C24	MISSENSE,G12R																	MISSENSE,L2300V		MISSENSE,C363W																														
HCM-CSHL-0665-C24		FRAMESHIFT,E51Dfs*72				SILENT,I7580=														NONSENSE,S242*						MISSENSE,Q95E	MISSENSE,V1229I														MISSENSE,E610K									
HCM-CSHL-0511-C24		MISSENSE,H168R	FRAMESHIFT,I679Dfs*21												MISSENSE,K78T																																			
TCGA-3X-AAVC		MISSENSE,S241F														FRAMESHIFT,P1360Lfs*21	SILENT,P276=									MISSENSE,A492T																								
HCM-CSHL-0147-C24		MISSENSE,Y220C																						NONSENSE,S1302*																										
HCM-CSHL-1263-C24			MISSENSE,Q347K			MISSENSE,N14349S					MISSENSE,S383C								NONSENSE,E577*																							SPLICE,X634_splice								
HCM-CSHL-0085-C24				NONSENSE,K1662*																	SILENT,R3365=		MISSENSE,T41A	FRAMESHIFT,S451Lfs*12																										
TCGA-YR-A95A				FRAMESHIFT,N1571*																																								MISSENSE,R132C						
HCM-CSHL-0666-C24					FRAMESHIFT,T1556Nfs*3					MISSENSE,R973W											MISSENSE,V2742I																MISSENSE,R703C								MISSENSE,P68S			MISSENSE,R23C		
TCGA-W5-AA2X					FRAMESHIFT,V1414*							NONSENSE,K1282*	NONSENSE,Q1126*		FRAMESHIFT,K62Sfs*100																																			
TCGA-W7-A93P								MISSENSE,P2054Q	MISSENSE,L1133R																MISSENSE,V117L																									MISSENSE,R49C
HCM-CSHL-0509-C24																						MISSENSE,P4271T	MISSENSE,S45P																											