Case	TP53	FAT1	MUC16	CDKN2A	CSMD3	NOTCH1	LRP1B	PIK3CA	KMT2D	FAM135B	NSD1	FAT4	CASP8	FAT3	EP300	CTNNA2	KMT2C	CTNND2	CDH10	DCC	FBXW7	RNF213	GRM3	GRIN2A	CREBBP	ROS1	NFE2L2	MYH9	PTPRD	SPEN	CNTNAP2	RUNX1T1	HRAS	AKAP9	KMT2A	BIRC6	TRRAP	ARID1A	ERBB4	PTPRB	SMARCA4	APC	FAM47C	ZNF521	EPHA3	TGFBR2	CDH11	UBR5	POLQ	CUX1
TCGA-CV-6959	FRAMESHIFT,S99Rfs*23	NONSENSE,Q4023*	FRAMESHIFT,M8540Efs*2	NONSENSE,R80*		MISSENSE,R879W																																												
C3N-04278	NONSENSE,R196*	FRAMESHIFT,L1417Qfs*28	MISSENSE,P6523Q	MISSENSE,P81H	NONSENSE,S959*							MISSENSE,P490S		SILENT,S1177=													MISSENSE,R449S													MISSENSE,K1151N										
C3N-02713	SPLICE,X32_splice	NONSENSE,S4117*	MISSENSE,T10606I		NONSENSE,G2071*					MISSENSE,E1136G	NONSENSE,Q1358*	MISSENSE,A2423T		MISSENSE,G4327A		NONSENSE,E304*		MISSENSE,E551K											MISSENSE,E1458D			MISSENSE,L87F						NONSENSE,Q172*										MISSENSE,D1562Y		
TCGA-CV-7091	FRAMESHIFT,P27Lfs*17	NONSENSE,R1070*	MISSENSE,A10651P		FRAMESHIFT,G3382Rfs*15											MISSENSE,R193G																																		
TCGA-IQ-A61E	SPLICE,X367_splice	FRAMESHIFT,F2438Lfs*18	MISSENSE,R3852G			FRAMESHIFT,D1124Afs*15		MISSENSE,E545K														NONSENSE,Q3027*						SILENT,F556=					MISSENSE,G12S																	
TCGA-CV-7252	FRAMESHIFT,I195Lfs*53	FRAMESHIFT,R3087Pfs*2	MISSENSE,S8484F						FRAMESHIFT,R5027Tfs*12				PROTEINDEL,T272_T273del													MISSENSE,E599K					SILENT,A1307=															NONSENSE,S295*				MISSENSE,A15D
TCGA-CV-7103	FRAMESHIFT,P151Rfs*27	NONSENSE,E4290*	MISSENSE,S4216R																																															
C3N-01337	NONSENSE,E349*	NONSENSE,Y186*		FRAMESHIFT,V59Afs*58		FRAMESHIFT,T692Hfs*25										MISSENSE,G852E																														NONSENSE,E316*				
TCGA-BA-4075	SPLICE,X307_splice	FRAMESHIFT,E1885*		SPLICE,X51_splice		MISSENSE,C449Y								FRAMESHIFT,S3379Lfs*10	MISSENSE,I807V							MISSENSE,V3952D									MISSENSE,K603N																			
C3L-04844	FRAMESHIFT,C229Pfs*7	NONSENSE,Q1441*		FRAMESHIFT,M52Ifs*68				MISSENSE,E542K	FRAMESHIFT,V1064Gfs*4			MISSENSE,A4662S					MISSENSE,R3421T			MISSENSE,R1329K												MISSENSE,M478I							SILENT,D564=				SILENT,L125=							
TCGA-H7-8501	NONSENSE,E56*	NONSENSE,E3391*	SILENT,I3769=	NONSENSE,R80*					MISSENSE,G2899S				MISSENSE,M146V															SILENT,L10=					MISSENSE,G12S				MISSENSE,L1045F													
TCGA-CN-5370	SPLICE,X126_splice	FRAMESHIFT,Y468Sfs*4		NONSENSE,R58*					MISSENSE,C5062F																			FRAMESHIFT,C172Lfs*4																						
C3N-00306	SPLICE,X225_splice	NONSENSE,Y1931*		FRAMESHIFT,L97Afs*23						NONSENSE,G793*																									MISSENSE,E3891Q															
TCGA-CR-7386	FRAMESHIFT,T211Ffs*4	NONSENSE,S3268*		NONSENSE,W110*																			MISSENSE,F682L					MISSENSE,E530K			MISSENSE,S939F	SILENT,G577=								MISSENSE,D1750H										
TCGA-HD-A633	FRAMESHIFT,S260Pfs*85	NONSENSE,E1839*		FRAMESHIFT,T77Ifs*69																																					MISSENSE,R1189Q			SILENT,G1058=						
TCGA-CN-4731	NONSENSE,E171*	FRAMESHIFT,E1344*		SPLICE,X153_splice																																										PROTEINDEL,D141del				
TCGA-CN-A640	FRAMESHIFT,V157Pfs*23	NONSENSE,S3373*		FRAMESHIFT,A60Rfs*86																																														
TCGA-CV-6942	NONSENSE,Q331*	FRAMESHIFT,P2007Vfs*12		MISSENSE,Y44C		FRAMESHIFT,G684Afs*88					MISSENSE,E2467Q						NONSENSE,S187*										MISSENSE,D570N		MISSENSE,S384R	MISSENSE,S3329F																				
TCGA-CR-7370	SPLICE,X367_splice	FRAMESHIFT,V623Ifs*52		MISSENSE,D108V						MISSENSE,R1317P		MISSENSE,D2007Y					MISSENSE,Q2409R			MISSENSE,A769T				SILENT,V619=		MISSENSE,V1489F						MISSENSE,R301H																		
TCGA-BA-7269	FRAMESHIFT,E224*	FRAMESHIFT,K751Sfs*14		MISSENSE,Q50R																							MISSENSE,D262E										SILENT,T3673=										SILENT,L570=			
TCGA-CQ-6218	FRAMESHIFT,I195Sfs*52	FRAMESHIFT,F2333Sfs*24			MISSENSE,E1446V			MISSENSE,E542K																								SILENT,L153=																		
TCGA-CV-A45W	NONSENSE,E298*	FRAMESHIFT,T3083Pfs*33	SILENT,P5867=		MISSENSE,R2653L					MISSENSE,W697L				MISSENSE,D2576N						MISSENSE,P1375T	MISSENSE,G423A			SILENT,Q981=					MISSENSE,M1442I		MISSENSE,P1132H										MISSENSE,L918R								MISSENSE,A842S	
TCGA-CR-6477	FRAMESHIFT,R342Efs*3	NONSENSE,Q2321*			MISSENSE,L2385F																																								MISSENSE,C287W					
TCGA-CQ-5334	NONSENSE,S166*	FRAMESHIFT,V3229Cfs*3				NONSENSE,G1119*	MISSENSE,D3782Y						NONSENSE,M1?																																MISSENSE,P348L			SILENT,V1486=		
HCM-CSHL-0429-C06	NONSENSE,R196*	NONSENSE,R1262*				NONSENSE,E531*		MISSENSE,E542K					NONSENSE,S115*																																					
TCGA-CN-6989	FRAMESHIFT,T256Hfs*8	NONSENSE,R1262*				NONSENSE,C739*																																												
C3N-02279	FRAMESHIFT,R156Pfs*25	FRAMESHIFT,S2682Ffs*11				PROTEININS,E1625du		MISSENSE,N1044S		MISSENSE,H601Q																																								
TCGA-CV-5439	FRAMESHIFT,Q317Pfs*20	FRAMESHIFT,V482Sfs*2				MISSENSE,G95W																		MISSENSE,R1306M																										
TCGA-DQ-5631	NONSENSE,E336*	NONSENSE,R1627*	SILENT,P8852=			MISSENSE,C440R																																												
TCGA-UF-A7JJ	FRAMESHIFT,V73Rfs*76	FRAMESHIFT,Q1848Hfs*11					MISSENSE,N2129K					MISSENSE,L3363I													MISSENSE,V1818L			FRAMESHIFT,K1442Nfs*69														MISSENSE,H1119R								
TCGA-4P-AA8J	NONSENSE,E343*	FRAMESHIFT,K1445Qfs*7					MISSENSE,D57H																																											
TCGA-CV-7422	NONSENSE,Q104*	NONSENSE,Y2529*						MISSENSE,E542K							PROTEININS,V1393_I1395du																							NONSENSE,Q1947*												
TCGA-CV-5434	NONSENSE,R213*	NONSENSE,G3740*							FRAMESHIFT,K287Vfs*18						MISSENSE,W1466C																									MISSENSE,G1907V										
C3N-00498	NONSENSE,E298*	FRAMESHIFT,L3695Yfs*4							NONSENSE,Q2885*															MISSENSE,A37G																										
C3N-00822	NONSENSE,E287*	FRAMESHIFT,Y185Lfs*5							FRAMESHIFT,S3378Ifs*45																				MISSENSE,S65R									SILENT,P947=												
TCGA-CV-7095	NONSENSE,R196*	NONSENSE,Q2830*								MISSENSE,L124W			MISSENSE,D303V		NONSENSE,C1771*						MISSENSE,R35C			MISSENSE,S1425W	SILENT,V2427=						MISSENSE,A667T					NONSENSE,S2874*								MISSENSE,F513L						
TCGA-CQ-A4CE	NONSENSE,R196*	FRAMESHIFT,S3763Nfs*7												MISSENSE,C4124F							MISSENSE,R543G																													
TCGA-CV-7263	NONSENSE,Y103*	NONSENSE,G2299*																			SPLICE,X374_splice																													
TCGA-CQ-A4CI	SPLICE,X306_splice	NONSENSE,Q1527*																							MISSENSE,M1625V							MISSENSE,R488L											MISSENSE,P876L							
TCGA-CV-5430	FRAMESHIFT,S90Vfs*55	NONSENSE,E3024*																								MISSENSE,V1187A								MISSENSE,E926Q								MISSENSE,L2198F								
TCGA-CV-A45Q	SPLICE,X25_splice	NONSENSE,R1627*																		SILENT,R130=								MISSENSE,E530K			MISSENSE,R286Q																	MISSENSE,G142E		
TCGA-BA-4078	SPLICE,X225_splice	MISSENSE,A173P	MISSENSE,S12260I	FRAMESHIFT,D156Ifs*37			MISSENSE,P2042S			MISSENSE,A418E						NONSENSE,E304*		MISSENSE,H476Q	MISSENSE,R449L	MISSENSE,V1248L											MISSENSE,M442K	MISSENSE,K485N							MISSENSE,I947T	MISSENSE,E1851K			MISSENSE,V339L		SILENT,T933=					NONSENSE,K362*
TCGA-CV-6956	FRAMESHIFT,R110Wfs*12	MISSENSE,L2994R	MISSENSE,D1108H					MISSENSE,K111N			NONSENSE,R1984*																			MISSENSE,Y626C														SILENT,R236=	SILENT,L556=					
TCGA-CV-A6K1	SPLICE,X224_splice	MISSENSE,P1454R			MISSENSE,R3025C	FRAMESHIFT,L1531Cfs*49	MISSENSE,D3749Y		FRAMESHIFT,V3089Wfs*30												SILENT,L589=	FRAMESHIFT,K345Efs*52				FRAMESHIFT,L1167*					SILENT,C745=	MISSENSE,R379W				MISSENSE,V1681M	SILENT,D3716=					MISSENSE,R283Q					MISSENSE,V632F			
TCGA-UF-A71D	FRAMESHIFT,A84Pfs*39	MISSENSE,I661R			MISSENSE,G869V					MISSENSE,D411Y	FRAMESHIFT,T922Rfs*6			SILENT,I2765=			MISSENSE,R3856K								MISSENSE,R1446C		FRAMESHIFT,I202Yfs*2					MISSENSE,H309N		NONSENSE,R1824*										MISSENSE,S214P						
TCGA-CV-A6JU	SPLICE,X224_splice	MISSENSE,D3399Y			MISSENSE,T3705P						FRAMESHIFT,P1942Sfs*4			MISSENSE,A1528V				SILENT,T1118=						SILENT,D234=					MISSENSE,N347D																					
TCGA-CV-7238	NONSENSE,R196*	PROTEINDEL,S2792_V2793delinsL				NONSENSE,Q803*																													MISSENSE,P3087S			SILENT,S1316=												
TCGA-CX-7082	NONSENSE,R213*	MISSENSE,N2384S	SILENT,E11741=					MISSENSE,W328S																																MISSENSE,V417L										
C3N-01755	NONSENSE,Q144*	MISSENSE,R2398T					SILENT,A2619=																																MISSENSE,N626K		NONSENSE,Q66*		MISSENSE,R72H							
TCGA-3B-A9HT	NONSENSE,W91*	MISSENSE,E2498V					SILENT,G815=																					SILENT,S1304=																	SILENT,V415=					
TCGA-CN-5360	FRAMESHIFT,P152Rfs*18		NONSENSE,W967*	FRAMESHIFT,G45Vfs*8	MISSENSE,C3114F		MISSENSE,L2010F	MISSENSE,C971R			NONSENSE,S744*					MISSENSE,V59L	MISSENSE,S1867T																	MISSENSE,G3640A																MISSENSE,A1495T
TCGA-CV-A45Z	SPLICE,X187_splice		FRAMESHIFT,A1458Qfs*4	NONSENSE,W110*	MISSENSE,R3127Q		MISSENSE,C3796F			MISSENSE,R1289L	NONSENSE,K601*	SILENT,T2138=		MISSENSE,W77C				MISSENSE,H449N		MISSENSE,V853L	SILENT,V418=		SILENT,T296=		MISSENSE,W1472C	SILENT,T1344=																	MISSENSE,H35P	SILENT,G874=	SILENT,I65=		SILENT,L615=			
C3N-03457	SPLICE,X261_splice		NONSENSE,S2286*	MISSENSE,D84N		MISSENSE,C254Y													NONSENSE,S88*	MISSENSE,R1297K		MISSENSE,L3565M				MISSENSE,E996K																								
TCGA-QK-A8Z7	NONSENSE,E204*		FRAMESHIFT,H10844Pfs*2			MISSENSE,G1894S	SPLICE,X924_splice											MISSENSE,R531T																																
TCGA-P3-A6SX	NONSENSE,Y163*		NONSENSE,Y13024*									MISSENSE,L4684F				SILENT,P361=																							MISSENSE,N280K											
C3N-02700	NONSENSE,Q331*		MISSENSE,S9829F	NONSENSE,W110*	MISSENSE,Y2044F	NONSENSE,Q1527*	MISSENSE,G4577R		MISSENSE,P496L	SILENT,F321=		SILENT,T4606=		MISSENSE,G2474E	MISSENSE,E1026K		MISSENSE,P1653L	MISSENSE,T683N	MISSENSE,G521R	MISSENSE,S630F			SILENT,D301=			MISSENSE,T1930A			SILENT,S1896=		SILENT,L1078=						SPLICE,X2426_splice			MISSENSE,S1113N				SILENT,T1255=	SILENT,R447=		SPLICE,X215_splice			
TCGA-CV-7424	NONSENSE,R306*		MISSENSE,R13220T	NONSENSE,R58*			MISSENSE,H843Y	MISSENSE,Q75E																			MISSENSE,D29H																	NONSENSE,Q1120*						MISSENSE,G570R
TCGA-CV-5432	SPLICE,X307_splice		MISSENSE,T8322N	NONSENSE,R80*		SILENT,A1125=	MISSENSE,P965T																		MISSENSE,S1614F																		MISSENSE,P667S		SPLICE,X30_splice					
TCGA-RS-A6TO	NONSENSE,Q192*		MISSENSE,A9501D	NONSENSE,R80*					MISSENSE,S714L				SPLICE,X137_splice												MISSENSE,I45V							SILENT,D304=				MISSENSE,S4561F														
TCGA-CV-A6JM	FRAMESHIFT,R156Hfs*26		MISSENSE,S11210L	MISSENSE,D84G	MISSENSE,S2260L	MISSENSE,E455K		MISSENSE,R519G	MISSENSE,R5159W				SPLICE,X184_splice							NONSENSE,Q1308*																														
TCGA-CR-7364	FRAMESHIFT,P85Lfs*38		MISSENSE,A14356E		NONSENSE,Y3505*						NONSENSE,E1979*					MISSENSE,R328S										MISSENSE,H488N			SILENT,T1744=																					
TCGA-QK-A6VC	NONSENSE,Q144*		MISSENSE,D8060N		MISSENSE,I2141R							SILENT,H3880=																							MISSENSE,S1722C													MISSENSE,D329H		
C3N-01858	SPLICE,X225_splice		MISSENSE,A11975V			FRAMESHIFT,P1442Rfs*3	MISSENSE,P1811H		FRAMESHIFT,E4650Sfs*16	MISSENSE,R1232L				MISSENSE,D754N	NONSENSE,S384*			MISSENSE,Q281H					MISSENSE,R367H	FRAMESHIFT,E58Sfs*10		MISSENSE,Y1288C		MISSENSE,E865D			SILENT,G606=	MISSENSE,A203T					MISSENSE,A3186T			MISSENSE,V1022A	MISSENSE,R1329H	MISSENSE,A888T		MISSENSE,D61N					SILENT,I2338=	
TCGA-BA-4076	FRAMESHIFT,V73Rfs*76		MISSENSE,I5471V			MISSENSE,G481C	MISSENSE,D653G		FRAMESHIFT,S654Pfs*276						MISSENSE,N2379H				SILENT,E143=												MISSENSE,A156T																			
TCGA-BB-7870	FRAMESHIFT,G199Efs*48		MISSENSE,H6296Q				SPLICE,X2267_splice		MISSENSE,P4766L			MISSENSE,G2317V		SILENT,G1925=	PROTEINDEL,P1453del			MISSENSE,T649S	MISSENSE,T298A	SILENT,V300=	MISSENSE,R479L																	MISSENSE,A2065V		MISSENSE,V1623L			MISSENSE,P320L							
TCGA-CN-A63U	SPLICE,X225_splice		MISSENSE,R12784M				NONSENSE,G221*				NONSENSE,E1501*	MISSENSE,G4834C		NONSENSE,S4344*									MISSENSE,H837N	MISSENSE,V440I		MISSENSE,S214R			MISSENSE,R1559P																MISSENSE,L588F		SILENT,I354=			
TCGA-CR-7374	FRAMESHIFT,G154Afs*16		MISSENSE,N13328T		SILENT,L949=			MISSENSE,R335G								MISSENSE,F953L		NONSENSE,R935*				MISSENSE,E3501Q																	MISSENSE,Y225F									MISSENSE,S571I		
TCGA-CN-6997	NONSENSE,Q136*		MISSENSE,R13865H						MISSENSE,R5214H														MISSENSE,D873N			MISSENSE,S1705L				NONSENSE,K2052*																				
TCGA-CV-A468	NONSENSE,R342*		MISSENSE,V4773I							MISSENSE,G1169E			MISSENSE,P394S		MISSENSE,P1502L	MISSENSE,I311L			MISSENSE,D722N										MISSENSE,G1812R																					
TCGA-CN-6995	FRAMESHIFT,L330Ffs*15		MISSENSE,P8295S							MISSENSE,G810V				MISSENSE,D1512Y						SPLICE,X233_splice																														
TCGA-CX-7086	FRAMESHIFT,E294Sfs*51		MISSENSE,P11362L							MISSENSE,P144L																																								
HCM-CSHL-0320-C02	FRAMESHIFT,G279Afs*62		MISSENSE,T7118I																								MISSENSE,V32E																							MISSENSE,D1141G
C3N-02695	NONSENSE,R213*		MISSENSE,E14048G																											MISSENSE,D2905N									SILENT,L1145=											
TCGA-CV-A45U	NONSENSE,E298*		MISSENSE,E8625K				SILENT,G3418=																														MISSENSE,E1081Q						MISSENSE,C283F					MISSENSE,G138A		
C3N-01756	SPLICE,X125_splice		MISSENSE,G12683R																																												MISSENSE,V62M			
TCGA-BB-4224	FRAMESHIFT,P219Lfs*2		MISSENSE,L2146I																																															
TCGA-CV-7104	NONSENSE,Q38*		MISSENSE,S11056I																																															
TCGA-QK-A8ZB	NONSENSE,E294*			SPLICE,X153_splice	SPLICE,X939_splice		MISSENSE,N171S		FRAMESHIFT,C5062Rfs*10			MISSENSE,H4459Q																		MISSENSE,S2481L																				
C3L-02617	NONSENSE,E56*			SPLICE,X51_splice	MISSENSE,S2487N	SPLICE,X823_splice	MISSENSE,G3423C							MISSENSE,N1752I	MISSENSE,A851V		SPLICE,X4223_splice			MISSENSE,T51I															MISSENSE,P3245S							MISSENSE,H913R								MISSENSE,P380L
C3N-00295	NONSENSE,E349*			FRAMESHIFT,G45Vfs*8	MISSENSE,G28V															MISSENSE,C161S				MISSENSE,V718D										MISSENSE,G1181V		MISSENSE,A1682P		MISSENSE,T1290A						MISSENSE,D277Y						
C3N-01859	SPLICE,X187_splice			SPLICE,X50_splice	MISSENSE,P2872T															MISSENSE,A1326V						SILENT,H1883=															MISSENSE,G727C		MISSENSE,L147I							
TCGA-CV-7255	NONSENSE,R306*			FRAMESHIFT,D156Ifs*37	MISSENSE,M3537V																																													
TCGA-CQ-A4C6	NONSENSE,E294*			NONSENSE,E88*		MISSENSE,E455K		MISSENSE,M1043V																				SILENT,Q1491=																						
TCGA-CV-7101	NONSENSE,E171*			NONSENSE,W110*	SILENT,L1306=	MISSENSE,T1996M													MISSENSE,L63F																MISSENSE,E3938K		MISSENSE,R2533C					MISSENSE,E1699K					MISSENSE,A608S			
C3N-00825	NONSENSE,E336*			NONSENSE,W110*			NONSENSE,C1006*																																											
C3N-01339	NONSENSE,K120*			NONSENSE,E61*			MISSENSE,Q3498R		FRAMESHIFT,E3211Kfs*10		FRAMESHIFT,T846Pfs*7				FRAMESHIFT,M2205Rfs*38	SILENT,L27=			SILENT,R687=																MISSENSE,R2704W				SILENT,H162=											
TCGA-CN-5359	NONSENSE,L201*	SILENT,V2099=		NONSENSE,R80*			MISSENSE,G4130E							MISSENSE,I146T				MISSENSE,L437I																MISSENSE,K3667T																
TCGA-CQ-5331	SPLICE,X307_splice			NONSENSE,W110*				MISSENSE,H1047R					MISSENSE,S99F		MISSENSE,C1204Y																																			
TCGA-CN-6998	NONSENSE,R306*			NONSENSE,R80*				MISSENSE,H1047R									SPLICE,X1514_splice																																	
TCGA-CV-5435	NONSENSE,W91*			FRAMESHIFT,E10Afs*28				MISSENSE,E545K														MISSENSE,G4508S																												
TCGA-CV-5444	NONSENSE,M1?			SPLICE,X153_splice								MISSENSE,I420M					NONSENSE,S3623*	MISSENSE,R427C														MISSENSE,R31S														SPLICE,X466_splice		SILENT,L2044=		
TCGA-BB-A5HY	FRAMESHIFT,D184Afs*62			NONSENSE,Y44*			SILENT,D1420=					MISSENSE,I2147V					SILENT,V4860=									MISSENSE,I1848L				MISSENSE,L1119F				NONSENSE,R3787*			MISSENSE,L3314P		MISSENSE,K1235E											
TCGA-CV-6003	NONSENSE,R342*			NONSENSE,E120*								MISSENSE,P4436L														MISSENSE,E387K				MISSENSE,H246Y																				
TCGA-QK-A6IG	NONSENSE,E285*			NONSENSE,R58*									NONSENSE,R435*		NONSENSE,R397*					MISSENSE,S789R						MISSENSE,E817K				MISSENSE,K1869N				MISSENSE,E1888Q																
TCGA-CQ-5326	SPLICE,X32_splice			NONSENSE,R80*											MISSENSE,C1164Y																										MISSENSE,S1410L									
TCGA-QK-A6IJ	FRAMESHIFT,H178Pfs*70			NONSENSE,E10*																					MISSENSE,C1421F																									
C3N-02730	SPLICE,X225_splice			NONSENSE,R80*																																														
HCM-CSHL-0636-C02	NONSENSE,R213*			NONSENSE,R80*																																														
TCGA-D6-6825	SPLICE,X187_splice			NONSENSE,E120*																																														
TCGA-CN-6021	FRAMESHIFT,R65Qfs*84			MISSENSE,D74V	MISSENSE,T2652K	PROTEINDEL,F357del		MISSENSE,E542K										NONSENSE,Q507*				MISSENSE,Q5080E													MISSENSE,R530K	MISSENSE,T3042A														
TCGA-CN-6019	SPLICE,X332_splice			PROTEINDEL,T18_A21del	MISSENSE,A11G																	MISSENSE,Q2176K					MISSENSE,V32G																							
TCGA-D6-A74Q	NONSENSE,E68*			MISSENSE,D108Y			NONSENSE,E1154*			NONSENSE,E273*	FRAMESHIFT,K754Nfs*14															NONSENSE,E1905*			MISSENSE,L1901I		MISSENSE,P1061L																			
TCGA-IQ-A6SH	NONSENSE,Q192*			MISSENSE,F90L												MISSENSE,T102M																																		
TCGA-P3-A6T3	NONSENSE,R306*			MISSENSE,D74N																		MISSENSE,S2920L	MISSENSE,D279E																											
TCGA-CN-4738	NONSENSE,Q331*			MISSENSE,P114L																											MISSENSE,S50C					NONSENSE,E3204*														
TCGA-BA-5557	NONSENSE,L201*			MISSENSE,H83R																																														
TCGA-CN-A63W	NONSENSE,E298*				NONSENSE,Q969*	MISSENSE,L97V					NONSENSE,W1160*				SPLICE,X1224_splice									MISSENSE,A643S																										
TCGA-F7-8298	FRAMESHIFT,V197Ifs*42				SPLICE,X1869_splice		MISSENSE,G1801V							MISSENSE,R4296L																																				
C3N-03456	NONSENSE,Q52*				MISSENSE,P214H	NONSENSE,E383*			FRAMESHIFT,I5494Sfs*15																																									
TCGA-BA-A8YP	NONSENSE,Q167*				MISSENSE,L552R		MISSENSE,G3852R	MISSENSE,C420R		MISSENSE,P549L																																								
TCGA-CR-7372	FRAMESHIFT,A79Sfs*69				MISSENSE,G1195R		MISSENSE,K4159N																																											
C3N-03433	FRAMESHIFT,T231Pfs*16		SILENT,P9433=		MISSENSE,R675I				NONSENSE,E749*	MISSENSE,L900P				MISSENSE,G3872A												MISSENSE,L557V	FRAMESHIFT,A113Vfs*3																							
TCGA-F7-A61W	FRAMESHIFT,T329Hfs*8				MISSENSE,D1649E				FRAMESHIFT,L238Cfs*23																																									
TCGA-CN-4727	NONSENSE,E298*				MISSENSE,K1295M					MISSENSE,L1174P	NONSENSE,G959*			MISSENSE,Q1387K																MISSENSE,S765N		MISSENSE,T32S							SPLICE,X694_splice		MISSENSE,Q1195K								MISSENSE,C2099F	
TCGA-F7-7848	FRAMESHIFT,P58Qfs*65				MISSENSE,G2651A						FRAMESHIFT,G1095Afs*3							NONSENSE,R885*						MISSENSE,D1195E		MISSENSE,P2182S			MISSENSE,D50E			MISSENSE,M367I																SPLICE,X632_splice		
TCGA-F7-A623	FRAMESHIFT,S90Pfs*34				MISSENSE,V2839F						MISSENSE,E1520K	MISSENSE,Q795H			MISSENSE,Y1467S		MISSENSE,I4868S																				SILENT,I1919=							MISSENSE,R991W						
TCGA-BB-A6UO	SPLICE,X307_splice				MISSENSE,R3551C										MISSENSE,Y1111C						FRAMESHIFT,R133Ifs*30						SILENT,L454=																							
TCGA-UF-A7JA	NONSENSE,E68*				MISSENSE,E77Q														MISSENSE,Q73L				MISSENSE,A677S		NONSENSE,Q1415*									MISSENSE,D1316N								MISSENSE,E136K								
TCGA-CV-A45Y	FRAMESHIFT,H178Pfs*3				MISSENSE,A2433T																									MISSENSE,F537L																				
C3N-01757	SPLICE,X307_splice				MISSENSE,G3223V							SILENT,P4802=																																						MISSENSE,R1387H
C3N-02714	FRAMESHIFT,S313Tfs*35				MISSENSE,R154H																																											SILENT,D1847=		
TCGA-CQ-6228	NONSENSE,K101*				MISSENSE,G2876D																																													
TCGA-CV-6933	NONSENSE,Q192*				MISSENSE,G414W		SILENT,A2455=																			SILENT,P151=																								
TCGA-DQ-7588	FRAMESHIFT,H178Tfs*69				MISSENSE,W576C																																													
TCGA-BA-A6D8	SPLICE,X367_splice					NONSENSE,C138*																			FRAMESHIFT,Q355Tfs*12						SPLICE,X1004_splice	MISSENSE,R348K																		
C3N-01340	FRAMESHIFT,C135Afs*35					NONSENSE,R1107*																																												
TCGA-CR-7377	NONSENSE,R306*					NONSENSE,E1450*																																												
TCGA-CN-6011	NONSENSE,Y205*					MISSENSE,E1305K	MISSENSE,Y756C					MISSENSE,N391K																								NONSENSE,Q1645*														
C3L-00997	NONSENSE,E339*					MISSENSE,G812W	MISSENSE,C893S								MISSENSE,D2368N																				MISSENSE,R1064Q									MISSENSE,K921M						
C3N-03664	FRAMESHIFT,R213Dfs*34					MISSENSE,C1045F				MISSENSE,L1071F	MISSENSE,T1446S																																							
C3N-00828	NONSENSE,E287*					MISSENSE,C149Y					NONSENSE,R604*										MISSENSE,R479G								MISSENSE,D1891Y						MISSENSE,H3761Q															
TCGA-CV-5436	NONSENSE,E56*					MISSENSE,C478Y												MISSENSE,P169L																															MISSENSE,L1291V	
TCGA-CR-7376	SPLICE,X32_splice					MISSENSE,G484V																												NONSENSE,S1812*												NONSENSE,S295*				
C3N-03488	FRAMESHIFT,N345Kfs*2					MISSENSE,K2156R																																			MISSENSE,A1419V									
TCGA-CN-4742	NONSENSE,E294*		SILENT,T7585=			MISSENSE,P422S																																												
TCGA-QK-A6VB	SPLICE,X187_splice						FRAMESHIFT,N2353Kfs*36		FRAMESHIFT,V3089Wfs*30		FRAMESHIFT,A1837Sfs*10		MISSENSE,G268R	SILENT,V2179=						MISSENSE,Q1299R								MISSENSE,G179D																						
TCGA-HD-A6HZ	NONSENSE,R306*						MISSENSE,D4580A								MISSENSE,Q240H								SILENT,S874=			MISSENSE,L1786F	MISSENSE,R456T																							
C3N-01948	NONSENSE,E294*						MISSENSE,T3446M															MISSENSE,L2585V																												
TCGA-CV-6937	FRAMESHIFT,L206Wfs*41						MISSENSE,L2858P																																				MISSENSE,Y21H		MISSENSE,H927L					
TCGA-CV-7432	FRAMESHIFT,S240Gfs*20						MISSENSE,M757L																																				MISSENSE,Y568H		MISSENSE,S294R					
TCGA-UF-A7JF	NONSENSE,G199*							MISSENSE,E545K			NONSENSE,E1853*																																							MISSENSE,P1024R
TCGA-CN-A498	FRAMESHIFT,H297Pfs*48							MISSENSE,H1047R									MISSENSE,N2088S																																	
TCGA-CV-7438	NONSENSE,R213*							MISSENSE,C604R											MISSENSE,I650M																													MISSENSE,T163S		
TCGA-CV-6948	FRAMESHIFT,G302Efs*3							MISSENSE,E545K													MISSENSE,R505G																					NONSENSE,S1567*								
TCGA-DQ-5630	FRAMESHIFT,K320Nfs*19							MISSENSE,G451R																														MISSENSE,Q802P												
TCGA-CQ-6222	NONSENSE,R213*							MISSENSE,H1047R																																										
TCGA-CV-7434	FRAMESHIFT,C135Afs*35								NONSENSE,Q2000*	MISSENSE,V531L															MISSENSE,I1437F					MISSENSE,Q628E																				
C3N-03490	NONSENSE,R196*								FRAMESHIFT,L1199Hfs*7		MISSENSE,P345S							MISSENSE,P416Q																		MISSENSE,T3355S				MISSENSE,R1743Q	MISSENSE,L480V									
TCGA-P3-A6T4	NONSENSE,Y205*								FRAMESHIFT,P2218Lfs*46						MISSENSE,P1452L												MISSENSE,D29H								MISSENSE,Y1581C															
TCGA-CV-7437	FRAMESHIFT,T118Qfs*5								NONSENSE,W2006*									MISSENSE,V428I									MISSENSE,I28T	PROTEINDEL,L812del																						
TCGA-CR-7389	FRAMESHIFT,S37Pfs*7		SILENT,S5759=						FRAMESHIFT,K1466Qfs*25											MISSENSE,E45A												NONSENSE,R533*																		MISSENSE,D801N
TCGA-CN-6022	SPLICE,X261_splice								NONSENSE,E1649*															MISSENSE,A1409V																										
TCGA-CV-6950	FRAMESHIFT,V203Gfs*44								FRAMESHIFT,L1032Pfs*33																									NONSENSE,G1403*														SILENT,V2199=		
TCGA-T3-A92M	SPLICE,X187_splice						SILENT,G1984=		NONSENSE,S1133*			SILENT,T4334=																																					MISSENSE,S910L	
C3N-04273	FRAMESHIFT,I50Lfs*73								MISSENSE,S2590L								PROTEINDEL,F3515_P3517delinsS													FRAMESHIFT,L3447Sfs*30												NONSENSE,E1020*								
TCGA-CR-6484	NONSENSE,R196*								MISSENSE,P1931T																					MISSENSE,D2140H				MISSENSE,E3297Q								MISSENSE,D1566Y								
C3N-03841	SPLICE,X307_splice									MISSENSE,S134R					MISSENSE,N1389K																																			
C3L-00994	SPLICE,X307_splice									MISSENSE,E781D																																						MISSENSE,H1585Y		
TCGA-C9-A47Z	FRAMESHIFT,Y103Lfs*46									MISSENSE,A700V																																								
TCGA-TN-A7HJ	FRAMESHIFT,R290Sfs*56									MISSENSE,P267Q																																								
C3N-04279	SPLICE,X332_splice										NONSENSE,R1031*																																							
TCGA-D6-A6EO	FRAMESHIFT,P191Qfs*51										FRAMESHIFT,T2029Hfs*6																																							
TCGA-H7-A6C5	SPLICE,X125_splice										PROTEINDEL,P1665del			MISSENSE,H1950L								MISSENSE,F2472V																												
TCGA-MZ-A7D7	FRAMESHIFT,P250Hfs*13											MISSENSE,S4846C			MISSENSE,A129S																			NONSENSE,Q2517*																
TCGA-CN-5364	NONSENSE,E298*											MISSENSE,G4244C														MISSENSE,G2148V			MISSENSE,T111N	SILENT,R243=												MISSENSE,I887F								
C3N-03785	FRAMESHIFT,T304Sfs*40		SILENT,S348=									MISSENSE,S4688Y																														FRAMESHIFT,Q1127Hfs*31								
C3N-01947	FRAMESHIFT,V122Dfs*26						SILENT,T3756=						NONSENSE,Y178*		MISSENSE,D73V																																			
C3L-04849	FRAMESHIFT,M133Ifs*37					SILENT,S2492=								MISSENSE,R1658C																																				
C3N-00857	NONSENSE,R213*													MISSENSE,R3385W												SILENT,H1883=																								
TCGA-UF-A7JD	NONSENSE,R213*													MISSENSE,T4012M																																				
TCGA-CR-7383	SPLICE,X331_splice																MISSENSE,V2500M										MISSENSE,R34G														MISSENSE,R979Q									
C3N-03619	FRAMESHIFT,P152Rfs*18																MISSENSE,M2644V																																	
TCGA-CV-7410	FRAMESHIFT,V173Afs*72																		MISSENSE,E767Q			SILENT,V352=																												
TCGA-IQ-A61H	NONSENSE,R196*																			MISSENSE,P1266L							MISSENSE,D29Y														MISSENSE,R448H					MISSENSE,I112V				
C3N-03012	FRAMESHIFT,P152Rfs*22																SILENT,L1206=			MISSENSE,R1329I							PROTEINDEL,R34_E35delinsQ																					SILENT,A2451=		
TCGA-P3-A6T7	FRAMESHIFT,C238Lfs*9																				SPLICE,X168_splice		MISSENSE,L559R																						MISSENSE,G584C					
TCGA-BB-8601	FRAMESHIFT,T329Hfs*8																				FRAMESHIFT,I330Dfs*2														MISSENSE,H2441R														SILENT,P1640=	
TCGA-CV-A6JY	FRAMESHIFT,W146Vfs*3																				FRAMESHIFT,I384Wfs*2																													
TCGA-UF-A71A	SPLICE,X224_splice																						MISSENSE,A293T																								MISSENSE,I179M			
TCGA-DQ-5624	FRAMESHIFT,P223Afs*3																						MISSENSE,R183C																											
TCGA-CQ-A4C7	NONSENSE,K305*																							MISSENSE,G873E																										
TCGA-H7-A6C4	NONSENSE,R196*																											PROTEINALTERING,F636_K640delinsV																						
TCGA-D6-A6EP	FRAMESHIFT,P128Lfs*42																												MISSENSE,G761S																					
TCGA-CV-6954	FRAMESHIFT,K139Pfs*19																																		SPLICE,X3582_splice											NONSENSE,E526*				
TCGA-CN-5358	FRAMESHIFT,R209Kfs*6																																		MISSENSE,V3728L															
TCGA-T2-A6WZ	SPLICE,X224_splice																																			MISSENSE,I1694F														
TCGA-CN-6988	FRAMESHIFT,K139Cfs*6																																				MISSENSE,A335S		NONSENSE,G529*								MISSENSE,D355H	MISSENSE,G234V		
TCGA-CN-4740	SPLICE,X33_splice																								SILENT,L869=												MISSENSE,S3643N													
C3N-04152	SPLICE,X225_splice																																					MISSENSE,R1074Q												
TCGA-CV-A45X	SPLICE,X32_splice																					SILENT,I4605=																		PROTEINDEL,E406_L412del										
TCGA-UF-A7JH	FRAMESHIFT,D281Efs*26																																							MISSENSE,R529L										
TCGA-UF-A718	SPLICE,X225_splice						SILENT,G4245=																																		MISSENSE,G637R									
TCGA-IQ-A61J	SPLICE,X125_splice																																													NONSENSE,E480*				
C3N-01944	NONSENSE,Q165*																							SILENT,R19=							SILENT,R6=																			
C3N-03042	FRAMESHIFT,K164Lfs*18																																																	
C3N-03878	NONSENSE,W146*																																																	
HCM-CSHL-0634-C30	FRAMESHIFT,A129Ffs*36																																																	
TCGA-BB-4227	NONSENSE,R213*																							SILENT,Y1325=																										
TCGA-CN-4726	SPLICE,X125_splice															SILENT,T370=																																		
TCGA-CN-4728	FRAMESHIFT,P58Qfs*65																																																	
TCGA-CQ-6229	NONSENSE,R213*																															SILENT,Y440=																		
TCGA-CQ-A4CH	FRAMESHIFT,L32Cfs*12																																																	
TCGA-CR-6493	FRAMESHIFT,C229Yfs*10																																																	
TCGA-CV-7097	SPLICE,X331_splice																																																	
TCGA-CV-7423	NONSENSE,E339*																																																	
TCGA-CV-A6JN	FRAMESHIFT,L137Pfs*32																																																	
TCGA-CX-A4AQ	NONSENSE,E286*																																																	
TCGA-HD-7831	FRAMESHIFT,S215Kfs*7																																															SILENT,E1931=		
TCGA-IQ-A61O	NONSENSE,R213*																																																	
TCGA-MT-A7BN	FRAMESHIFT,H214Qfs*33																																																	
TCGA-WA-A7H4	FRAMESHIFT,R267Ifs*2																																																	
C3N-00299	MISSENSE,C141R	NONSENSE,Y997*	NONSENSE,L8134*	NONSENSE,R80*	SPLICE,X2517_splice	MISSENSE,H371N	MISSENSE,D478N			SILENT,I743=		MISSENSE,G3256S	MISSENSE,P31L	FRAMESHIFT,I832Ffs*29		SPLICE,X730_splice		MISSENSE,A1204V	MISSENSE,D572N			MISSENSE,P2764L	MISSENSE,S313N	MISSENSE,G495R		MISSENSE,P1154S		SILENT,K1815=	SILENT,L429=				MISSENSE,G12D										SILENT,S676=							SILENT,A591=
C3N-01645	MISSENSE,C242Y	FRAMESHIFT,N2645Efs*5	NONSENSE,Q1174*	SPLICE,X51_splice	MISSENSE,N1092S																															SILENT,I94=														
TCGA-BA-A4IF	MISSENSE,F134V	NONSENSE,R937*	MISSENSE,S11851Y	NONSENSE,E88*		SPLICE,X2060_splice		MISSENSE,E545K			MISSENSE,P1665L						SILENT,E3140=																	MISSENSE,E1344Q																
TCGA-UF-A7J9	MISSENSE,G245C	NONSENSE,R937*	MISSENSE,Q8950K	FRAMESHIFT,L117Rfs*29				MISSENSE,E545K									MISSENSE,H3536Y				NONSENSE,S546*																			MISSENSE,K1419E										
TCGA-CV-A6JE	MISSENSE,R280S	NONSENSE,S3004*	MISSENSE,T644M	FRAMESHIFT,E88Rfs*58			SILENT,A821=							MISSENSE,G2137V											MISSENSE,M112V												MISSENSE,D356H													
TCGA-CV-7414	MISSENSE,E285K	FRAMESHIFT,S2826Kfs*2	MISSENSE,E2245K	NONSENSE,W110*	SILENT,L323=																	SILENT,S3256=																									MISSENSE,A130V			
TCGA-CR-7398	MISSENSE,R337L	FRAMESHIFT,N1330Kfs*38	MISSENSE,V7696M		SPLICE,X3408_splice		MISSENSE,N440K				FRAMESHIFT,M1531Nfs*4					MISSENSE,T838S		MISSENSE,I929V		MISSENSE,R773S	MISSENSE,R505L			SILENT,S1211=					MISSENSE,L1014M			SILENT,R324=										SILENT,K1308=	MISSENSE,R223S					NONSENSE,Y1821*		
C3N-02275	MISSENSE,E285K	FRAMESHIFT,D2222Efs*19	MISSENSE,S3708L		MISSENSE,E296Q		MISSENSE,R861L	MISSENSE,F83S			MISSENSE,S502N				MISSENSE,E1937Q				SILENT,R687=									MISSENSE,E495K		NONSENSE,E2781*																				
TCGA-CV-7435	MISSENSE,Y220C	FRAMESHIFT,S377Kfs*2	MISSENSE,L4497F						MISSENSE,R371G																																	MISSENSE,D842V	MISSENSE,R37C							
TCGA-CV-A6K2	MISSENSE,M246I	NONSENSE,S3404*	MISSENSE,H8051Y									MISSENSE,F1944L	NONSENSE,Q462*		NONSENSE,S2400*		MISSENSE,R1917K					SILENT,L923=	MISSENSE,A158E												MISSENSE,G2024V								MISSENSE,S797C			MISSENSE,E519K				
C3N-04277	MISSENSE,S127Y	FRAMESHIFT,T1428Sfs*23	MISSENSE,H7650N																																		MISSENSE,S2982Y													
TCGA-CV-A6JZ	MISSENSE,C176F	NONSENSE,S1669*	MISSENSE,A8135S																																												MISSENSE,I535N			
C3N-03008	MISSENSE,L257V	NONSENSE,R2597*		SPLICE,X51_splice	MISSENSE,S1030Y		MISSENSE,K637T																																											
TCGA-F7-A50I	MISSENSE,C275Y	FRAMESHIFT,T1364Yfs*8	SILENT,V10133=	SPLICE,X51_splice		MISSENSE,L2047F																																												
TCGA-CV-7413	MISSENSE,G105C	NONSENSE,Q1477*		NONSENSE,W110*			MISSENSE,P558T					SILENT,V3230=	MISSENSE,L62P																																					
TCGA-F7-A61S	MISSENSE,R248Q	NONSENSE,E2929*		NONSENSE,R80*				MISSENSE,H1047R	FRAMESHIFT,G4255Lfs*75										SILENT,Y730=																															
TCGA-UF-A7JO	MISSENSE,R213L	FRAMESHIFT,S2826Kfs*2	SILENT,I13889=	NONSENSE,R80*				MISSENSE,C905S					FRAMESHIFT,K51Efs*19			SILENT,S312=					MISSENSE,R505G																													
TCGA-QK-A64Z	MISSENSE,R273C	NONSENSE,R3400*	SILENT,L7074=	SPLICE,X153_splice									NONSENSE,S115*									MISSENSE,A3637T												MISSENSE,I240F																
TCGA-CV-6943	MISSENSE,R248W	NONSENSE,Q2775*		NONSENSE,R80*									PROTEINDEL,Y178del		MISSENSE,G142V																																	MISSENSE,D233N		
C3N-00846	MISSENSE,E285D	FRAMESHIFT,L777Ffs*5		SPLICE,X51_splice	SILENT,F1807=								MISSENSE,N241S																			SILENT,A497=																		
TCGA-DQ-5629	MISSENSE,V157F	FRAMESHIFT,V1689Gfs*14	SILENT,A11988=	SPLICE,X153_splice														MISSENSE,G120A		MISSENSE,N555K											MISSENSE,H591Q								MISSENSE,R687I									MISSENSE,A59V	SILENT,R137=	
TCGA-CN-6012	MISSENSE,Y126S	NONSENSE,S2838*		NONSENSE,E88*															SILENT,R128=																														NONSENSE,R2315*	
C3N-04276	MISSENSE,P278L	FRAMESHIFT,H694Tfs*24		MISSENSE,A133T	MISSENSE,S1683Y		SILENT,G3360=					MISSENSE,A257V				MISSENSE,L220M									MISSENSE,Q1491K				SILENT,P421=																					
TCGA-CN-5356	MISSENSE,R273H	FRAMESHIFT,K1225Qfs*13			MISSENSE,Y1996C		MISSENSE,E3918D		FRAMESHIFT,Q1035Pfs*33		NONSENSE,K1433*	MISSENSE,G195V		MISSENSE,L428M						NONSENSE,G138*			MISSENSE,G65R	MISSENSE,E743Q								MISSENSE,P183L		MISSENSE,E823K		MISSENSE,V4216F					MISSENSE,Y1220C			MISSENSE,A462T						
TCGA-CV-6936	MISSENSE,V173L	FRAMESHIFT,D866Tfs*8			MISSENSE,D2050Y		MISSENSE,L2858V									MISSENSE,P7S																														SILENT,V341=				
TCGA-D6-A4ZB	MISSENSE,L194R	NONSENSE,E38*			MISSENSE,E1176D					SILENT,D555=						MISSENSE,A67T				MISSENSE,R1124C									SILENT,Y1191=		SILENT,V376=																			
TCGA-CQ-7064	MISSENSE,Y163C	NONSENSE,E1602*			MISSENSE,T1205S												NONSENSE,R56*									SILENT,P151=																						MISSENSE,L299V		
C3N-02333	MISSENSE,R267W	FRAMESHIFT,T556Qfs*7			SILENT,P492=	FRAMESHIFT,T940Hfs*4	MISSENSE,S933F																													MISSENSE,I3296V		SILENT,K1021=												
TCGA-CV-5966	MISSENSE,P151T	NONSENSE,Y3610*				FRAMESHIFT,G635Qfs*138							NONSENSE,Q97*													MISSENSE,I903S																								
TCGA-CR-7390	MISSENSE,S106R	NONSENSE,E4274*				NONSENSE,Q1080*																																												
TCGA-CV-A463	MISSENSE,R280K	NONSENSE,S3373*				MISSENSE,C933F							NONSENSE,Q339*	MISSENSE,N3127K		SILENT,S309=												MISSENSE,E457K		MISSENSE,P1945L														MISSENSE,E317Q						
TCGA-CV-7099	MISSENSE,E285K	NONSENSE,Q3524*				MISSENSE,K1317N							NONSENSE,Q465*							MISSENSE,E87K							MISSENSE,E79K									SILENT,E1329=													MISSENSE,Q2441E	
TCGA-CN-6016	MISSENSE,G245S	FRAMESHIFT,I1343Yfs*2				MISSENSE,V1222M																						MISSENSE,E465Q																						
TCGA-CV-7089	MISSENSE,Y163C	NONSENSE,E1994*				MISSENSE,S385F																																												
TCGA-CN-6024	MISSENSE,L265R	FRAMESHIFT,F3230Sfs*39	SILENT,T9736=				MISSENSE,A2729V	MISSENSE,H1047R										MISSENSE,S78N																					MISSENSE,N1062H											
TCGA-D6-6517	MISSENSE,R175H	FRAMESHIFT,S396Ffs*8						MISSENSE,E542K																															MISSENSE,E806D											
C3N-03013	MISSENSE,P278A	NONSENSE,Y186*						MISSENSE,H1047L																																										
TCGA-P3-A6T0	MISSENSE,I251N	NONSENSE,Q1694*						MISSENSE,H1047R																																										
TCGA-BA-A6DI	MISSENSE,C176Y	NONSENSE,R1795*							NONSENSE,E1490*					MISSENSE,D1878H																																		MISSENSE,P526S		
TCGA-UF-A7JT	MISSENSE,R273C	FRAMESHIFT,F2283Cfs*11							FRAMESHIFT,S4789Cfs*27																					MISSENSE,Q2492H												MISSENSE,L1927F								
TCGA-CN-5366	MISSENSE,V173M	FRAMESHIFT,N2075Mfs*32																			MISSENSE,R543G																													
TCGA-DQ-7592	MISSENSE,Y236D	FRAMESHIFT,T3332Nfs*15																							MISSENSE,E1243D																									
TCGA-CN-6018	MISSENSE,R248W	NONSENSE,E160*										SILENT,L641=																																						
TCGA-CQ-6223	MISSENSE,A159V	NONSENSE,Q1114*																																																
TCGA-CR-7379	MISSENSE,Q136H	MISSENSE,P925R	NONSENSE,Q2103*	SPLICE,X153_splice		MISSENSE,N1875K			MISSENSE,L213P			SILENT,N1368=	MISSENSE,L7V								FRAMESHIFT,I257Nfs*11																		SILENT,T422=											
C3N-00204	MISSENSE,R248Q	MISSENSE,R1570L	SPLICE,X13693_splice		MISSENSE,Q1570H	NONSENSE,E1382*		NONSENSE,*1069Rext*4	MISSENSE,R1835L	MISSENSE,R256C				MISSENSE,T493I					MISSENSE,K240E								MISSENSE,R34G											MISSENSE,L2253P					MISSENSE,R439L							
C3N-03837	MISSENSE,Y163N	MISSENSE,S4557F	MISSENSE,S8413F	NONSENSE,R80*			MISSENSE,D2048N						MISSENSE,I10F	MISSENSE,S1790N	MISSENSE,P513S	MISSENSE,M873I									MISSENSE,M2185I								MISSENSE,G12S						SILENT,F154=											SILENT,I709=
C3N-02716	MISSENSE,R110C	MISSENSE,L1236F	MISSENSE,S235F		MISSENSE,G1594E	MISSENSE,P391S	SILENT,G2406=					MISSENSE,G1998S	FRAMESHIFT,Q361Rfs*21	MISSENSE,E4370K		SILENT,I8=						MISSENSE,Q2479K							MISSENSE,Q1894P	SILENT,P1214=	SILENT,Q439=	MISSENSE,R67S	MISSENSE,G12D					MISSENSE,P1133L			SILENT,V1404=		NONSENSE,E657*	SILENT,V743=	SILENT,L563=					
TCGA-CV-A45R	MISSENSE,P278S	MISSENSE,E4283K		FRAMESHIFT,L78Hfs*41		MISSENSE,G152V		MISSENSE,Q546R													MISSENSE,Y545C											MISSENSE,T75M						SILENT,G623=												
TCGA-CV-A6JD	MISSENSE,T125M	MISSENSE,P147L		NONSENSE,R80*	SILENT,L2359=								MISSENSE,T469I		MISSENSE,L1584P																		MISSENSE,G13R		MISSENSE,P2249S															
TCGA-CV-5976	MISSENSE,R110L	MISSENSE,G4147D		MISSENSE,D84N			MISSENSE,R295Q													MISSENSE,M1050L																														
C3N-03783	MISSENSE,Y205D	MISSENSE,A487D		PROTEINDEL,L37_A40del								SILENT,G4312=																MISSENSE,E1722K																						
C3L-04791	MISSENSE,C242F	MISSENSE,E3537K				MISSENSE,S2280C			FRAMESHIFT,C1383Lfs*34				NONSENSE,E417*						NONSENSE,E767*				MISSENSE,W210C							MISSENSE,S1222C							SILENT,L327=	MISSENSE,I1701M				MISSENSE,R2780T								
HCM-CSHL-0698-C06	MISSENSE,R196P	MISSENSE,Q2973H						MISSENSE,S405Y									MISSENSE,E718Q	MISSENSE,E804K						SILENT,V1296=			MISSENSE,E79Q																		SILENT,L389=					MISSENSE,E158K
TCGA-CV-7242	MISSENSE,V173M	MISSENSE,M530L									MISSENSE,A2009T						NONSENSE,W4352*	MISSENSE,V888L													NONSENSE,Q439*			NONSENSE,L3210*															MISSENSE,Q978R	
TCGA-WA-A7GZ	MISSENSE,H193P	PROTEINDEL,R3858_S3863del										SILENT,A459=		MISSENSE,S1805R									MISSENSE,G319S																		MISSENSE,R539C									
C3N-00871	MISSENSE,K164E	MISSENSE,L3582P					SILENT,S449=									MISSENSE,R148T																																		
TCGA-D6-A4Z9	MISSENSE,Y163C	MISSENSE,Y2427C																																																
TCGA-C9-A480	MISSENSE,G245D		NONSENSE,E14103*	NONSENSE,R58*																																														
TCGA-CN-A497	MISSENSE,R283P		FRAMESHIFT,I9662Sfs*22		SPLICE,X1522_splice		SILENT,R636=			SILENT,A978=	NONSENSE,E1391*								MISSENSE,G520C															NONSENSE,K1182*																
TCGA-CN-4723	MISSENSE,C242F		NONSENSE,S8167*		MISSENSE,E171K	MISSENSE,D142H		MISSENSE,E545K		MISSENSE,D306H		MISSENSE,E4605Q										MISSENSE,E4152K	MISSENSE,D451H				MISSENSE,R34P	SILENT,F534=										MISSENSE,P1583S	SILENT,K592=			MISSENSE,G2073S						MISSENSE,E872Q		
TCGA-CQ-7065	MISSENSE,H179P		NONSENSE,S2241*				MISSENSE,R559C																																											
C3N-03928	MISSENSE,R273H		NONSENSE,S5881*																																															
TCGA-CV-7245	MISSENSE,R282W		MISSENSE,S8293Y	FRAMESHIFT,R22Gfs*4	MISSENSE,G276E		MISSENSE,S179T				NONSENSE,E1534*							MISSENSE,A685E					MISSENSE,L91F	MISSENSE,A1039E		MISSENSE,R1212S								SILENT,L741=																
TCGA-CV-7243	PROTEINDEL,T155_A161del		MISSENSE,S988Y	NONSENSE,R58*		FRAMESHIFT,C1352Lfs*48																																												
TCGA-CN-4736	MISSENSE,H179Y		MISSENSE,S10342F	NONSENSE,E120*		MISSENSE,C478S													MISSENSE,I288F						MISSENSE,E1023K																									
C3N-04611	MISSENSE,Y220C		MISSENSE,E7435K	FRAMESHIFT,V82Cfs*64					FRAMESHIFT,H1319Mfs*11		NONSENSE,S617*										MISSENSE,R505S																													
TCGA-BA-5558	MISSENSE,R175H		MISSENSE,S10245F	NONSENSE,R80*	SILENT,L1253=				NONSENSE,R2410*																											FRAMESHIFT,V926Gfs*3														
TCGA-CV-A45P	MISSENSE,R283H		MISSENSE,S5509C	NONSENSE,R80*									NONSENSE,R413*																				MISSENSE,G13V													MISSENSE,E519K				
TCGA-BA-A6DD	MISSENSE,R273H		MISSENSE,S128Y	SPLICE,X153_splice																				MISSENSE,E235K																										
TCGA-CV-7568	MISSENSE,P278S		MISSENSE,S8258F	MISSENSE,E88K	NONSENSE,Q812*	NONSENSE,Q513*	MISSENSE,R4442K	MISSENSE,Y606C	MISSENSE,S2765F	MISSENSE,Y1096H	MISSENSE,P434S	MISSENSE,P2788L		NONSENSE,W77*		NONSENSE,E413*			SPLICE,X216_splice	SILENT,N339=					MISSENSE,L1670F	MISSENSE,P221S				MISSENSE,P2428S	SILENT,F827=	SILENT,Q205=	NONSENSE,E76*			MISSENSE,L4659F		MISSENSE,P1484L			MISSENSE,S1422F	MISSENSE,T1380P	MISSENSE,P670L	MISSENSE,M370I	SILENT,S319=		SILENT,V282=			MISSENSE,P922L
TCGA-CQ-5330	MISSENSE,G266R		MISSENSE,P12980H	PROTEINDEL,A100_L104del																																														
TCGA-CR-7399	MISSENSE,P278S		MISSENSE,G10816S		FRAMESHIFT,G165Dfs*41		MISSENSE,G2452R	MISSENSE,E545K								MISSENSE,L213V			MISSENSE,I329L															MISSENSE,K2003R																
TCGA-CV-5978	MISSENSE,V172F		MISSENSE,V8158F		NONSENSE,C1267*		MISSENSE,D3341Y			MISSENSE,E625V								MISSENSE,A71T									PROTEINDEL,V32_D38del																							FRAMESHIFT,A173Cfs*22
TCGA-BA-6869	MISSENSE,C238F		MISSENSE,E5813D		NONSENSE,S3311*		MISSENSE,M4041I			SILENT,L179=	NONSENSE,S707*			MISSENSE,S717L						MISSENSE,E278K																											NONSENSE,E317*			
C3N-01946	MISSENSE,C176F		MISSENSE,L9585R		MISSENSE,N2894T	FRAMESHIFT,G1434Vfs*11	MISSENSE,C3300G		FRAMESHIFT,G1235Vfs*95	MISSENSE,E889K							MISSENSE,V1776A				FRAMESHIFT,S668Vfs*39			MISSENSE,L608F						FRAMESHIFT,P2495Lfs*4	MISSENSE,G344V									FRAMESHIFT,P1449Lfs*9	SILENT,S1176=	NONSENSE,W2612*		SILENT,N504=						
C3L-02651	MISSENSE,M237I	SILENT,P3493=	MISSENSE,P11092H		MISSENSE,F3367Y	NONSENSE,E437*	SILENT,R2777=		MISSENSE,D3048Y							MISSENSE,M482I							MISSENSE,Y569F								MISSENSE,H642D		MISSENSE,G12V									MISSENSE,A1670P								
TCGA-QK-A8Z8	MISSENSE,R158L		MISSENSE,G13872V		MISSENSE,P3355T	FRAMESHIFT,C1169Afs*10				SILENT,L1204=	FRAMESHIFT,I1873Kfs*18	SILENT,T723=				MISSENSE,A573G		NONSENSE,C910*																					MISSENSE,T422I				NONSENSE,E201*				MISSENSE,P435T			
TCGA-CN-6992	MISSENSE,R249M		MISSENSE,W11350R		MISSENSE,S253Y		SPLICE,X3432_splice			MISSENSE,R1289H											MISSENSE,V525E																													
TCGA-CN-4739	MISSENSE,R337C		MISSENSE,R8155M		MISSENSE,S2008I		MISSENSE,C3729S	MISSENSE,G363A			MISSENSE,C1710S								SILENT,T708=																										MISSENSE,S938G					
TCGA-CV-6935	MISSENSE,C242S		MISSENSE,M13496I		MISSENSE,M729I			PROTEINDEL,E110del		MISSENSE,C518F														MISSENSE,Q59K		MISSENSE,C1122F	MISSENSE,W24C									MISSENSE,E3158K	MISSENSE,N3028S					MISSENSE,R283Q		MISSENSE,G1049W						
TCGA-CV-7248	MISSENSE,C242F		MISSENSE,T12993S		MISSENSE,P2053T				NONSENSE,K4653*										MISSENSE,K334N				NONSENSE,E567*											MISSENSE,V1655L								FRAMESHIFT,D1519Mfs*4	MISSENSE,R73L		SILENT,P775=					
TCGA-CR-7402	MISSENSE,R267P		MISSENSE,V12699L		MISSENSE,Y3545C				MISSENSE,A262T		FRAMESHIFT,M1525Cfs*49		SPLICE,X138_splice	MISSENSE,V1812L		MISSENSE,R327L			MISSENSE,D152Y	SILENT,V1289=			MISSENSE,P329T	MISSENSE,G624A					MISSENSE,V1270L						NONSENSE,S1058*			MISSENSE,P849S	FRAMESHIFT,G127Efs*10		NONSENSE,E1310*				MISSENSE,C373F	MISSENSE,T96A	MISSENSE,D355N			
TCGA-CR-7388	MISSENSE,R273C		MISSENSE,T6395S		MISSENSE,D3586N					MISSENSE,F159L		MISSENSE,Q1622E		NONSENSE,E1522*				MISSENSE,A412P											MISSENSE,L503I			SILENT,V181=				MISSENSE,S4299F		FRAMESHIFT,G922Afs*2		MISSENSE,W1194R						MISSENSE,M123I				MISSENSE,I674M
C3N-03458	MISSENSE,L194R		MISSENSE,Q5478E			SPLICE,X736_splice					SILENT,G2383=								MISSENSE,T708M																			MISSENSE,E2054Q												
TCGA-HD-8635	MISSENSE,H179R		MISSENSE,R14479H			MISSENSE,G1401E			MISSENSE,R5432Q																					NONSENSE,Q915*								MISSENSE,R1262C												
C3N-00519	MISSENSE,G245V		MISSENSE,E2831Q				NONSENSE,Q1507*						MISSENSE,D455H																										MISSENSE,R220K										MISSENSE,D1897G	
TCGA-F7-A624	MISSENSE,N239D	SILENT,N1662=	MISSENSE,I12954N			SILENT,G1917=	MISSENSE,S1265Y	SILENT,L779=	FRAMESHIFT,L1461Tfs*30	MISSENSE,S684P		MISSENSE,L3717P	FRAMESHIFT,K461Nfs*10	MISSENSE,T209M		SILENT,G313=	NONSENSE,R4139*		MISSENSE,A131T	SILENT,T856=			MISSENSE,R409H		FRAMESHIFT,L1346Ffs*8				NONSENSE,Q1802*	MISSENSE,Y483C				MISSENSE,D58E	FRAMESHIFT,V1972Yfs*9	MISSENSE,N795H	SILENT,T2699=		PROTEININS,S301_S302insR		MISSENSE,H884R	MISSENSE,M1211V	MISSENSE,S313P		SILENT,S539=			MISSENSE,R162Q		MISSENSE,N619S
TCGA-CN-5365	MISSENSE,H193L		MISSENSE,A8985V			SILENT,A271=		MISSENSE,E545K				MISSENSE,G2509C																															MISSENSE,K946M							
C3N-01338	MISSENSE,R282W		MISSENSE,T10849S						NONSENSE,S1223*			MISSENSE,E369K				MISSENSE,K50N				MISSENSE,Q1093H																										NONSENSE,Q29*				
TCGA-QK-A8Z9	MISSENSE,R249S		MISSENSE,T11697A							MISSENSE,E280K												MISSENSE,R3240W																											FRAMESHIFT,R2045Hfs*25	
TCGA-BA-5555	MISSENSE,Y236C		MISSENSE,R12774H								NONSENSE,R788*																							MISSENSE,D3631H																
TCGA-BA-5151	MISSENSE,V143M		MISSENSE,S980L										FRAMESHIFT,I314Lfs*20			MISSENSE,A234V																									MISSENSE,P913L									
TCGA-MT-A51W	MISSENSE,N239D		MISSENSE,N871S																											MISSENSE,Q918H									NONSENSE,Q797*											
TCGA-CV-7415	MISSENSE,M133K		MISSENSE,E10904K																																															
TCGA-BA-6873	MISSENSE,H193L			NONSENSE,R80*	MISSENSE,T3626K	FRAMESHIFT,C381Vfs*250							NONSENSE,R68*																																					
TCGA-BA-A6DA	MISSENSE,V272M			FRAMESHIFT,R99Gfs*47	MISSENSE,T3702M	MISSENSE,H1847Y	NONSENSE,G4507*		FRAMESHIFT,K2548Tfs*103			MISSENSE,P3525L			MISSENSE,R1410S																											NONSENSE,G2545*								
TCGA-CN-6013	MISSENSE,R282W			NONSENSE,E88*	MISSENSE,L2512R			MISSENSE,E542K									NONSENSE,W1322*		MISSENSE,L723I									MISSENSE,G696S							NONSENSE,R1633*		MISSENSE,M3432I													
TCGA-CV-7254	MISSENSE,E258A			NONSENSE,W110*	MISSENSE,S3015Y				MISSENSE,G5189R					MISSENSE,F1043L				MISSENSE,G181A				MISSENSE,M2459I																			MISSENSE,R1125S									
TCGA-BA-6872	MISSENSE,R175H			NONSENSE,Y129*	MISSENSE,G3446S																																													
C3N-03226	MISSENSE,Y163C			NONSENSE,E88*		FRAMESHIFT,I807Rfs*71		MISSENSE,C420R																																										
TCGA-QK-A652	MISSENSE,G245S			NONSENSE,E69*		NONSENSE,Y662*										MISSENSE,R422H																																		
TCGA-CV-5973	MISSENSE,R282W			FRAMESHIFT,R24*		NONSENSE,R1984*																																											NONSENSE,Q1361*	
C3L-00999	MISSENSE,V218E			NONSENSE,R80*		NONSENSE,Q1076*																																												
TCGA-CV-6962	MISSENSE,H193R			NONSENSE,W110*		MISSENSE,C429Y	MISSENSE,M2314K																		MISSENSE,Y1450C																	FRAMESHIFT,T1556Nfs*3								
TCGA-CR-7380	MISSENSE,R282W		SILENT,T11179=	NONSENSE,R80*		MISSENSE,C893S																																												
TCGA-CV-6941	PROTEINDEL,P177_C182del			NONSENSE,R58*			MISSENSE,N2507I				NONSENSE,R1473*																																							
TCGA-CN-5373	MISSENSE,G245V			NONSENSE,R80*			SILENT,E71=	MISSENSE,H1047R																																										
TCGA-CN-6996	MISSENSE,C238F			SPLICE,X51_splice					MISSENSE,E2259D																																									
TCGA-CV-5977	MISSENSE,E286K			NONSENSE,R58*								MISSENSE,R1136S												SILENT,I124=																										
TCGA-CV-6953	MISSENSE,R248W			NONSENSE,R80*									NONSENSE,R435*															SILENT,L1411=																	MISSENSE,S532T					
C3N-03933	MISSENSE,R248W			NONSENSE,R80*									MISSENSE,L105F																																					
TCGA-CV-7090	MISSENSE,R273H			NONSENSE,R80*										MISSENSE,V1029L																								SILENT,G1143=		SILENT,S603=										
TCGA-CQ-6224	MISSENSE,R248Q			NONSENSE,R58*													MISSENSE,C470Y																																	
TCGA-CR-6491	MISSENSE,H179R			SPLICE,X153_splice													MISSENSE,D2755H																																	
TCGA-CV-6951	MISSENSE,T211I			FRAMESHIFT,A147Pfs*46																					MISSENSE,Q2230L		MISSENSE,D29H	MISSENSE,E457K																						
TCGA-P3-A5QA	MISSENSE,H193Y			FRAMESHIFT,Y44Lfs*76																																MISSENSE,A4137V														
TCGA-BA-5152	MISSENSE,G245S			SPLICE,X153_splice								SILENT,S1456=																																NONSENSE,Q710*						
C3N-03888	PROTEINDEL,E286_E294del			NONSENSE,R80*																																													NONSENSE,W74*	
TCGA-BA-A6DG	MISSENSE,R280G			NONSENSE,R58*																																														
TCGA-D6-A6EM	MISSENSE,H179R			FRAMESHIFT,V51Sfs*2																																														
TCGA-HD-8224	MISSENSE,R337C			FRAMESHIFT,W15Pfs*22																																														
TCGA-CQ-6220	MISSENSE,R280G			MISSENSE,N42H	MISSENSE,Q3386H					MISSENSE,S645N			MISSENSE,R71T	MISSENSE,L203F																																				
TCGA-CV-A465	MISSENSE,R110L			MISSENSE,R112H		FRAMESHIFT,C1311Afs*134											SILENT,V1214=																																	
TCGA-CV-5440	MISSENSE,C176Y			MISSENSE,H83Y					FRAMESHIFT,S2512Ifs*26																																									
TCGA-CN-A6V3	MISSENSE,G105V		SILENT,V2479=	MISSENSE,D108Y						SILENT,G1379=	MISSENSE,W1769C														MISSENSE,R1446C										SILENT,K201=								MISSENSE,R451L							
TCGA-CV-7180	MISSENSE,R248W			MISSENSE,P48L																																														
TCGA-HD-7753	PROTEININS,V274du				FRAMESHIFT,Q1369Hfs*15		MISSENSE,E4584D												MISSENSE,L428H	MISSENSE,P204T											MISSENSE,M337R													MISSENSE,F155L						
TCGA-BB-A5HU	MISSENSE,C176Y				NONSENSE,S855*					MISSENSE,E289K		SILENT,I4585=												MISSENSE,R1022C																										
TCGA-CN-A63T	MISSENSE,V157F				NONSENSE,Q1847*						SPLICE,X2155_splice					MISSENSE,S793R		FRAMESHIFT,R543Kfs*27											MISSENSE,G77V			MISSENSE,H412N																		
TCGA-D6-8569	MISSENSE,C277G				NONSENSE,R1470*						MISSENSE,V366L																						MISSENSE,G13V						MISSENSE,E1100V											
TCGA-CQ-5333	MISSENSE,C176F				MISSENSE,D1508N	MISSENSE,C456Y							NONSENSE,Q465*			MISSENSE,N709S									NONSENSE,E1016*								MISSENSE,G13V		PROTEINDEL,S1952_F1956del															
C3L-01138	MISSENSE,R175H				MISSENSE,Q2345H	MISSENSE,C1101G																															SILENT,L2219=													
TCGA-CN-4735	MISSENSE,M237I				MISSENSE,S3311P		NONSENSE,S4216*		NONSENSE,C780*										MISSENSE,S413C																								MISSENSE,L702F							
TCGA-BA-4074	MISSENSE,E258D				MISSENSE,R808Q		SPLICE,X4075_splice		MISSENSE,H5114Y										MISSENSE,T495N						MISSENSE,L1556V							MISSENSE,A532S																		
TCGA-CV-7253	MISSENSE,E271V				MISSENSE,T1096S		MISSENSE,C3769G				FRAMESHIFT,S1086Rfs*6																														MISSENSE,S140Y						SPLICE,X76_splice			SILENT,I965=
TCGA-CV-6945	MISSENSE,H193L				MISSENSE,T68S			MISSENSE,E970K		MISSENSE,E1131K						MISSENSE,G804V																											SILENT,E237=							
C3N-03009	MISSENSE,P151H				MISSENSE,K3511E			MISSENSE,N1044S				NONSENSE,Q4778*																						MISSENSE,A1638S																
TCGA-CN-A641	MISSENSE,D281Y				MISSENSE,H2861Q					MISSENSE,N84H	FRAMESHIFT,R1948Pfs*16			MISSENSE,G1413R				SILENT,S994=	MISSENSE,A669V																									MISSENSE,N943T						
TCGA-UF-A719	MISSENSE,I195F				MISSENSE,V1773D						MISSENSE,S1528Y											MISSENSE,R2089W		MISSENSE,A1395V																				MISSENSE,H652R						
TCGA-CV-7446	MISSENSE,Y163C	SILENT,L4201=			MISSENSE,N3457D							MISSENSE,H254Y							NONSENSE,Q760*																															
TCGA-D6-6823	MISSENSE,L137Q				MISSENSE,Q588K									MISSENSE,M68I		MISSENSE,M558T																																		
C3L-03378	MISSENSE,P278S		SILENT,E8177=		MISSENSE,S2713P					SILENT,D399=						SPLICE,X766_splice																								SILENT,G669=										
TCGA-CV-7235	MISSENSE,Y234C				MISSENSE,G1278R																					MISSENSE,L1947V																								
C3L-00977	MISSENSE,P278H				MISSENSE,W884C																						FRAMESHIFT,V268Gfs*16				MISSENSE,V145A		MISSENSE,G13R																	
TCGA-CV-7418	MISSENSE,R249S				MISSENSE,R428T																							SILENT,S728=														FRAMESHIFT,G797Vfs*23		MISSENSE,C410F						
TCGA-D6-A6EQ	MISSENSE,R337C				MISSENSE,D1025G																																													
TCGA-P3-A6T8	MISSENSE,Y220C					FRAMESHIFT,S647Pfs*123	MISSENSE,I1273V				FRAMESHIFT,G2666Efs*95																										MISSENSE,M3031V													
TCGA-BA-A6DE	MISSENSE,V173M					FRAMESHIFT,D1942Rfs*51					NONSENSE,E1575*																																							
TCGA-CR-7365	MISSENSE,V216M					FRAMESHIFT,K542Sfs*89																													MISSENSE,V157I															
C3N-01758	MISSENSE,S241F					FRAMESHIFT,Y1412Tfs*33																																								FRAMESHIFT,Q166Kfs*2				
TCGA-BA-6868	MISSENSE,L194P					MISSENSE,C387Y	FRAMESHIFT,L3680Ffs*76			MISSENSE,E1105Q											MISSENSE,A502V											MISSENSE,R473Q																	MISSENSE,E1983V	
TCGA-CN-6994	MISSENSE,R175H					MISSENSE,P67T	MISSENSE,S1837F	MISSENSE,E545K														MISSENSE,E3844K																												
HCM-CSHL-0586-C32	MISSENSE,D281H					MISSENSE,L2001V		MISSENSE,C420R				MISSENSE,S3456C																																						FRAMESHIFT,V1366Gfs*172
TCGA-QK-AA3K	MISSENSE,R110L		SILENT,I3452=			MISSENSE,A465T		MISSENSE,H1047R																					FRAMESHIFT,N738Ifs*7					MISSENSE,M2955L																
TCGA-CQ-6219	MISSENSE,R213P					MISSENSE,R353H		MISSENSE,E545K																																									MISSENSE,F1840Y	
TCGA-CQ-5329	MISSENSE,R273H					MISSENSE,A2023T														MISSENSE,N677K																														
TCGA-QK-A8ZA	MISSENSE,H193L					MISSENSE,P422T																													SILENT,I3285=				MISSENSE,P1137A											
C3N-01754	MISSENSE,R282W					MISSENSE,G1975S																																												
TCGA-CV-7236	MISSENSE,V143M					MISSENSE,A465T																																												
HCM-CSHL-0852-C76	MISSENSE,M160I						NONSENSE,R3727*									MISSENSE,T41I				SPLICE,X575_splice									MISSENSE,H783N						MISSENSE,D145Y					SILENT,S1339=										
TCGA-BA-6870	MISSENSE,C242Y						MISSENSE,K2222R		NONSENSE,Q2337*																						MISSENSE,K441N	MISSENSE,L197V																		
TCGA-HD-7229	MISSENSE,H179Y						MISSENSE,K1779T			MISSENSE,F1044Y							MISSENSE,H636Q																	MISSENSE,K513M																
C3N-03782	MISSENSE,H179N						MISSENSE,I321V				NONSENSE,R1788*																																							
C3N-04275	MISSENSE,G245D						MISSENSE,S3717C				MISSENSE,C1643G					SILENT,V134=						MISSENSE,R2613C																												
TCGA-P3-A6T2	MISSENSE,D259N						MISSENSE,H1379Q						NONSENSE,R435*										MISSENSE,L96F					MISSENSE,R1247P				MISSENSE,V419I	MISSENSE,G12C																	
TCGA-P3-A6T5	MISSENSE,R196P						MISSENSE,G3367A							MISSENSE,T3144R													SILENT,P595=									MISSENSE,D1846N														
TCGA-IQ-A61K	MISSENSE,R175H						MISSENSE,P1164S									MISSENSE,K358N																																		
TCGA-CQ-7063	MISSENSE,H179N						MISSENSE,R979T																						MISSENSE,V1284A				MISSENSE,G12S																	
TCGA-CV-7407	MISSENSE,R175H						MISSENSE,P1811H																														MISSENSE,E2942K													NONSENSE,E47*
TCGA-P3-A5Q6	MISSENSE,R248Q						MISSENSE,P3490S																	SILENT,A1006=																										
TCGA-CV-A461	MISSENSE,Y236C				SILENT,S2527=			MISSENSE,H1047Q	FRAMESHIFT,F2739Lfs*18		FRAMESHIFT,D984*	SILENT,L2041=		MISSENSE,I397T			SPLICE,X395_splice																			MISSENSE,G782C	MISSENSE,T3667S													
TCGA-CR-7371	MISSENSE,R175H		SILENT,T10291=					MISSENSE,E545K		SILENT,V486=						MISSENSE,G180V		SILENT,A586=																MISSENSE,D3692H		MISSENSE,S1364L								MISSENSE,S526C						
C3N-03781	MISSENSE,C135F						SILENT,V1482=	MISSENSE,E545K																						NONSENSE,S760*										MISSENSE,S187F						MISSENSE,T516K			FRAMESHIFT,R2043Dfs*15	
TCGA-CV-A460	MISSENSE,R273H							MISSENSE,M1040I																																										
TCGA-D6-6515	MISSENSE,R273H							MISSENSE,E545K				SILENT,V3395=																																						
TCGA-HD-8634	MISSENSE,R158L							MISSENSE,H1047R																																										
C3N-03876	MISSENSE,L194R								FRAMESHIFT,D5053Pfs*18	MISSENSE,T316I																																								
TCGA-CR-6478	MISSENSE,H179R								NONSENSE,Q2380*					NONSENSE,Q4556*											MISSENSE,D1481N																								SILENT,F1793=	
TCGA-CQ-6221	MISSENSE,V272M								NONSENSE,S1223*					MISSENSE,D1486H							MISSENSE,S516N					MISSENSE,S693N																						SILENT,V1565=		
TCGA-CQ-6225	MISSENSE,C176S								FRAMESHIFT,V4472Afs*14										MISSENSE,D706E																															
TCGA-D6-8568	MISSENSE,Y163H								NONSENSE,E2723*																															NONSENSE,Q1505*										
TCGA-CV-7430	MISSENSE,Y126C								MISSENSE,G5041R	MISSENSE,F89L																												MISSENSE,G864V												
C3N-01945	MISSENSE,M246K								MISSENSE,S5404F					MISSENSE,D710N																																SILENT,T458=				
TCGA-CV-5979	MISSENSE,R248Q									MISSENSE,K620M												MISSENSE,L3436M																												
TCGA-D6-6826	MISSENSE,V173G									MISSENSE,R538K														PROTEINDEL,D45del																										
TCGA-CQ-A4CB	MISSENSE,V218G									MISSENSE,R1289S																												SILENT,D1957=									SILENT,C593=			
TCGA-CV-7421	MISSENSE,S127F									MISSENSE,P774H																																								
TCGA-CQ-7072	MISSENSE,V157F										FRAMESHIFT,L1256*			MISSENSE,K701T																				MISSENSE,G1693V																
TCGA-QK-AA3J	MISSENSE,Y220C										NONSENSE,R788*																														SPLICE,X1391_splice									
TCGA-BA-A6DL	MISSENSE,G244V										FRAMESHIFT,R1200Lfs*5																																							
TCGA-BB-A5HZ	MISSENSE,R248W										FRAMESHIFT,G1095Kfs*2																																							
TCGA-CN-4729	MISSENSE,H179R						SILENT,K1825=			SILENT,G400=		MISSENSE,V2268A		MISSENSE,D1502H								SILENT,C3226=																	SILENT,C221=											
C3L-01237	MISSENSE,Y163N											MISSENSE,S1384C																																						
C3N-03028	MISSENSE,A159D												MISSENSE,P434L																																					
TCGA-IQ-A61L	MISSENSE,R248W												PROTEINDEL,S26_L42delinsR																						SILENT,V118=															
TCGA-F7-A50G	MISSENSE,Q331H													NONSENSE,R1799*				MISSENSE,Q479E																																
C3N-03487	MISSENSE,C141Y													MISSENSE,V1377M																											NONSENSE,E958*									
TCGA-CN-6020	MISSENSE,E224D													MISSENSE,E3643K																												MISSENSE,L1029I								
TCGA-CQ-A4C9	MISSENSE,H179L													MISSENSE,S2497L																					SILENT,I3426=															
TCGA-CR-7368	MISSENSE,R248Q													MISSENSE,E4470K																																				
C3N-00307	MISSENSE,R248W														MISSENSE,E1937Q																																			
TCGA-CX-7219	MISSENSE,R196P														MISSENSE,F1343C																																			
TCGA-CV-7247	MISSENSE,K132N															MISSENSE,W704G				MISSENSE,I1120M																														
C3N-03849	MISSENSE,C135F															MISSENSE,N351H									FRAMESHIFT,N970Kfs*21															MISSENSE,L473F										
TCGA-CN-6023	MISSENSE,G245S																MISSENSE,S2542L																				MISSENSE,H1426L													
TCGA-CV-7416	MISSENSE,R175H																MISSENSE,P1922A																																	
TCGA-IQ-7630	MISSENSE,R248Q																	MISSENSE,Q487H										MISSENSE,D567N																						SILENT,H449=
TCGA-CN-4725	MISSENSE,R337L																		MISSENSE,K84R																															
TCGA-CQ-5332	MISSENSE,P151S																				MISSENSE,D520H	MISSENSE,V4641M																		SILENT,G1181=			MISSENSE,R763H							
TCGA-CV-7177	MISSENSE,P151H																					MISSENSE,R4338H					MISSENSE,E79Q																							
TCGA-CR-7373	MISSENSE,R267G																						MISSENSE,G647R																		MISSENSE,P913L									
C3L-04354	MISSENSE,C242F																									MISSENSE,Y1478C																			SILENT,L972=					
TCGA-IQ-A6SG	MISSENSE,R282W											SILENT,S2964=														MISSENSE,R1324M																								
TCGA-CV-6940	PROTEINDEL,V274_G279del					SILENT,A1720=																					MISSENSE,E79Q																							
TCGA-F7-A620	MISSENSE,P151S																											PROTEINDEL,E1320del												MISSENSE,Q278K										
TCGA-CV-A6JT	MISSENSE,Y234C																											MISSENSE,P522L																						
TCGA-CN-A49B	MISSENSE,R282W																													MISSENSE,P1948L														MISSENSE,D873N						
C3N-00829	MISSENSE,V216M																																			MISSENSE,S19G			SILENT,R1127=											
TCGA-UF-A7JS	MISSENSE,R175H																																						SPLICE,X956_splice											
C3N-02727	MISSENSE,V157F																																		SILENT,S476=								MISSENSE,L976H							
TCGA-F7-A61V	PROTEINDEL,V173_R175del																																												MISSENSE,D832G					
C3N-01752	MISSENSE,P151S																																															MISSENSE,A898V		
TCGA-CN-5367	MISSENSE,A161T																																														SILENT,D376=		MISSENSE,P2003L	
C3L-00995	MISSENSE,I195N																																				SILENT,A2856=													
C3N-02925	MISSENSE,R175H																			SILENT,C1335=																														
C3N-03011	MISSENSE,R282W																																																	
HCM-CSHL-0725-C02	MISSENSE,V274L																																																	
TCGA-BA-A4II	MISSENSE,A276D																																							SILENT,Q1505=										
TCGA-BA-A6DB	MISSENSE,R273C																																																	
TCGA-CN-4733	MISSENSE,R273H																																					SILENT,G889=												
TCGA-CN-4737	MISSENSE,H168L	SILENT,H4146=																																																
TCGA-CQ-6227	MISSENSE,R273H																																																	
TCGA-CR-6474	MISSENSE,G245V																																																	
TCGA-CR-7397	MISSENSE,R248W																																																	
TCGA-CV-6934	MISSENSE,Y205C																	SILENT,C910=																																
TCGA-CV-7102	MISSENSE,G266E																																																	
TCGA-CV-7178	PROTEINDEL,N268_R273del																																																	
TCGA-CV-A464	MISSENSE,R175H																																																	
TCGA-IQ-A61G	MISSENSE,S241C																						SILENT,Y539=																											
TCGA-KU-A66T	MISSENSE,E271K																																																	
TCGA-QK-A6IH	MISSENSE,C141Y																																																	
TCGA-UF-A7JK	PROTEINDEL,R202_L206del																						SILENT,T875=																											
TCGA-CN-A49A		FRAMESHIFT,N104Ifs*9	NONSENSE,S1093*																																															
TCGA-BA-A6DF		FRAMESHIFT,K3277Nfs*4	MISSENSE,S5493G			NONSENSE,E383*		MISSENSE,E726K	NONSENSE,Q2380*												MISSENSE,R465C		MISSENSE,T211I																											
TCGA-MT-A67A		FRAMESHIFT,Y2395Mfs*15		NONSENSE,R80*		NONSENSE,Y550*			NONSENSE,R1615*												FRAMESHIFT,L547Ffs*4						MISSENSE,L30P													MISSENSE,N927Y										
TCGA-D6-A6EN		FRAMESHIFT,V2563*		FRAMESHIFT,M53Ifs*2		MISSENSE,W327C							MISSENSE,L7R																				MISSENSE,Q61L																	
TCGA-CR-6492		NONSENSE,Q1694*		NONSENSE,R80*		MISSENSE,L468R																																												
TCGA-CV-A45O		NONSENSE,E685*		NONSENSE,R80*				MISSENSE,E545K					NONSENSE,Q107*						SILENT,G99=		FRAMESHIFT,S396*									SILENT,E718=																MISSENSE,E526K	MISSENSE,E162K			
TCGA-H7-7774		NONSENSE,E3558*			NONSENSE,R2168*			MISSENSE,H1047R				MISSENSE,R4814M			MISSENSE,N1389K		FRAMESHIFT,S3788Yfs*5								MISSENSE,P960R		MISSENSE,L30F																		MISSENSE,V635L					
TCGA-CV-6952		NONSENSE,Y3559*			MISSENSE,G60E		NONSENSE,E4149*	MISSENSE,E542K																		SILENT,R560=									FRAMESHIFT,M1923Ifs*12								MISSENSE,R247C							
TCGA-CV-6955		NONSENSE,R191*				FRAMESHIFT,E124Gfs*19	SPLICE,X3012_splice	MISSENSE,E542K																			MISSENSE,E79K																			MISSENSE,R460C				MISSENSE,A397T
TCGA-CV-7427		FRAMESHIFT,Q1494Afs*4				NONSENSE,W1089*	MISSENSE,S2939F								MISSENSE,D1399N							MISSENSE,F2071L													MISSENSE,M1585I	SILENT,F192=				MISSENSE,D435N										
TCGA-D6-A6EK		NONSENSE,E1430*				FRAMESHIFT,G1710Afs*88						MISSENSE,N775I	NONSENSE,R413*														MISSENSE,L562F																							
TCGA-CR-7395		NONSENSE,Q725*				MISSENSE,P2064L		MISSENSE,E542K					FRAMESHIFT,L79Pfs*4		SPLICE,X1594_splice																																			
C3N-04280		FRAMESHIFT,T2732Gfs*22				PROTEINDEL,E383_C387del		MISSENSE,H1047R												SILENT,P1359=																														
TCGA-F7-A622		FRAMESHIFT,A274Cfs*7				MISSENSE,R353C			FRAMESHIFT,E649Pfs*276					MISSENSE,I2302T							FRAMESHIFT,V418Qfs*9							PROTEINDEL,N1744_K1753del																		MISSENSE,R528C				
TCGA-CX-7085		FRAMESHIFT,T3595Afs*3				MISSENSE,E455K				MISSENSE,G824V		MISSENSE,F654L	NONSENSE,Q465*																																					
TCGA-HD-A6I0		FRAMESHIFT,A3648Sfs*24				MISSENSE,E424K																											MISSENSE,G13R																	
TCGA-CQ-A4CG		FRAMESHIFT,T944Nfs*12			SILENT,G3262=		MISSENSE,G2143W	MISSENSE,E545K													MISSENSE,R479Q						MISSENSE,W24R						MISSENSE,K117N																	
TCGA-CV-7250		NONSENSE,S1336*			SILENT,P2475=			MISSENSE,E545K			NONSENSE,S1359*			MISSENSE,P2245S									MISSENSE,L41S										MISSENSE,Q61L								MISSENSE,G1162C									
TCGA-CV-7183		NONSENSE,S625*							NONSENSE,R5501*	MISSENSE,R703S		MISSENSE,G3855V																					MISSENSE,G12C																	
TCGA-CV-6441		NONSENSE,S1051*					SILENT,L1654=		NONSENSE,R2687*		MISSENSE,D325V								MISSENSE,D261N										MISSENSE,L1147F																MISSENSE,T802R					
TCGA-BA-A6DJ		FRAMESHIFT,P4007Ifs*45										MISSENSE,R3794W					FRAMESHIFT,R196Kfs*9						MISSENSE,E203K					MISSENSE,E530K					MISSENSE,Q61L												SILENT,P846=					
TCGA-HD-A4C1		FRAMESHIFT,S1553Rfs*4											NONSENSE,R413*			MISSENSE,R621W																	MISSENSE,G12D																	
TCGA-CN-5369		MISSENSE,S3353F	MISSENSE,Y14223C		MISSENSE,D2647Y	NONSENSE,Q1845*	MISSENSE,M1409I		FRAMESHIFT,P648Tfs*2			MISSENSE,R2190H	MISSENSE,R248W				SPLICE,X1598_splice																		NONSENSE,R1264*								SILENT,R506=							
TCGA-CV-A45V		MISSENSE,C4136W	MISSENSE,E12489K			MISSENSE,C980G		MISSENSE,E542K	FRAMESHIFT,R2282Gfs*4				FRAMESHIFT,N414Tfs*24				FRAMESHIFT,S4184*				MISSENSE,R505G										SILENT,C745=																			
TCGA-CQ-5327		MISSENSE,P2180L	MISSENSE,S6833L										FRAMESHIFT,I98Mfs*14		NONSENSE,Q965*						MISSENSE,R479Q																												MISSENSE,R1261K	
TCGA-QK-A6II		MISSENSE,I3042M		MISSENSE,A68P	MISSENSE,S2869F	NONSENSE,E294*														MISSENSE,E586K	MISSENSE,R465G													SILENT,Y3879=												SPLICE,X466_splice				
TCGA-BA-6871		MISSENSE,T3031I					MISSENSE,T4349M		MISSENSE,E1391K							SILENT,T102=								MISSENSE,L51V					MISSENSE,Q196H					SILENT,H2078=																
TCGA-D6-6516			NONSENSE,W6462*	NONSENSE,R80*	MISSENSE,T3061A		MISSENSE,D868N			NONSENSE,R719*		MISSENSE,T4463I		SILENT,T4471=	MISSENSE,S973F		MISSENSE,Y2759D	MISSENSE,S696L		SILENT,L749=		SILENT,T3623=		MISSENSE,P770L		MISSENSE,D240N					MISSENSE,G1300R			NONSENSE,K1103*	SILENT,F3729=			MISSENSE,P452L		SILENT,V1963=							SILENT,K444=	SILENT,G1113=	MISSENSE,H2539Y	
TCGA-CV-6938			FRAMESHIFT,G36Rfs*7			FRAMESHIFT,E1148Sfs*31									MISSENSE,E948K				MISSENSE,G95E														MISSENSE,G12A																MISSENSE,S1060F	
TCGA-CV-7261			NONSENSE,E11921*					MISSENSE,E365V	FRAMESHIFT,T3053Yfs*2	SILENT,L307=													SILENT,I79=																											
TCGA-P3-A5Q5		SILENT,Y3996=	NONSENSE,S10299*					MISSENSE,R88Q							MISSENSE,D1688H														NONSENSE,E1265*		MISSENSE,D990N		MISSENSE,C118Y	MISSENSE,R3834T																
C3L-02621			MISSENSE,K12740R	MISSENSE,P81L	NONSENSE,C2694*																			MISSENSE,V852M							MISSENSE,P624S					MISSENSE,K1286R			SILENT,G816=	MISSENSE,E384Q						MISSENSE,C520Y				
TCGA-MT-A67F			MISSENSE,M7324I		NONSENSE,S2172*								MISSENSE,R233W																							MISSENSE,H3966Y					MISSENSE,E384K							MISSENSE,D2463H		
TCGA-CV-7406			MISSENSE,S12369L		MISSENSE,E1350K			MISSENSE,E545K																																	MISSENSE,D1020N									
TCGA-CN-5374			MISSENSE,S3752L		MISSENSE,C2610F		SILENT,L6=			MISSENSE,E1018Q																																								
TCGA-T2-A6X2		SILENT,F4527=	MISSENSE,L13215V			FRAMESHIFT,D1267Gfs*24	MISSENSE,G3536A						MISSENSE,R233W												MISSENSE,P618T	NONSENSE,S1793*		SPLICE,X1759_splice		MISSENSE,S3541F					MISSENSE,G2048V	PROTEINDEL,S3492del				MISSENSE,E1294Q						MISSENSE,E519K			MISSENSE,S1102C	
TCGA-TN-A7HL			MISSENSE,E1900K			NONSENSE,Q1864*	SILENT,I1359=	MISSENSE,E542K	SILENT,V160=		MISSENSE,R1634Q			MISSENSE,E2051Q				NONSENSE,Q539*			NONSENSE,R479*				MISSENSE,E1513K		MISSENSE,D457G			MISSENSE,I2502M											MISSENSE,E1300D								MISSENSE,S1805L	
TCGA-BB-4225			MISSENSE,S7156G			MISSENSE,C461Y																																												
TCGA-CR-6472			MISSENSE,L7124F					MISSENSE,E545K														MISSENSE,G4331S			SILENT,L2000=			SILENT,D1618=														MISSENSE,Q260H							MISSENSE,S176C	
C3N-02693			MISSENSE,H11353Y					MISSENSE,E545K															MISSENSE,F208L											MISSENSE,G3504E							NONSENSE,Q300*									
TCGA-CR-6473			MISSENSE,G1642V						NONSENSE,E1902*																																									
TCGA-CV-6961			MISSENSE,N13521S							MISSENSE,D787N	MISSENSE,S96C											SILENT,I4809=						MISSENSE,E1131V	MISSENSE,K204E								SILENT,L1547=									NONSENSE,S150*				
TCGA-CN-A63V			MISSENSE,V13368I													MISSENSE,A67T				MISSENSE,P110L													MISSENSE,G12S								MISSENSE,R1135Q									MISSENSE,R1472H
TCGA-CN-A6V1			MISSENSE,F13051L														MISSENSE,P4070S																	MISSENSE,E1816Q	MISSENSE,D920H		SILENT,L950=	NONSENSE,Q528*		MISSENSE,R442I										
TARGET-30-PAPKWN			MISSENSE,R6534M																																															
TCGA-IQ-A61I			MISSENSE,E1409Q																																															
TCGA-CR-7394				NONSENSE,W110*		NONSENSE,Q1974*		MISSENSE,E726K							MISSENSE,E1514K			NONSENSE,Q470*															MISSENSE,G12S						MISSENSE,G573D					NONSENSE,E697*						
TCGA-CV-6436				NONSENSE,E120*		MISSENSE,G310R		MISSENSE,K111E					MISSENSE,G11E								MISSENSE,R505G			SILENT,L219=									MISSENSE,G12D																	
TCGA-CR-5247				NONSENSE,R58*							MISSENSE,Y1997C																																							SILENT,S734=
C3N-00297				NONSENSE,E120*												MISSENSE,D84N																																		
C3N-03620				NONSENSE,E88*														SILENT,S106=																																
TCGA-BA-4077					FRAMESHIFT,L722Cfs*24			MISSENSE,E545K	MISSENSE,P1131A																													MISSENSE,D1900H												
TCGA-CR-5250					FRAMESHIFT,N2403Mfs*5																																MISSENSE,A870T													
TCGA-CV-5441					MISSENSE,P1749T	FRAMESHIFT,S797Pfs*5	MISSENSE,H2321R			MISSENSE,S2F						MISSENSE,I689M																																		
TCGA-CN-5355					MISSENSE,I282M	SPLICE,X1215_splice	MISSENSE,T2641S			MISSENSE,V695F																						FRAMESHIFT,T224Pfs*13																		
TCGA-CN-5363					MISSENSE,A3468T	FRAMESHIFT,Q1978Pfs*17				MISSENSE,G1248A							MISSENSE,R1698S														MISSENSE,A63D																SILENT,V198=			SPLICE,X408_splice
TCGA-CV-7440					MISSENSE,G3446C		MISSENSE,I1740T				NONSENSE,C792*												SILENT,S808=														MISSENSE,A3796S	NONSENSE,S1316*		MISSENSE,G1231S										
TCGA-CR-6487					MISSENSE,G499R			MISSENSE,E545K	NONSENSE,Q56*						NONSENSE,Q523*																																			
TCGA-CV-5442					MISSENSE,L1600F			MISSENSE,E545K									MISSENSE,P1418A					MISSENSE,R2945H																												
C3N-03015					MISSENSE,F973C					MISSENSE,G1275R		MISSENSE,E3833Q																																						
TCGA-KU-A66S					MISSENSE,G3277C						FRAMESHIFT,G1953Vfs*16	MISSENSE,K3003Q					MISSENSE,Q3396E												MISSENSE,Q177H			MISSENSE,Q274L						NONSENSE,R1461*												
TCGA-CR-7367					MISSENSE,F3644S																		NONSENSE,W303*																											
C3N-03045					MISSENSE,D1728N																																													
TCGA-CV-6433					MISSENSE,A521T																																										SILENT,G618=			
TCGA-BA-5149						FRAMESHIFT,Q513Hfs*116		MISSENSE,H1047L	MISSENSE,S2483C					MISSENSE,A1809D									SILENT,T190=																											
TCGA-CV-7411						NONSENSE,C1225*		MISSENSE,E453K				MISSENSE,D2046E																																		MISSENSE,S459P				
C3N-03889						NONSENSE,W1487*											MISSENSE,Q1392E																																	
TCGA-BB-8596						NONSENSE,E948*																																												
TCGA-CR-5243						MISSENSE,C1085W		MISSENSE,E542K	MISSENSE,G5310R																																									
TCGA-MT-A67D		SILENT,S2859=				MISSENSE,G1765D	SILENT,K2731=		MISSENSE,P1669S				MISSENSE,C313Y																																					
TCGA-CQ-A4CA						MISSENSE,C954Y						MISSENSE,N3394I																																						
TCGA-CQ-7071						MISSENSE,D338N							MISSENSE,I333M											MISSENSE,M450I	MISSENSE,R1347Q					MISSENSE,R1902W			MISSENSE,G13V			MISSENSE,S3127L										MISSENSE,E519K				
C3N-01943						MISSENSE,G919W																			MISSENSE,G1814W																									
TCGA-CV-5971						MISSENSE,R353C																																												
TCGA-CV-7433						MISSENSE,C440F																								SILENT,S1456=																				
TCGA-FF-8046							SPLICE,X2505_splice																								MISSENSE,S451F																			
TCGA-HD-7754							MISSENSE,I4128M	MISSENSE,E542K																																										
TCGA-CN-A6V6							MISSENSE,E3024D		MISSENSE,P3494L						MISSENSE,E1514K													PROTEINDEL,D1409del																						
TCGA-P3-A6SW							MISSENSE,S2648F			MISSENSE,I4M								MISSENSE,V746M											MISSENSE,V1596F																				MISSENSE,L1196V	
C3N-01620			SILENT,D5162=				MISSENSE,E4182K				MISSENSE,D2294N																																							
TCGA-CV-7425							MISSENSE,T2294A					MISSENSE,V1410M	NONSENSE,R432*								PROTEINDEL,V475del																											SILENT,L923=		
TCGA-BA-5556							MISSENSE,Y4399C						NONSENSE,S375*																				MISSENSE,G13R																	
HCM-CSHL-0585-C06							MISSENSE,E4357V						MISSENSE,R233Q					MISSENSE,R889Q										MISSENSE,R639Q										MISSENSE,P1240S												
TCGA-BB-A6UM							MISSENSE,C3774R								MISSENSE,D1399N																																			
TCGA-HD-A634							MISSENSE,G4015V										MISSENSE,D1371H																																	
C3N-03027							MISSENSE,D3421N																						MISSENSE,S589T							SILENT,V1448=			MISSENSE,P1053L											
TCGA-CR-5248							MISSENSE,K194R																							MISSENSE,P2897A										NONSENSE,Q952*				MISSENSE,S882C					FRAMESHIFT,I1964Tfs*31	
TCGA-DQ-5625							MISSENSE,N2353I																								MISSENSE,S760L					NONSENSE,S3294*														
TCGA-CV-5443							MISSENSE,R1661H																																											
TCGA-F7-A50J								FRAMESHIFT,N1068Kfs*5				SILENT,L4146=																								NONSENSE,S786*											MISSENSE,V370I			
TCGA-P3-A5QF								MISSENSE,E545K	NONSENSE,Q2540*		MISSENSE,R2005Q																MISSENSE,E79K										MISSENSE,R2917H									MISSENSE,S562F				
TCGA-CN-4741								MISSENSE,E545K	NONSENSE,E1158*			MISSENSE,N2981I						MISSENSE,V55F	MISSENSE,G311C																MISSENSE,P3137A															
TCGA-CV-6960	SILENT,L265=							MISSENSE,G1007R			MISSENSE,G1678W	MISSENSE,K4276N						MISSENSE,T198M										MISSENSE,A1351P											MISSENSE,H615L											
TCGA-UF-A71B								MISSENSE,E542K			MISSENSE,G566E							SILENT,V970=								MISSENSE,I490T	MISSENSE,T80A													MISSENSE,A1484T										
TCGA-CR-7401			SILENT,A6888=					MISSENSE,V344G				MISSENSE,E1725G																	SILENT,Y747=										SILENT,A685=						SILENT,S709=					
TCGA-CV-A6JO		SILENT,G4178=						MISSENSE,N345K					MISSENSE,L22F																				MISSENSE,G12S		MISSENSE,R2062C															
TCGA-CR-6471								MISSENSE,R88Q							MISSENSE,Y1446C										SILENT,V1704=																							NONSENSE,E2444*		
TCGA-TN-A7HI								MISSENSE,E542K														MISSENSE,D4013N																												
TCGA-BB-4223								MISSENSE,E542K																										MISSENSE,Q413R																
TCGA-F7-8489								MISSENSE,H1047R																																						MISSENSE,K277M				
TCGA-CR-5249								MISSENSE,E542K																																										
TCGA-CR-7404								MISSENSE,E542K																																										
TCGA-D6-6824								MISSENSE,C901F																																										
TCGA-HD-7832								MISSENSE,E542K																																										
TCGA-UF-A7JV								MISSENSE,E542K																																										
TCGA-RS-A6TP									NONSENSE,Q4687*								NONSENSE,S2998*																				SILENT,L790=	FRAMESHIFT,G731Vfs*12												
TCGA-T3-A92N									NONSENSE,Q1361*																		MISSENSE,E82V					MISSENSE,P564T																		
C3L-00987									NONSENSE,K1610*																																	SILENT,T2715=								
TCGA-CQ-5323									NONSENSE,E308*																																									
TCGA-IQ-7632									NONSENSE,E614*																																									
TCGA-DQ-7593									MISSENSE,R2774W						MISSENSE,D1399N																																			
TCGA-D6-A6ES									MISSENSE,S920C																													MISSENSE,P570T						MISSENSE,L539I					MISSENSE,S1697F	
TCGA-CQ-7068										MISSENSE,V113A			MISSENSE,D308G																				MISSENSE,G13V										SILENT,A31=		MISSENSE,T802R		SILENT,E436=			
TCGA-T2-A6X0										MISSENSE,V972A				MISSENSE,T3560N																							MISSENSE,A1043T													
TCGA-HD-8314			SILENT,A340=							MISSENSE,D306Y																																								
TCGA-CN-4730											FRAMESHIFT,L590Ifs*5										NONSENSE,R393*															FRAMESHIFT,N2205*														
TCGA-P3-A6T6											NONSENSE,E1516*																																							
TCGA-CR-6481						SILENT,A2356=					MISSENSE,D1489N								MISSENSE,G97V			NONSENSE,S2793*		MISSENSE,I442M	MISSENSE,P583S											MISSENSE,S389C			MISSENSE,S444C						NONSENSE,Q221*					MISSENSE,S755C
TCGA-CN-A642													NONSENSE,R68*		SPLICE,X1224_splice																		MISSENSE,G13C																	
TCGA-CN-4734													NONSENSE,Q465*																										MISSENSE,L713F					SILENT,D889=						
C3L-04025													NONSENSE,Y365*																																					MISSENSE,G1400V
TCGA-T2-A6WX													MISSENSE,I10T									MISSENSE,E46K			NONSENSE,S1761*								MISSENSE,G13V									MISSENSE,E1494Q								
TCGA-CQ-5324													MISSENSE,G11R										MISSENSE,G223R	MISSENSE,V419M			MISSENSE,L30H																							
TCGA-CR-7382													MISSENSE,D303G																				MISSENSE,G12S																	
TCGA-BA-5559															MISSENSE,C1164Y																																MISSENSE,P156T			
TCGA-CR-6470															MISSENSE,D1399N																																			
TCGA-CV-7100															MISSENSE,D1399N																																			
TCGA-CN-A63Y																	NONSENSE,W4360*																											SILENT,L1071=						
TCGA-CN-A499																			MISSENSE,K333R				MISSENSE,D194N						MISSENSE,P621Q																					
TCGA-CN-A6V7																					MISSENSE,R505G	MISSENSE,Q4617H																												
TCGA-BB-4228												SILENT,G3600=									MISSENSE,R505G																													
TARGET-30-PALNLU																							MISSENSE,G37V															MISSENSE,G1139V												
TCGA-CV-5970																								MISSENSE,E448K																							SILENT,I88=			
TCGA-CV-7429																									NONSENSE,C1819*		MISSENSE,G81C											NONSENSE,Q780*												
TCGA-IQ-7631																									MISSENSE,R702T						SILENT,H148=		MISSENSE,G13V				MISSENSE,R1625H													
TCGA-CQ-7069																										MISSENSE,H1307D																								
TCGA-BA-5153																												MISSENSE,L1485P																						
TCGA-BA-A4IH																												MISSENSE,V712E																						
TCGA-CR-6480																													MISSENSE,T1100M			MISSENSE,N88S																		
TCGA-UF-A71E					SILENT,P3150=																									MISSENSE,R1350K														MISSENSE,S100N						
TCGA-KU-A6H8																														MISSENSE,D1484E																				
TCGA-CN-6010																						SILENT,F2472=									MISSENSE,Q571E																NONSENSE,R547*			
TCGA-MT-A51X																																MISSENSE,R458C																		
TCGA-KU-A6H7																																					MISSENSE,R2343Q										MISSENSE,E326Q			
TCGA-UF-A7JC																																					MISSENSE,M192V													
TCGA-CN-A49C																																													MISSENSE,C290F					
TCGA-DQ-7596																																														MISSENSE,R528C				
TCGA-CR-7369																																																MISSENSE,D365G		
C3N-02694																								SILENT,Y1325=																										
TCGA-CN-5361																		SILENT,A381=																																
TCGA-CN-A6UY																			SILENT,R128=																															
TCGA-DQ-7591																																															SILENT,T113=			