Case	MUC16	BRAF	LRP1B	FAT3	CSMD3	FAT4	FAM135B	PTPRT	CNTNAP2	DCC	MUC4	GRIN2A	ERBB4	PREX2	PTPRB	NRAS	COL3A1	PTPRD	KMT2D	PTPRK	ROS1	ANK1	TP53	KMT2C	GRM3	NF1	NBEA	CTNNA2	MECOM	CTNND2	TP63	TRRAP	ALK	ARID2	IL7R	ZFHX3	KDR	FAM47C	FAT1	CDH10	WNK2	EGFR	COL1A1	CARD11	BCL11B	RUNX1T1	CAMTA1	EPHA7	USP6	AFF3
HCM-BROD-0724-C43	NONSENSE,E3896*	NONSENSE,R178*	SILENT,H4252=	MISSENSE,S3483L			MISSENSE,H143Y	MISSENSE,D1266N		MISSENSE,L585V	MISSENSE,P657L		MISSENSE,P705L	MISSENSE,E600K	MISSENSE,G315E				MISSENSE,R4455C	MISSENSE,E1176K	MISSENSE,E1894K	MISSENSE,P364S	NONSENSE,Q100*		SILENT,G811=	SPLICE,X2235_splice		MISSENSE,D638N	MISSENSE,G597E	MISSENSE,P515L		MISSENSE,P391L			MISSENSE,S423F			SILENT,F985=						MISSENSE,E416K	SILENT,D534=		SILENT,S1301=			MISSENSE,P346L
HCM-BROD-0335-C43	FRAMESHIFT,T6521Pfs*21	MISSENSE,V640E	MISSENSE,R441Q		MISSENSE,M1674I	MISSENSE,E1061K					MISSENSE,S905F													MISSENSE,D3807N					MISSENSE,S626F								SILENT,G1092=									MISSENSE,E387K				
TCGA-ER-A19G	NONSENSE,W8254*	MISSENSE,V640E	MISSENSE,R4166C		MISSENSE,G673E		SILENT,E1002=	MISSENSE,Y951C	MISSENSE,F321V					NONSENSE,Q1321*							MISSENSE,S2088F														SILENT,V137=	SILENT,D3658=	FRAMESHIFT,P1074Qfs*28	MISSENSE,F76I												
TCGA-DA-A1I0	NONSENSE,W8225*	MISSENSE,V640E	MISSENSE,D4058N		MISSENSE,T2652M					MISSENSE,D375V			MISSENSE,P572S							MISSENSE,E360K	SILENT,I529=					MISSENSE,S2496F						MISSENSE,S722F			SILENT,I271=								MISSENSE,S513F							
TCGA-IH-A3EA	NONSENSE,W12029*	MISSENSE,V640E	MISSENSE,L3714F	SILENT,G981=	SILENT,R2797=	MISSENSE,P1893L	MISSENSE,H897Y	SILENT,I307=	SILENT,Q1040=	MISSENSE,P1375S		MISSENSE,R1067W	NONSENSE,W957*	MISSENSE,L267F	MISSENSE,G315E			MISSENSE,S1896F		MISSENSE,P1077L							MISSENSE,S2913F			MISSENSE,P345S	MISSENSE,P163L		MISSENSE,L601F	NONSENSE,Q720*	MISSENSE,E202K		SILENT,L1269=							MISSENSE,E425K						
TCGA-EB-A44N	NONSENSE,R10809*	MISSENSE,V640E												MISSENSE,K1077N								SILENT,T1688=		SILENT,G1014=						FRAMESHIFT,A915Rfs*23		SILENT,L1523=						MISSENSE,P395S										NONSENSE,R231*		
TCGA-FS-A1Z3	FRAMESHIFT,N7637Ifs*2		NONSENSE,Q3874*			NONSENSE,Q3543*	MISSENSE,G1150E		MISSENSE,P137S		SILENT,A4298=	SPLICE,X139_splice	SILENT,F279=			MISSENSE,Q61H	MISSENSE,G1201R			MISSENSE,A253V						MISSENSE,L1274H								MISSENSE,V596E		MISSENSE,A896V	MISSENSE,E1114D			MISSENSE,G520S					SILENT,P862=	SILENT,L464=				
HCM-BROD-0227-C43	NONSENSE,Q963*		MISSENSE,P1257S	MISSENSE,P4137L	MISSENSE,H1864Y	NONSENSE,R3365*	MISSENSE,V926A	MISSENSE,P938S	MISSENSE,G584E	MISSENSE,G1175V	MISSENSE,L4145P		SPLICE,X295_splice	MISSENSE,G693E	MISSENSE,G1557R		SPLICE,X743_splice		MISSENSE,A2849V		NONSENSE,Q1594*	MISSENSE,G767E	NONSENSE,Q317*	MISSENSE,F2599L	MISSENSE,G220S	FRAMESHIFT,P1303Tfs*8		MISSENSE,P398L	MISSENSE,P297S		MISSENSE,S535F		MISSENSE,D1349N		MISSENSE,P329S			MISSENSE,E741V	SILENT,L2762=			MISSENSE,F48L	MISSENSE,S1023F		MISSENSE,E533K		MISSENSE,T842I			MISSENSE,S409F
TCGA-GN-A266	NONSENSE,W11918*		MISSENSE,P4036S	MISSENSE,G2826E	MISSENSE,P614S	MISSENSE,K4950R	MISSENSE,G1252E	MISSENSE,G555S	MISSENSE,E467K	MISSENSE,E403K	NONSENSE,Q337*	MISSENSE,L608P	MISSENSE,D150N		MISSENSE,T1244A		MISSENSE,G651E	MISSENSE,G1812R		MISSENSE,G1379S	MISSENSE,G1627D	MISSENSE,G239D	MISSENSE,R290C	MISSENSE,P1595L	NONSENSE,W529*			NONSENSE,W906*	MISSENSE,L394I	SILENT,K811=	MISSENSE,R379C	MISSENSE,S674F	SILENT,I375=	NONSENSE,K1366*			NONSENSE,L634*	MISSENSE,E264K		MISSENSE,E214K		MISSENSE,H47Y		MISSENSE,R584C	MISSENSE,E123K		MISSENSE,G688R	MISSENSE,D727N	SILENT,L449=	MISSENSE,S1212F
HCM-BROD-0223-C43	NONSENSE,W5619*		MISSENSE,E3428K	MISSENSE,E3801K		MISSENSE,E3163K	MISSENSE,S749F	MISSENSE,E282K	MISSENSE,P1247S		MISSENSE,S2007F	SILENT,F121=	MISSENSE,E452K	MISSENSE,E553K	MISSENSE,S1511F		MISSENSE,E832K		MISSENSE,S4138F	MISSENSE,R200C	MISSENSE,G2148E	MISSENSE,R619G			MISSENSE,G647E	NONSENSE,W2229*		MISSENSE,E606K	SILENT,R972=		MISSENSE,R37Q		MISSENSE,G618E	NONSENSE,K35*							MISSENSE,P917L			SILENT,I1037=				MISSENSE,A319T		
ASCProject_0063	NONSENSE,R953*		MISSENSE,H3988Y	SILENT,S1179=			MISSENSE,S919F				SILENT,R5266=	MISSENSE,R469K						MISSENSE,S37Y	MISSENSE,G1127E				NONSENSE,Q317*		SILENT,L274=		NONSENSE,R696*		MISSENSE,E915K				MISSENSE,G924S										MISSENSE,G1172D							
HCM-BROD-0874-C43	NONSENSE,Q5590*	SILENT,A537=		MISSENSE,S2980N	MISSENSE,P3464S	MISSENSE,G3797R		MISSENSE,E1118K	MISSENSE,T572I		SILENT,F5373=		MISSENSE,P700L	MISSENSE,S1349F	SILENT,V926=			SPLICE,X1502_splice				SILENT,G664=	MISSENSE,H179Y	SILENT,P468=		NONSENSE,R1362*	MISSENSE,E1156K	MISSENSE,E645K		MISSENSE,E833K									MISSENSE,L3497P					SILENT,F894=					MISSENSE,M882T	
HCM-BROD-0834-C43	NONSENSE,Q4358*			MISSENSE,G1087S	MISSENSE,P258S	MISSENSE,P3545S		SILENT,L151=	SILENT,K204=	MISSENSE,T985N	MISSENSE,S2439F	MISSENSE,D1182N	MISSENSE,P1165L			MISSENSE,Q61R		MISSENSE,M754I			MISSENSE,T39A			MISSENSE,P1537L	MISSENSE,P46S				MISSENSE,P523S						MISSENSE,S383F		MISSENSE,R1022Q				SPLICE,X359_splice						MISSENSE,P1284S			
HCM-BROD-0561-C43	NONSENSE,Y14088*			MISSENSE,G3668R			MISSENSE,G1169E									MISSENSE,Q61H	MISSENSE,P892S		SILENT,V2551=		MISSENSE,P1041S					MISSENSE,S47F																								
TCGA-EB-A4IS	MISSENSE,P2645S	MISSENSE,V640E	NONSENSE,W1622*			MISSENSE,M2714I			SILENT,R753=		MISSENSE,H774Y	SILENT,A108=	MISSENSE,G624W						NONSENSE,R4282*		NONSENSE,Q237*				MISSENSE,G312S	MISSENSE,P698L	SILENT,L1707=				SILENT,S624=								SILENT,V3563=											
TCGA-FR-A728	MISSENSE,G8104S	MISSENSE,V640E	FRAMESHIFT,N3185Ifs*33						SILENT,K331=	MISSENSE,T566I										SILENT,F685=															MISSENSE,R86K								MISSENSE,S673A							
TCGA-EE-A29C	MISSENSE,H10844Y	MISSENSE,V640E	NONSENSE,Q29*								MISSENSE,E541K											SILENT,F7=			MISSENSE,E724K											MISSENSE,P711L				MISSENSE,G69R	MISSENSE,P2235L		MISSENSE,D444H			MISSENSE,P418L				
TCGA-EB-A24D	MISSENSE,E10368K	MISSENSE,K641E	MISSENSE,H646Y	MISSENSE,D4472N	NONSENSE,R2848*		MISSENSE,F1305L							SILENT,F453=	MISSENSE,R72Q		MISSENSE,G933E		FRAMESHIFT,M1360Sfs*16															MISSENSE,R294K			MISSENSE,G493R	SILENT,F403=											SILENT,G563=	
HCM-BROD-0716-C43	MISSENSE,S8195L	MISSENSE,V640E	MISSENSE,P3490S	MISSENSE,R2350Q	NONSENSE,Q287*					MISSENSE,P482S	SILENT,P5314=			MISSENSE,E226K						NONSENSE,R915*				MISSENSE,G2568E																		MISSENSE,L438F		SILENT,I70=						
HCM-CSHL-1096-C44	MISSENSE,S5530F	MISSENSE,R389C	MISSENSE,G1321R	MISSENSE,S4297F	MISSENSE,D1542N	MISSENSE,D1605N	MISSENSE,P863S	MISSENSE,G1386R		MISSENSE,L477M		MISSENSE,L1357V			MISSENSE,P863L		MISSENSE,P334S		MISSENSE,E1680Q		NONSENSE,S1235*		SILENT,S127=	MISSENSE,P309L	MISSENSE,G144R		MISSENSE,S2642Y	MISSENSE,G180R		MISSENSE,P689S			MISSENSE,R557C	NONSENSE,Q725*		NONSENSE,Q946*			MISSENSE,C3738G	MISSENSE,E683K	MISSENSE,L788F				MISSENSE,P387S	MISSENSE,E463K		MISSENSE,T519I		
TCGA-GN-A269	MISSENSE,P4567S	MISSENSE,V640E	MISSENSE,E630K	MISSENSE,P4208S		NONSENSE,W3042*	MISSENSE,E902K		MISSENSE,H562Y	MISSENSE,G95A		SILENT,E1301=			MISSENSE,D1027N		SILENT,G981=			MISSENSE,A1189V		MISSENSE,H578Y			SILENT,I826=	MISSENSE,S1754F	MISSENSE,L1627F	MISSENSE,D265N									SILENT,V93=					MISSENSE,N234S								MISSENSE,S797F
TCGA-BF-AAP1	MISSENSE,G2884R	MISSENSE,K641E	MISSENSE,E3741K	MISSENSE,A3418V		MISSENSE,G4533R	MISSENSE,G586E		MISSENSE,R1088Q	MISSENSE,E166K								MISSENSE,G1868R				SILENT,L639=		SPLICE,X1425_splice			MISSENSE,G2881E	SILENT,F421=			NONSENSE,W658*						MISSENSE,R880Q		MISSENSE,P4518S							MISSENSE,R149C		SILENT,F922=		
TCGA-YG-AA3N	MISSENSE,E3766K	MISSENSE,V640E	MISSENSE,E4427K	MISSENSE,P4208S	SILENT,S1627=	MISSENSE,P4940S	MISSENSE,A278V	SILENT,Q900=	MISSENSE,R483Q		MISSENSE,P940L	NONSENSE,Q710*		NONSENSE,Q261*	MISSENSE,M237I		MISSENSE,E991K		MISSENSE,S5093F	MISSENSE,G755E	MISSENSE,G2136R	MISSENSE,S834F			SILENT,P342=	MISSENSE,G675R		MISSENSE,D199N			MISSENSE,P496S	MISSENSE,P784S			NONSENSE,Q445*	MISSENSE,K2299E	SILENT,E565=	MISSENSE,L402F	MISSENSE,T3133I		SILENT,R874=	MISSENSE,P192S		MISSENSE,D533N	MISSENSE,E452K	MISSENSE,D313N				
TCGA-GN-A262	MISSENSE,G13616E	MISSENSE,V640E	MISSENSE,D1216N	MISSENSE,A599E	SILENT,G80=			MISSENSE,S647L																									SILENT,G919=				SILENT,F545=													
TCGA-FS-A1ZC	MISSENSE,P9127S	MISSENSE,V640E	MISSENSE,L3276F	MISSENSE,P1018L		SILENT,S3598=		SILENT,Q730=		SILENT,R475=	MISSENSE,G862E		MISSENSE,S508F											MISSENSE,P3326L			MISSENSE,P1770L		MISSENSE,G614E		SILENT,L616=			SPLICE,X95_splice	MISSENSE,G362E	MISSENSE,R715Q	MISSENSE,G509E		MISSENSE,D1956N									SILENT,S308=	MISSENSE,P247S	
TCGA-EB-A3XB	MISSENSE,V9022A	MISSENSE,V640E	MISSENSE,G268R		FRAMESHIFT,R1401Gfs*44	MISSENSE,P4666S	MISSENSE,S1274F				SILENT,S4352=				MISSENSE,D934E				MISSENSE,P4604S																									MISSENSE,E1129K		MISSENSE,E600K				
HCM-BROD-0594-C43	MISSENSE,E12604K	MISSENSE,R389C	MISSENSE,T469A	SILENT,V1556=	MISSENSE,G84E	MISSENSE,R3344Q	SILENT,Q24=	NONSENSE,W306*	MISSENSE,R353M	MISSENSE,N602I	NONSENSE,W4576*	MISSENSE,E1461K	MISSENSE,E1187K	MISSENSE,P1326S	MISSENSE,E1594K		MISSENSE,P1178S	MISSENSE,R28Q			MISSENSE,G2301D	MISSENSE,E1350K		MISSENSE,S1799L		FRAMESHIFT,L763*	MISSENSE,D1556V		MISSENSE,P308S	MISSENSE,P1061L	MISSENSE,E356K				MISSENSE,P380L	MISSENSE,S1208L					MISSENSE,D423N				SILENT,F658=	SILENT,L345=	MISSENSE,P1654L	MISSENSE,D616N		SILENT,P224=
TCGA-ER-A19E	MISSENSE,S7987F	MISSENSE,V640E	MISSENSE,R559C		MISSENSE,G2966E		MISSENSE,S329F		MISSENSE,Y688S	NONSENSE,R1021*					MISSENSE,D1560N					SILENT,V1358=			SPLICE,X224_splice										MISSENSE,E296K	MISSENSE,S990L								MISSENSE,E319K					MISSENSE,H90R			
TCGA-BF-A5EQ	MISSENSE,D8060N	MISSENSE,V640E	MISSENSE,G510E		MISSENSE,H1287Y				MISSENSE,P876S						MISSENSE,H1942Y							SILENT,I245=						MISSENSE,R229H					NONSENSE,Q167*	MISSENSE,S297F		SILENT,S2769=													MISSENSE,D1398N	
TCGA-DA-A1I4	MISSENSE,H2077Y	MISSENSE,V640E	MISSENSE,T616I		SILENT,F3249=	NONSENSE,Q557*					MISSENSE,P4519S											SILENT,S1082=												MISSENSE,P710S						MISSENSE,E121K										MISSENSE,L193F
TCGA-EB-A6QY	MISSENSE,P2416S	MISSENSE,V640E	MISSENSE,E3582K			MISSENSE,E2655K	MISSENSE,D157N			SILENT,G975=	MISSENSE,P4857L										MISSENSE,G192E													SPLICE,X638_splice						MISSENSE,R699W										
HCM-BROD-0719-C43	MISSENSE,S3381L	MISSENSE,V640E	MISSENSE,R3323C		SILENT,G499=	MISSENSE,G4375E		MISSENSE,G950E			MISSENSE,S670F	MISSENSE,R1067W					MISSENSE,G1404E	MISSENSE,D553N				SILENT,I938=	MISSENSE,H179Y							SILENT,S497=							MISSENSE,H1310Y				MISSENSE,D1820N							MISSENSE,E57K		
TCGA-EE-A20H	MISSENSE,N6219S	MISSENSE,V640E	MISSENSE,R2302W	SILENT,L706=	SILENT,T3204=	MISSENSE,L3408P	SILENT,L648=			SILENT,P1359=		MISSENSE,E1156K	MISSENSE,E810K						MISSENSE,P5469S			SILENT,V1796=					MISSENSE,R2513C					MISSENSE,R765C												MISSENSE,N430S						
TCGA-EB-A5FP	MISSENSE,M8891I	MISSENSE,V640E	MISSENSE,R460Q					MISSENSE,P1168L			MISSENSE,P4268L			MISSENSE,M53I	NONSENSE,R1732*			SILENT,I1605=					NONSENSE,R213*								MISSENSE,R379C							MISSENSE,P667S							MISSENSE,D796N			SILENT,F944=		
TCGA-ER-A19M	MISSENSE,E1789K	MISSENSE,V640E	MISSENSE,E1776V						MISSENSE,E460K			MISSENSE,D344N			MISSENSE,S632F			SILENT,A1387=	MISSENSE,R4198G		MISSENSE,E621K							MISSENSE,F392Y	MISSENSE,S626F				SILENT,G715=					MISSENSE,P431S		MISSENSE,P357S								SILENT,V732=		
TCGA-EB-A3XF	MISSENSE,S2906F	MISSENSE,V640E	MISSENSE,N1636T		SILENT,V532=						MISSENSE,A4305V		MISSENSE,F1003I		MISSENSE,E1217K		MISSENSE,G109R			MISSENSE,P492S				MISSENSE,P2595S																										
TCGA-GN-A263	MISSENSE,D14355N	MISSENSE,V640E	MISSENSE,R363K									MISSENSE,G1322E							MISSENSE,S606F							SILENT,F1479=					SILENT,F177=				SPLICE,X179_splice								MISSENSE,P807S			MISSENSE,R533Q			MISSENSE,E649K	
TCGA-EB-A42Z	MISSENSE,G10932E	MISSENSE,V640E	MISSENSE,G3863R																																															
ER-ADBL	MISSENSE,P12852L	MISSENSE,V640E		MISSENSE,S4441F	MISSENSE,L415F			MISSENSE,E892K		SILENT,P1268=	MISSENSE,D2469N			MISSENSE,D1092N	MISSENSE,G453E			NONSENSE,Q67*		SILENT,G202=								MISSENSE,P911S				SILENT,S2810=								MISSENSE,R35K		MISSENSE,S1096F		SILENT,F1075=		MISSENSE,P59L			SILENT,R324=	
TCGA-EB-A85I	MISSENSE,E14103K	MISSENSE,V640E		MISSENSE,G242E		MISSENSE,D2851N																SILENT,L1228=										SILENT,F280=																		
TCGA-EB-A3XC	MISSENSE,D13852N	MISSENSE,V640G		MISSENSE,A182T			MISSENSE,Q357H			MISSENSE,D394E		SILENT,F439=			MISSENSE,R94S		MISSENSE,H1180Y						MISSENSE,C275Y	MISSENSE,A970T								SILENT,L332=			MISSENSE,K395T	MISSENSE,S3050F										MISSENSE,E238K				
TCGA-GF-A769	MISSENSE,G12293V	MISSENSE,V640E		MISSENSE,D2279N					MISSENSE,G362E																																MISSENSE,G204S									
TCGA-DA-A1I7	MISSENSE,S2431F	MISSENSE,V640E		MISSENSE,P3481L		SILENT,F2070=				SILENT,Q1145=											MISSENSE,R1579K				SILENT,L44=																									
TCGA-EB-A5SE	MISSENSE,G9696E	MISSENSE,V640E		MISSENSE,G3842E																													MISSENSE,G914R																	
TCGA-EB-A299	MISSENSE,E1312K	MISSENSE,V640E			MISSENSE,E2405K	NONSENSE,W4932*							MISSENSE,E691K									MISSENSE,P595S	MISSENSE,R248W																											
HCM-BROD-0339-C43	MISSENSE,A8292T	MISSENSE,V640E	SILENT,Q1517=		MISSENSE,R437K		MISSENSE,S606F							MISSENSE,G705E				MISSENSE,D960N					MISSENSE,S127F	MISSENSE,H2006Y												MISSENSE,G630R							MISSENSE,R796C							
TCGA-BF-A3DL	MISSENSE,S10847L	MISSENSE,V640E			MISSENSE,G43E		MISSENSE,E567K																NONSENSE,R196*		SILENT,F444=		MISSENSE,L217V										MISSENSE,P1243S			MISSENSE,R638Q				MISSENSE,D415N						
TCGA-XV-A9W5	MISSENSE,S4294F	MISSENSE,V640E	SILENT,C248=		MISSENSE,S1775L			MISSENSE,P1254L									MISSENSE,G1404E																							MISSENSE,R358S										
TCGA-ER-A19F	MISSENSE,S6766L	MISSENSE,G506E	SILENT,R621=		MISSENSE,G742E			SILENT,F1246=			MISSENSE,S905P		SILENT,I142=	MISSENSE,E806K								MISSENSE,G1604R		MISSENSE,S1915F	MISSENSE,G130E	SPLICE,X69_splice			MISSENSE,M534I		MISSENSE,D170N					MISSENSE,D2262N						SILENT,S969=								
TCGA-BF-A5ER	MISSENSE,P4745S	MISSENSE,V640E			MISSENSE,P1906L						MISSENSE,T343I							SILENT,L1219=															SILENT,P999=																	
TCGA-ER-A19O	MISSENSE,E2089K	MISSENSE,V640E			MISSENSE,G2578E												MISSENSE,P1190S				MISSENSE,S2132N								MISSENSE,P308L																		MISSENSE,S287L			
TCGA-EB-A431	MISSENSE,E6605K	MISSENSE,V640E				MISSENSE,P4539L	MISSENSE,K1159R	SPLICE,X72_splice	MISSENSE,P1244S			MISSENSE,K1083T		MISSENSE,S847N			MISSENSE,P914S	SILENT,V424=	MISSENSE,P4331S				NONSENSE,R342*	MISSENSE,S3160F			MISSENSE,H494Y		MISSENSE,G492R			SILENT,I615=				MISSENSE,P1226L	MISSENSE,M627I	SILENT,S352=			SILENT,P1577=	MISSENSE,S227F	MISSENSE,R796C	SILENT,I1072=	MISSENSE,M474I					MISSENSE,P511S
TCGA-ER-A19K	MISSENSE,S2184F	MISSENSE,V640E	SILENT,S2795=			MISSENSE,E1506K	MISSENSE,D787H		MISSENSE,G584E	SILENT,I1009=			SILENT,V851=		SILENT,T1866=			SPLICE,X1168_splice				MISSENSE,D1284N							MISSENSE,P85S									SILENT,G920=												
TCGA-BF-A3DJ	MISSENSE,P5119S	MISSENSE,V640E				MISSENSE,R1826K	MISSENSE,E1344K																											NONSENSE,Q725*			MISSENSE,G509E													
HCM-BROD-0444-C43	MISSENSE,D6631N	PROTEININS,T639du				MISSENSE,S4210L		MISSENSE,M1397I		MISSENSE,P748S	SILENT,S3063=	MISSENSE,G1322E							FRAMESHIFT,R5048Vfs*3	MISSENSE,P675S	MISSENSE,P948S						SILENT,F235=					MISSENSE,T148S																		
TCGA-EB-A553	MISSENSE,P10894L	MISSENSE,V640E				MISSENSE,V376M		MISSENSE,R183L	SILENT,S52=					MISSENSE,I1526T											MISSENSE,P139Q									MISSENSE,P1562L							MISSENSE,D1571N				MISSENSE,E123K	MISSENSE,L502Q				
HCM-BROD-0758-C43	MISSENSE,S1939L	MISSENSE,K641E	SILENT,L3129=			MISSENSE,D4623N			MISSENSE,R483Q						NONSENSE,W1281*					MISSENSE,L199F			MISSENSE,T211I														SILENT,L625=									MISSENSE,R266Q				
TCGA-GN-A26A	MISSENSE,M6917I	MISSENSE,V640E			SILENT,E392=	MISSENSE,P2092L			MISSENSE,G542E																		MISSENSE,S189N																							SILENT,R750=
TCGA-EB-A550	MISSENSE,S9521F	MISSENSE,V640E				MISSENSE,A4627V	SILENT,G1401=				MISSENSE,V682F		NONSENSE,Q793*																																					
TCGA-BF-AAP7	MISSENSE,P2471L	MISSENSE,V640E				MISSENSE,T2169I							MISSENSE,G573S	MISSENSE,S565L														MISSENSE,D326N		SILENT,G876=		MISSENSE,T2571I		PROTEINALTERING,N1750_L1751delinsK						MISSENSE,D484N										
TCGA-BF-A3DN	MISSENSE,E4517K	MISSENSE,V640E					MISSENSE,S1059F	SILENT,I751=																																MISSENSE,G243S										
TCGA-EB-A3XD	MISSENSE,G755E	MISSENSE,V640E				SILENT,A4238=		MISSENSE,S839F			SILENT,S4287=						MISSENSE,T278S		MISSENSE,P4929S								NONSENSE,W2753*				NONSENSE,Q182*							MISSENSE,P250L												
TCGA-EB-A430	MISSENSE,S11083L	MISSENSE,V640E											MISSENSE,R711C	MISSENSE,N723T							MISSENSE,G658S	MISSENSE,S764N		FRAMESHIFT,E4343Kfs*13	MISSENSE,P193L				MISSENSE,P7L	SILENT,A397=																				
TCGA-BF-A3DM	MISSENSE,P7088S	MISSENSE,V640E											SILENT,V9=		MISSENSE,E167K					NONSENSE,R1088*					MISSENSE,P533L							SILENT,F1731=		NONSENSE,E1260*										SILENT,T654=	MISSENSE,P414L					
HCM-BROD-0677-C43	MISSENSE,T9197A	MISSENSE,V640E	SILENT,K2031=						SILENT,R353=					SILENT,V1540=									NONSENSE,R342*																	MISSENSE,H354Y										
TCGA-WE-AAA4	MISSENSE,E316K	MISSENSE,V640E	SILENT,A2773=	SILENT,N4220=																							MISSENSE,G2205E	MISSENSE,E568V									MISSENSE,N143K					MISSENSE,S464P								
TCGA-EB-A4P0	MISSENSE,A909V	MISSENSE,V640E																		SILENT,V739=								MISSENSE,S224A				MISSENSE,T1946I																		
TCGA-EE-A20B	MISSENSE,P872S	MISSENSE,V640E																											MISSENSE,D586N												MISSENSE,V1305I									
TCGA-FS-A1ZN	MISSENSE,S7242F	MISSENSE,V640E																																							MISSENSE,A346T									
TCGA-ER-A19S	MISSENSE,P3536L	MISSENSE,V640E																			SILENT,G2293=																					SILENT,F180=					MISSENSE,G809E			
TCGA-EE-A20C	MISSENSE,P896L		NONSENSE,Q824*	MISSENSE,P4022S	NONSENSE,Q3370*	NONSENSE,R4038*	MISSENSE,G586R	MISSENSE,R770K	SILENT,I1117=	MISSENSE,D86N		MISSENSE,D462N	SPLICE,X907_splice	SILENT,I443=		MISSENSE,Q61R		NONSENSE,W269*		MISSENSE,R1313Q				MISSENSE,P2446S		MISSENSE,S833F			SILENT,V155=	SILENT,G442=		SILENT,S2296=	SILENT,Q673=			MISSENSE,P3139L	NONSENSE,W1071*	MISSENSE,E915K	SILENT,L4011=	SILENT,L11=	MISSENSE,T1041I	MISSENSE,K737E				MISSENSE,E352K	MISSENSE,R1064C	SILENT,V472=	MISSENSE,G839R	
TCGA-GN-A26C	MISSENSE,S1895F		NONSENSE,Q3363*	MISSENSE,P1041S	MISSENSE,E2716K	MISSENSE,G4788E		MISSENSE,G132R		SILENT,P1359=	NONSENSE,W4585*	SILENT,L1357=					MISSENSE,G288S		SILENT,T1911=	MISSENSE,P120S		MISSENSE,R1139Q	NONSENSE,Q317*			NONSENSE,L604*	MISSENSE,K2111T	MISSENSE,S952F	MISSENSE,S231F	MISSENSE,K890N	MISSENSE,G282R			NONSENSE,Q871*	MISSENSE,E392K			MISSENSE,P719L					MISSENSE,G728E						MISSENSE,E1029K	MISSENSE,D978E
HCM-CSHL-0864-C44	MISSENSE,G12297E		NONSENSE,Q1010*	MISSENSE,S4514F	MISSENSE,G84R		MISSENSE,D660N	MISSENSE,G368E			MISSENSE,S4215F						SPLICE,X1086_splice		MISSENSE,R3342H	MISSENSE,S336F		MISSENSE,P572L	FRAMESHIFT,R342Efs*3				MISSENSE,M2578L			MISSENSE,G717R				NONSENSE,R1754*		MISSENSE,P1905S		MISSENSE,H545Y	NONSENSE,R937*		MISSENSE,G1415E			SILENT,Q460=	MISSENSE,S375F				NONSENSE,W475*	MISSENSE,P481S
HCM-BROD-0702-C43	MISSENSE,E10248K		NONSENSE,W1658*	MISSENSE,G1400E	MISSENSE,H2618Y		MISSENSE,P863S	MISSENSE,G1386E					MISSENSE,F1028I		NONSENSE,Q1127*		MISSENSE,G127R		SPLICE,X4839_splice					MISSENSE,E399Q		NONSENSE,K1848*		MISSENSE,S939L	MISSENSE,P603S	MISSENSE,D626N	MISSENSE,P133L	SILENT,S3349=				SILENT,I1332=		MISSENSE,G990D	MISSENSE,P731H			SILENT,L1115=	MISSENSE,P996S				MISSENSE,M481I	MISSENSE,G929R		
TCGA-BF-AAOX	MISSENSE,S11273N		SPLICE,X4214_splice		SILENT,T1246=	MISSENSE,G4579E		MISSENSE,E55K	MISSENSE,S142F	MISSENSE,G55E		MISSENSE,N264S	MISSENSE,R711C	MISSENSE,D1344N	MISSENSE,S1468F	MISSENSE,Q61L		NONSENSE,R705*	SILENT,S1050=			MISSENSE,R1330K						MISSENSE,F585L		MISSENSE,A484V			MISSENSE,D633N			MISSENSE,R1439Q	MISSENSE,V727M	SILENT,R614=	NONSENSE,Y3981*	MISSENSE,P698S						MISSENSE,E238K	SILENT,L1472=			
TCGA-FR-A726	MISSENSE,G138E	SILENT,L607=	MISSENSE,G4317R	NONSENSE,R1214*	MISSENSE,S280L	NONSENSE,Q2469*	MISSENSE,E79K	SILENT,K96=	SPLICE,X700_splice	NONSENSE,R1337*	NONSENSE,Q337*	MISSENSE,M915I	MISSENSE,P925S	MISSENSE,G705E	MISSENSE,R1961K		MISSENSE,G1014E	MISSENSE,E1458K	MISSENSE,P4354S	MISSENSE,P536S	MISSENSE,T28I	MISSENSE,E842K		NONSENSE,Q3948*	MISSENSE,S637L	NONSENSE,Q1815*	MISSENSE,H1785Y	MISSENSE,E76K	MISSENSE,G611E	NONSENSE,Q103*	NONSENSE,Q122*	MISSENSE,P2687L	MISSENSE,G952E	MISSENSE,S154L	SILENT,R391=	MISSENSE,G3517S	FRAMESHIFT,V93Kfs*55	MISSENSE,S833L	MISSENSE,P4317L	MISSENSE,P357S	SILENT,T1041=	MISSENSE,E400K	MISSENSE,P412S	NONSENSE,Q249*	MISSENSE,E590G	MISSENSE,P596S	MISSENSE,S1138L	MISSENSE,S225F	MISSENSE,F789L	
HCM-BROD-0334-C43	MISSENSE,S3627P		MISSENSE,N2239S	NONSENSE,R791*	MISSENSE,E2196K	SILENT,L3793=				MISSENSE,F462V	MISSENSE,S1207F	MISSENSE,S598F	SILENT,P1186=		MISSENSE,G1557E			MISSENSE,G203R	MISSENSE,S537F	MISSENSE,P675L	SILENT,F2138=	SILENT,V58=				MISSENSE,A2198V			MISSENSE,A478V		SILENT,Q183=	MISSENSE,E1414K									SILENT,P803=	MISSENSE,P699S	SILENT,R1066=	SILENT,A1047=		MISSENSE,R495P		SILENT,L870=		
HCM-BROD-0596-C43	MISSENSE,H3714Y		MISSENSE,R3361Q	MISSENSE,E4262K	SPLICE,X3050_splice	NONSENSE,R2960*	MISSENSE,G850E	MISSENSE,E797K			MISSENSE,L2278F	MISSENSE,D1364N	SILENT,L102=	SILENT,F317=	MISSENSE,E1708K		MISSENSE,G702S	SILENT,I255=	MISSENSE,E913K			MISSENSE,T697I				SPLICE,X1325_splice	SILENT,R2341=					FRAMESHIFT,N2422Tfs*14	MISSENSE,S1560A			SILENT,V560=		MISSENSE,R439C	SILENT,T2509=				MISSENSE,P792L		MISSENSE,R300P		MISSENSE,H609Y			
TCGA-EB-A41A	MISSENSE,E10676K		MISSENSE,S1992F	MISSENSE,G2225E	NONSENSE,W1928*	MISSENSE,G1243E	MISSENSE,H92Y	MISSENSE,E797K		SILENT,G975=				SILENT,E98=	SILENT,K1357=		MISSENSE,P1346S	SILENT,T1540=			MISSENSE,A746V	SILENT,I290=	MISSENSE,G187S			NONSENSE,R440*	MISSENSE,G437R		MISSENSE,S173L	SILENT,S1193=				MISSENSE,T856I	MISSENSE,S440F		MISSENSE,L901F				MISSENSE,P814L					MISSENSE,G594R		NONSENSE,Q270*		
HCM-BROD-0569-C43	MISSENSE,P5119S		MISSENSE,E109K	MISSENSE,G981R	MISSENSE,P2105L	MISSENSE,R3299H	MISSENSE,P904L	MISSENSE,I321N	NONSENSE,Q86*	MISSENSE,G705E	MISSENSE,S491L	MISSENSE,S929F	MISSENSE,E764K	MISSENSE,R189Q			NONSENSE,Q775*	SILENT,E1320=		MISSENSE,G117R	MISSENSE,G1413R	MISSENSE,S1526F			SILENT,Q360=		MISSENSE,P589L				SILENT,Q99=			NONSENSE,Q455*	MISSENSE,H279Y			MISSENSE,H317Y	SILENT,F2703=		MISSENSE,E1939K		MISSENSE,P1192S				SILENT,P54=			MISSENSE,P218L
TCGA-EE-A29V	MISSENSE,H8640Y		MISSENSE,S4375N	MISSENSE,S1660F	MISSENSE,G2146S	MISSENSE,G2598R	MISSENSE,G1110R	MISSENSE,G1372E	SILENT,E868=						MISSENSE,S1440N	MISSENSE,G12A		MISSENSE,P1543L			MISSENSE,N65S		NONSENSE,E198*				MISSENSE,G2881E	MISSENSE,E678K				MISSENSE,S3349F												MISSENSE,G997D			MISSENSE,P477L	MISSENSE,T814P		
TCGA-EE-A3J5	MISSENSE,A7559S		MISSENSE,P3210S	MISSENSE,N820K	MISSENSE,G3043E	MISSENSE,S1613L	MISSENSE,D1192N		MISSENSE,E37K	MISSENSE,G382E			MISSENSE,P800L				MISSENSE,P111S	MISSENSE,D960N		MISSENSE,S1438L	NONSENSE,S1273*	MISSENSE,E1784K	MISSENSE,R213Q	MISSENSE,D372N	MISSENSE,P342L	SPLICE,X1870_splice		SILENT,I553=		SILENT,L901=		MISSENSE,P1013L	MISSENSE,G935V		MISSENSE,S366F	MISSENSE,K3250N		MISSENSE,E264K		MISSENSE,G740E		SILENT,V308=	MISSENSE,P621L			MISSENSE,R31C	SILENT,T210=	SILENT,G387=		MISSENSE,E1184K
TCGA-D3-A5GO	MISSENSE,P445S		MISSENSE,E2051K	MISSENSE,P950L	MISSENSE,V448M	MISSENSE,P3778S		SILENT,L490=	NONSENSE,Q86*	NONSENSE,R661*		SILENT,K29=		MISSENSE,E944K	MISSENSE,R529Q	MISSENSE,Q61R	MISSENSE,G748D	MISSENSE,T931N		MISSENSE,E1036K			MISSENSE,R280K				MISSENSE,P504S				NONSENSE,M1?	SILENT,L809=	MISSENSE,N424S		MISSENSE,K204I		MISSENSE,R1032Q			MISSENSE,G580S			MISSENSE,R472Q		MISSENSE,A700T			MISSENSE,R762C	MISSENSE,S803L	
TCGA-EE-A17X	MISSENSE,M4091I		MISSENSE,V673M	MISSENSE,D1472N	MISSENSE,E3572K	MISSENSE,E1381K				MISSENSE,P1351L		SILENT,F121=		MISSENSE,S872F		MISSENSE,Q61K	MISSENSE,G555E	MISSENSE,S1896F						MISSENSE,S4050L		MISSENSE,Y49F	MISSENSE,S2088F		MISSENSE,S127N	MISSENSE,P550S						MISSENSE,P2816L				MISSENSE,P698S		MISSENSE,E114K			SILENT,I443=			MISSENSE,R854C		
ASCProject_0165	MISSENSE,S11187F		MISSENSE,E4054K	MISSENSE,R4055K	MISSENSE,P489S	MISSENSE,P2901S			SILENT,I1253=					MISSENSE,E474K		MISSENSE,Q61K	MISSENSE,G168E		MISSENSE,S2852F		MISSENSE,P1614S		NONSENSE,ACAAGAAGTGGAGAATGTCAGT>-					SILENT,I8=					MISSENSE,G926E						MISSENSE,G3104E	MISSENSE,F384L	MISSENSE,P116S								MISSENSE,G29E	
TCGA-Z2-A8RT	MISSENSE,E8535K		MISSENSE,E1123K	MISSENSE,L1980F	SILENT,L3147=	MISSENSE,E2838K	MISSENSE,D1284N	MISSENSE,P849S	SILENT,S365=	MISSENSE,G689R	MISSENSE,G801S			MISSENSE,E1605K			MISSENSE,G240R	NONSENSE,W57*	MISSENSE,S2274L	SPLICE,X992_splice	SILENT,F2075=		NONSENSE,R213*					MISSENSE,E562K		SILENT,A500=			MISSENSE,N1544D			MISSENSE,S296L			MISSENSE,S4057P			SILENT,I371=			MISSENSE,E123K				MISSENSE,E935K	
TCGA-WE-A8K4	MISSENSE,E1809K		MISSENSE,R3175K	MISSENSE,P2563S		MISSENSE,E2655K	MISSENSE,H491Y	MISSENSE,R364Q		MISSENSE,L158Q		SILENT,N802=	MISSENSE,P1080L	MISSENSE,E1295K				SILENT,E1639=										MISSENSE,K215N				MISSENSE,T997I	MISSENSE,P547L		SILENT,I271=				SILENT,V936=				MISSENSE,G194D							
TCGA-EB-A4XL	MISSENSE,E919K		MISSENSE,N2928K	MISSENSE,G1960E			MISSENSE,N1375S			SILENT,R1329=		MISSENSE,D1153N	MISSENSE,R106C					NONSENSE,Q842*		MISSENSE,S76F					SILENT,R290=																	NONSENSE,Q982*				MISSENSE,R243Q	MISSENSE,N1249K			
TCGA-FR-A3R1	MISSENSE,S5042F		MISSENSE,E668K	MISSENSE,D3858N			SILENT,I48=	MISSENSE,G1009E					MISSENSE,P331S				MISSENSE,P455L		SILENT,F1308=	SILENT,E1288=						NONSENSE,Q1070*							MISSENSE,G359E		MISSENSE,G362E						NONSENSE,Q540*							MISSENSE,D921N		
TCGA-EE-A29B	MISSENSE,P1379L		MISSENSE,D41N	MISSENSE,V1497G					MISSENSE,P739S															MISSENSE,S144F					MISSENSE,P308S		SILENT,L117=						MISSENSE,G1063E						MISSENSE,P1009S						MISSENSE,Q934P	
TCGA-BF-A1PV	MISSENSE,T3849A		MISSENSE,G232E		MISSENSE,D229N		MISSENSE,E614K			NONSENSE,R1337*						MISSENSE,Q61L										NONSENSE,R440*	SILENT,F2702=	MISSENSE,R104Q		MISSENSE,T716I																				
HCM-BROD-0557-C43	MISSENSE,F11934I		MISSENSE,R2772C	SILENT,K1595=	MISSENSE,E393K			MISSENSE,P1348S	MISSENSE,S142F			SILENT,E803=				MISSENSE,Q61K		MISSENSE,R179Q							SILENT,G226=																						MISSENSE,E663K			
HCM-BROD-0721-C43	MISSENSE,G1050E		MISSENSE,P2905L		MISSENSE,H388L				NONSENSE,W752*					MISSENSE,E1606K		MISSENSE,Q61R					MISSENSE,G1196E		MISSENSE,L194F		MISSENSE,E356K														MISSENSE,P2813S			MISSENSE,K261R							SILENT,R270=	
HCM-BROD-0679-C43	MISSENSE,G4384R		MISSENSE,I1263V			NONSENSE,R4702*				MISSENSE,S441F		MISSENSE,E1102K		MISSENSE,E1295K		MISSENSE,Q61R										MISSENSE,S2402L	MISSENSE,E2017K			MISSENSE,E182K				NONSENSE,R274*						MISSENSE,R28K			MISSENSE,P568S		MISSENSE,P353S					
TCGA-FS-A1ZK	MISSENSE,A8985V		MISSENSE,L1577F			MISSENSE,E3163K	MISSENSE,E734D	MISSENSE,P352S			MISSENSE,E279K	MISSENSE,D916N	MISSENSE,P759L		MISSENSE,E1315K		NONSENSE,W1327*		MISSENSE,P2029S	SILENT,G1076=		MISSENSE,R322W								MISSENSE,E1209K	SILENT,L50=		SILENT,E273=		MISSENSE,E319K		MISSENSE,G345R		SILENT,V2615=			MISSENSE,L541F	MISSENSE,L765P	MISSENSE,D56V			MISSENSE,S551F		NONSENSE,R96*	MISSENSE,S1212F
TCGA-BF-A1Q0	MISSENSE,D11556N		MISSENSE,S2894L			MISSENSE,P2216S	MISSENSE,E614K					MISSENSE,H1129Y											MISSENSE,E286K							NONSENSE,Y399*				FRAMESHIFT,T1216Sfs*27	MISSENSE,S223R				MISSENSE,H1522Y											
HCM-BROD-0643-C43	MISSENSE,P2309L		MISSENSE,G2385E				MISSENSE,G820R								SILENT,N927=	MISSENSE,Q61R				SILENT,I740=			MISSENSE,R280K																SILENT,L989=											
TCGA-D9-A4Z3	MISSENSE,P10922S		MISSENSE,D1294N			SILENT,G2827=		MISSENSE,P467S	MISSENSE,P1132L	MISSENSE,E957K		SILENT,K1339=	MISSENSE,P1165L			MISSENSE,Q61R						SILENT,T340=			SILENT,I727=	SILENT,S947=		MISSENSE,V477I	MISSENSE,E79K		SILENT,G407=										MISSENSE,S1330L							SILENT,R247=		MISSENSE,S1143F
TCGA-EB-A85J	MISSENSE,R1510K		MISSENSE,G1888E				SILENT,V163=		SILENT,L409=					MISSENSE,R1557C		MISSENSE,Q61K						SILENT,V727=																												
TCGA-FS-A4FC	MISSENSE,S1481L			MISSENSE,H1850Y	NONSENSE,W2747*	MISSENSE,S671L	MISSENSE,G1252E	MISSENSE,T549S				MISSENSE,M560I			MISSENSE,R1522W	MISSENSE,G13R		MISSENSE,T955I			MISSENSE,E2296K				MISSENSE,P193S			MISSENSE,E357K					MISSENSE,G410E	NONSENSE,Q961*	MISSENSE,A199T						MISSENSE,P395L						SILENT,L180=			
HCM-BROD-0642-C43	MISSENSE,P937S			MISSENSE,A910T	MISSENSE,E1045K	MISSENSE,G4287E			MISSENSE,D119N		MISSENSE,P226L		SILENT,F765=			MISSENSE,Q61K		MISSENSE,R174C			MISSENSE,R493C		MISSENSE,L194F	MISSENSE,V277A	SILENT,A244=													MISSENSE,L522F	SILENT,F974=		MISSENSE,P1381S			NONSENSE,R1027*					MISSENSE,P866S	
TCGA-BF-A5EO	MISSENSE,H12407Y			MISSENSE,E4470K		MISSENSE,H1837N	MISSENSE,R256C			MISSENSE,D256N		MISSENSE,E1461K				MISSENSE,Q61K		MISSENSE,G1122D	SILENT,A4571=					MISSENSE,Y306D					MISSENSE,S1025F	MISSENSE,D757N	MISSENSE,R379C		SILENT,L774=		SILENT,T124=		MISSENSE,E1203K					SILENT,I213=								
TCGA-EB-A41B	MISSENSE,D735N		SILENT,P2042=	MISSENSE,D1107N	SILENT,L1234=		MISSENSE,R678K	MISSENSE,R364Q	MISSENSE,E149K	MISSENSE,M1436I		SILENT,F641=	MISSENSE,S418F											SILENT,S2946=			MISSENSE,T2808I																							
TCGA-EE-A180	MISSENSE,S8560F			MISSENSE,D754N				MISSENSE,M881I				SILENT,P1142=							MISSENSE,R746W	MISSENSE,P743S						NONSENSE,W1258*										MISSENSE,V1393L							MISSENSE,G281D		MISSENSE,S160F	MISSENSE,G594R		NONSENSE,G929*		MISSENSE,Q102H
TCGA-BF-A1PX	MISSENSE,P1161S			MISSENSE,G3842E					MISSENSE,E37K																																							SILENT,G656=		
HCM-BROD-0234-C49	MISSENSE,G8651E			MISSENSE,L783P						MISSENSE,P1396S					MISSENSE,A942T				MISSENSE,S2269F				FRAMESHIFT,R156Lfs*14				MISSENSE,R2827H						SILENT,L1195=		MISSENSE,A168P				FRAMESHIFT,F1879Cfs*19		MISSENSE,A1507S			MISSENSE,G757E						MISSENSE,F53V
HCM-BROD-0701-C43	MISSENSE,P10900S		SILENT,K2933=	SILENT,F1847=	NONSENSE,W3501*	MISSENSE,N739K		MISSENSE,G496R	MISSENSE,G1174A			MISSENSE,E352K	NONSENSE,Q274*						SILENT,L900=		MISSENSE,P190S		MISSENSE,P98S	MISSENSE,P1909S	MISSENSE,A711T			SILENT,L458=								MISSENSE,K345N					SILENT,F1873=			MISSENSE,E93K	MISSENSE,S740L					
TCGA-BF-AAP2	MISSENSE,G3608E			SILENT,E88=	NONSENSE,G337*	SILENT,G3747=	MISSENSE,G224R			NONSENSE,R597*	MISSENSE,P4320L					MISSENSE,Q61R		MISSENSE,E1341K		MISSENSE,M78I			MISSENSE,H179Y					MISSENSE,S939L	SILENT,R101=		MISSENSE,D398N	MISSENSE,F3499L		NONSENSE,Q679*					MISSENSE,D597E	MISSENSE,S282F	SILENT,I532=									
TCGA-BF-AAP4	MISSENSE,G11040R				MISSENSE,G1941E		MISSENSE,G1169E					MISSENSE,E962K	MISSENSE,P1300S				MISSENSE,M1332I	SILENT,I1605=						SILENT,Y138=		NONSENSE,E715*				SILENT,L523=										MISSENSE,E121K										
TCGA-EB-A551	MISSENSE,P9416S				MISSENSE,R3655K				MISSENSE,Q1249H							MISSENSE,Q61K								SILENT,F320=															MISSENSE,D1278N					MISSENSE,E399K						
TCGA-BF-AAOU	MISSENSE,A1648T				MISSENSE,G742E				MISSENSE,D446N					SILENT,A1577=						MISSENSE,P703L																SILENT,I133=														
TCGA-BF-A5ES	MISSENSE,R9352K				MISSENSE,G3023R					MISSENSE,G55E							MISSENSE,G624E		MISSENSE,F2142L						MISSENSE,E49K						MISSENSE,R643Q			NONSENSE,S1470*																
TCGA-EE-A185	MISSENSE,E9643K					MISSENSE,R3821Q										MISSENSE,Q61K																SILENT,Q1748=																		
TCGA-BF-A1PZ	MISSENSE,P4772L			SILENT,R1510=			MISSENSE,H491Y									MISSENSE,Q61R						MISSENSE,G933D				SPLICE,X2143_splice																							MISSENSE,G900R	
TCGA-EB-A5UM	MISSENSE,P12359S						SILENT,S727=	MISSENSE,V609L				MISSENSE,E1175K	MISSENSE,P517A	MISSENSE,R461K																								MISSENSE,R386C					MISSENSE,R220Q							
HCM-BROD-0226-C43	MISSENSE,G138E							MISSENSE,E324K																	MISSENSE,P329L							SILENT,P1762=											MISSENSE,G1187A							
TCGA-BF-A5EP	MISSENSE,L7129R									MISSENSE,M1162I																										MISSENSE,P419S														
HCM-BROD-0873-C43	MISSENSE,P5851S									SILENT,I760=	MISSENSE,P4460S					MISSENSE,Q61L									SILENT,P192=																					SPLICE,X247_splice			SILENT,Q688=	
TCGA-XV-AAZY	MISSENSE,S6134L														MISSENSE,G328E	MISSENSE,Q61R												SILENT,V445=												SILENT,S421=										SILENT,I1012=
TCGA-FS-A1Z0	MISSENSE,S7958L															MISSENSE,Q61R																															SILENT,C1386=			
HCM-BROD-0225-C43	MISSENSE,G3633C																																																	
TCGA-EB-A44P		MISSENSE,V640E	NONSENSE,Q3874*	SILENT,A465=		MISSENSE,G4488E																									SILENT,K214=				MISSENSE,G142R		MISSENSE,L157F					MISSENSE,P1178L							MISSENSE,P952L	MISSENSE,P330S
TCGA-EB-A6R0		MISSENSE,V640E	MISSENSE,E3354K	MISSENSE,S164C	SILENT,F3267=			SPLICE,X30_splice												MISSENSE,R276Q		SILENT,V1863=																MISSENSE,E905K												
HCM-BROD-0745-C43	SILENT,E9006=	MISSENSE,V640E	MISSENSE,S1645L	MISSENSE,D1977N							FRAMESHIFT,T4285Hfs*29								MISSENSE,S3314F	MISSENSE,H638D			NONSENSE,E336*	NONSENSE,Q3061*			MISSENSE,G288E			MISSENSE,K848N			MISSENSE,S299F									MISSENSE,R324C	MISSENSE,G581E							
TCGA-EB-A6QZ		MISSENSE,V640E	MISSENSE,G2237S		MISSENSE,M1315T	MISSENSE,P4561L																																							MISSENSE,R566H					
HCM-BROD-0694-C43		MISSENSE,V640E	MISSENSE,D4340N	SILENT,T1633=		SILENT,G4382=	MISSENSE,S221F				MISSENSE,S1914F								MISSENSE,T5130I			MISSENSE,T75A		MISSENSE,P2202L			SILENT,V825=			SILENT,V124=				FRAMESHIFT,I325*		MISSENSE,P380S									MISSENSE,G631E	MISSENSE,S537L	MISSENSE,G266D			SILENT,H1161=
TCGA-ER-A2ND		MISSENSE,V640E	MISSENSE,D3095N																																															
TCGA-XV-AAZW		MISSENSE,V640E		MISSENSE,S1025F			SILENT,P563=																	MISSENSE,D2876N											MISSENSE,D29H															
HCM-BROD-0332-C43	SILENT,A1579=	MISSENSE,V640E			MISSENSE,R437K		MISSENSE,S221F			MISSENSE,P828S		MISSENSE,Q1152H		MISSENSE,P1145S				MISSENSE,L1321V			NONSENSE,W64*		SPLICE,X32_splice									MISSENSE,E249K																		
TCGA-LH-A9QB		MISSENSE,V640E				MISSENSE,D4131N						SILENT,F416=					NONSENSE,R1432*												MISSENSE,E723K																					
TCGA-GF-A2C7		MISSENSE,V640E				MISSENSE,P3613S																																												
TCGA-DA-A1I5	SILENT,E11233=	MISSENSE,V640E		SILENT,T1940=	SILENT,F1576=		SILENT,S808=	MISSENSE,S33F		MISSENSE,S538F				MISSENSE,R908C						MISSENSE,R1342Q	MISSENSE,E1859K		NONSENSE,R196*	MISSENSE,C432R			MISSENSE,H2914Y									MISSENSE,S203F			MISSENSE,H2203Y					MISSENSE,M999T					MISSENSE,A662T	
TCGA-EB-A24C		MISSENSE,V640E							MISSENSE,S326R																																									
TCGA-3N-A9WB		MISSENSE,H765Y								MISSENSE,S636L			MISSENSE,G1217E			MISSENSE,Q61K					MISSENSE,N1834H														SPLICE,X267_splice										MISSENSE,S192L					SILENT,T1030=
TCGA-FW-A5DX		MISSENSE,V640E									NONSENSE,Q4498*																																				MISSENSE,P191S			
TCGA-EE-A17Y	SILENT,I3452=	MISSENSE,V640E													MISSENSE,P467S		MISSENSE,G756E																																	
TCGA-DA-A1I8		MISSENSE,V640E													MISSENSE,R1364W							MISSENSE,D332E																												
TCGA-HR-A5NC		MISSENSE,V640E									SILENT,Q4374=										MISSENSE,P1929S											MISSENSE,R431C																		
HCM-BROD-0755-C43	SILENT,T2739=	MISSENSE,V640E	SILENT,G358=									SILENT,G263=											NONSENSE,Q331*																								MISSENSE,P1430S			SILENT,L366=
TCGA-BF-A1PU		MISSENSE,V640E																																NONSENSE,Q490*									MISSENSE,G728E							
TCGA-XV-AAZV		MISSENSE,V640E																																		MISSENSE,E1383K														
TCGA-ER-A19Q		MISSENSE,V640E						SILENT,R796=																							SILENT,S129=																		MISSENSE,E1400K	
HCM-BROD-0595-C43		MISSENSE,V640E																																																
HCM-BROD-0870-C43		MISSENSE,V640E							SILENT,L240=																																									
TCGA-BF-AAP6		MISSENSE,V640E																																																
TCGA-D3-A5GT		MISSENSE,V640E																																																
TCGA-D9-A4Z2		MISSENSE,V640E																																																
TCGA-EB-A3HV		MISSENSE,V640E						SILENT,F889=																																										
TCGA-EB-A3XE		MISSENSE,V640E																																																
TCGA-EB-A51B			MISSENSE,G2351E						NONSENSE,K34*						MISSENSE,R1660C				MISSENSE,A5363T						SILENT,L809=							MISSENSE,P2265S						MISSENSE,H331Y								MISSENSE,E238K				
TCGA-EB-A1NK			MISSENSE,P2342S													MISSENSE,Q61R																		SPLICE,X31_splice														MISSENSE,I48T		
TCGA-XV-A9W2			MISSENSE,E3508Q																							SPLICE,X2143_splice																								
TCGA-ER-A2NF			MISSENSE,T3404I																																															
TCGA-DA-A1I1	SILENT,F2761=			MISSENSE,E230K				MISSENSE,M881I						MISSENSE,S1515L		MISSENSE,Q61L	NONSENSE,Q1381*								SILENT,F295=																			MISSENSE,R1027Q						
TCGA-D9-A149				MISSENSE,S670L							MISSENSE,E5080K						SILENT,K901=		MISSENSE,P553S			SILENT,I1456=										MISSENSE,P3071L	MISSENSE,G1269E																	
TCGA-ER-A1A1				MISSENSE,G351E																	SILENT,R957=																													
TCGA-FS-A1ZE					SPLICE,X3288_splice				SILENT,G1110=							MISSENSE,Q61K								MISSENSE,E4137K					MISSENSE,S707L		MISSENSE,R37Q																			
TCGA-EB-A44O	SILENT,T571=				MISSENSE,T507I	SILENT,T4452=	MISSENSE,S607T	MISSENSE,G496E								MISSENSE,Q61K		MISSENSE,G807E	MISSENSE,R4746Q						SILENT,L872=																						SILENT,F677=			SILENT,I734=
TCGA-EE-A29G	SILENT,E362=				MISSENSE,G2318R		MISSENSE,F1057I							MISSENSE,L1407F		MISSENSE,Q61K									SILENT,L695=								MISSENSE,E1242K							SILENT,Y233=			MISSENSE,A1443V			MISSENSE,D358N				
ASCProject_0134							MISSENSE,G1147S				SILENT,T4095=												MISSENSE,R280G																						SILENT,P394=					MISSENSE,S248F
TCGA-EE-A184								MISSENSE,Q259K			MISSENSE,P4555H	SILENT,S991=				MISSENSE,Q61H					MISSENSE,Q2295H								MISSENSE,G249E				MISSENSE,A1200V				SILENT,I543=					SILENT,S1096=								
TCGA-GN-A264								MISSENSE,A784S																																										
TCGA-ER-A19T											MISSENSE,V859L																																							
TCGA-GN-A26D											MISSENSE,A902T																																							
TCGA-WE-A8ZY												MISSENSE,T1104N				MISSENSE,Q61R															MISSENSE,A164V																			
TCGA-ER-A2NB												MISSENSE,D1270H				MISSENSE,Q61R																																		
TCGA-EB-A82C													MISSENSE,D861N													FRAMESHIFT,I679Dfs*21																								
TCGA-HR-A2OG																MISSENSE,Q61R				NONSENSE,W551*								SILENT,A234=										MISSENSE,S187F												
TCGA-D9-A3Z4																MISSENSE,Q61R									SILENT,S218=					MISSENSE,P1206L																				
TCGA-EB-A5VU																MISSENSE,Q61R																																		
TCGA-FS-A1ZY																MISSENSE,Q61R																																		
HCM-BROD-0710-C43	SILENT,T12825=			SILENT,A294=													NONSENSE,R1432*		MISSENSE,S3284F																			SILENT,L38=		MISSENSE,P692S				SILENT,D859=						
TCGA-EB-A97M	SILENT,I2712=														SILENT,T62=			MISSENSE,S1080L		MISSENSE,E71K										MISSENSE,P1050L																				
ASCProject_0113																							MISSENSE,E286K						SILENT,L371=													MISSENSE,D942N								
TCGA-EE-A17Z																								NONSENSE,L1538*				MISSENSE,R210G																						
ASCProject_0038																								MISSENSE,P3598L																									MISSENSE,D472N	
TCGA-EB-A82B																										NONSENSE,W1997*																								
TCGA-EB-A42Y																																													MISSENSE,R390W					
HCM-BROD-0869-C43																														SILENT,T28=																				
TCGA-EB-A4OZ																																																		SILENT,A609=
TCGA-FS-A1ZU																															SILENT,I19=																			