Case	TP53	MUC16	LRP1B	CSMD3	ARID1A	FAT4	FAT3	KMT2D	ACVR2A	PREX2	KMT2C	PIK3CA	TRRAP	PTPRT	NBEA	UBR5	ZFHX3	RNF213	APC	RPL22	RNF43	SPEN	ERBB4	FAT1	CDH1	ATM	AKAP9	KMT2A	ROBO2	DCC	BIRC6	CREBBP	PTPRD	FAM135B	BRCA2	CNTNAP2	CTNND2	SETBP1	CHD4	ERBB3	ZNF521	CDH10	FLNA	KRAS	NCOR2	PTEN	SPECC1	KAT6A	FBXW7	ANK1
TCGA-VQ-A8E3	NONSENSE,W146*	NONSENSE,W904*	MISSENSE,C3409Y		FRAMESHIFT,D1850Gfs*4	MISSENSE,S4633L		FRAMESHIFT,R2471Pfs*15			MISSENSE,R4549H		MISSENSE,V1901I				SILENT,P3630=				FRAMESHIFT,G659Vfs*41	FRAMESHIFT,K1018Sfs*13							MISSENSE,E336G												SILENT,H218=	MISSENSE,N534S								
TCGA-CG-4476	SPLICE,X126_splice	NONSENSE,C13842*	MISSENSE,E1241Q			MISSENSE,L2280R													NONSENSE,Q1131*												FRAMESHIFT,T3752Lfs*28																			
TCGA-VQ-AA68	NONSENSE,E224*	FRAMESHIFT,S10Hfs*8		MISSENSE,R2314G						MISSENSE,F655V						MISSENSE,D1940N							MISSENSE,L798H	MISSENSE,G1772V																	MISSENSE,F481V									
TCGA-HF-7132	SPLICE,X126_splice	MISSENSE,R12619C	FRAMESHIFT,C857Yfs*8		FRAMESHIFT,P1326Rfs*155	MISSENSE,V3466I	MISSENSE,P3798H	FRAMESHIFT,L656Cfs*274	FRAMESHIFT,K437Rfs*5			MISSENSE,R93Q	MISSENSE,E660D		SILENT,N97=		NONSENSE,Q1245*	MISSENSE,E5149K		FRAMESHIFT,K15Rfs*5								MISSENSE,R1593H				MISSENSE,D2429N			MISSENSE,G1338D			MISSENSE,M1335I		MISSENSE,R444Q		MISSENSE,D356N					MISSENSE,E755Q		MISSENSE,R465C	
TCGA-BR-8369	SPLICE,X125_splice	MISSENSE,S5208G	NONSENSE,G4132*	SILENT,K661=																								MISSENSE,S1062P					MISSENSE,S418P																	
TCGA-BR-4366	NONSENSE,Q167*	MISSENSE,T13161A	SPLICE,X2757_splice																															MISSENSE,S645R		MISSENSE,L940F									MISSENSE,P207L					
TCGA-HU-A4H3	FRAMESHIFT,V73Wfs*50	MISSENSE,S1339Y	MISSENSE,R2161Q	MISSENSE,T2810I	FRAMESHIFT,D1850Tfs*33	SILENT,D2902=	SILENT,I521=	FRAMESHIFT,A221Lfs*40	FRAMESHIFT,K437Rfs*5		NONSENSE,S1931*	MISSENSE,E545K		MISSENSE,E1310A				MISSENSE,T3967M	MISSENSE,R1640W	FRAMESHIFT,K15Rfs*5	FRAMESHIFT,G659Vfs*41						FRAMESHIFT,K39Rfs*17																FRAMESHIFT,Q1716Sfs*23	MISSENSE,G13D			FRAMESHIFT,N303Tfs*63	FRAMESHIFT,E429Kfs*49		
TCGA-VQ-A8PP	FRAMESHIFT,L35Cfs*9	MISSENSE,S476P	MISSENSE,E589Q	MISSENSE,A3530T		SILENT,S4045=		FRAMESHIFT,P648Tfs*2	FRAMESHIFT,K437Efs*19	MISSENSE,S1325P		MISSENSE,C420R	MISSENSE,H1955R	MISSENSE,M1209I		FRAMESHIFT,E2121Kfs*28	SILENT,S3034=	MISSENSE,T3949A		FRAMESHIFT,K15Rfs*5	FRAMESHIFT,G659Vfs*41	FRAMESHIFT,P3317Rfs*83		SILENT,A1999=		MISSENSE,S214P			MISSENSE,D1359N					MISSENSE,R1193Q	FRAMESHIFT,V1283Kfs*2							FRAMESHIFT,E641Sfs*3	MISSENSE,A1063T	MISSENSE,A59T				FRAMESHIFT,V944Lfs*15		
TCGA-BR-8360	NONSENSE,R342*	MISSENSE,S2762R	MISSENSE,F1575I			SILENT,S2236=		FRAMESHIFT,K1686Nfs*36			SILENT,S1213=	MISSENSE,H1047R				FRAMESHIFT,E2121Kfs*28		MISSENSE,D2390N		FRAMESHIFT,K15Rfs*5		SILENT,G3348=										SILENT,A631=			FRAMESHIFT,N863Kfs*18			FRAMESHIFT,D138Tfs*69	MISSENSE,R1393C			MISSENSE,D572Y							MISSENSE,R465C	MISSENSE,G1597C
TCGA-BR-8483	SPLICE,X125_splice	MISSENSE,T4380K	MISSENSE,Q156H			SILENT,Q4874=				SILENT,S977=				MISSENSE,L633R																				MISSENSE,P406L									SILENT,T1508=							
TCGA-BR-7197	NONSENSE,R213*	MISSENSE,A4723S	MISSENSE,I3946V																NONSENSE,R302*				MISSENSE,K1223T							SILENT,A713=																		MISSENSE,A111S		
TCGA-VQ-A925	SPLICE,X223_splice	MISSENSE,A4577T	MISSENSE,N3043K				SILENT,T656=																													MISSENSE,D88N														
TCGA-CG-4466	FRAMESHIFT,P152Rfs*18	MISSENSE,E864D	SILENT,S3684=	MISSENSE,R3451I		MISSENSE,P2649S	MISSENSE,V2505A																SILENT,F1102=						MISSENSE,R383C								MISSENSE,E409G													
TCGA-BR-6457	NONSENSE,R306*	MISSENSE,E11386D		MISSENSE,E2573D		MISSENSE,R1169Q					SILENT,V920=																																							
TCGA-HF-7131	FRAMESHIFT,P128Lfs*42	MISSENSE,S1334R		MISSENSE,I1890T			MISSENSE,K3402T																																											
TCGA-HU-A4HD	FRAMESHIFT,V73Rfs*76	MISSENSE,P11647A		MISSENSE,E238D				MISSENSE,R3099C					SILENT,L3825=									MISSENSE,P2575T							MISSENSE,V706G																					SILENT,T1726=
TCGA-CG-5734	FRAMESHIFT,S20Qfs*24	MISSENSE,E11339D		MISSENSE,Y3436C						MISSENSE,V1169L											MISSENSE,P229S																													
HCM-BROD-0477-C16	FRAMESHIFT,N239*	MISSENSE,S8154T			FRAMESHIFT,Q743Pfs*74	MISSENSE,I3903V																																												
TCGA-B7-5818	SPLICE,X224_splice	MISSENSE,Q2954L			FRAMESHIFT,D1850Gfs*4							MISSENSE,E542K						SPLICE,X4251_splice						MISSENSE,G407E					SILENT,T61=								MISSENSE,T45I													
TCGA-D7-6818	FRAMESHIFT,D281Afs*62	MISSENSE,S8190G				MISSENSE,S2010G																											MISSENSE,G1696V																	
TCGA-VQ-A8PE	NONSENSE,R196*	MISSENSE,T4600I	SILENT,N1966=												FRAMESHIFT,P2594Lfs*6				MISSENSE,S966G																															
TCGA-D7-6525	NONSENSE,R213*	MISSENSE,K7057N													MISSENSE,Q2875K															SILENT,A1417=																				
TCGA-R5-A7ZF	NONSENSE,E198*	MISSENSE,A4102T																	NONSENSE,S1068*																				MISSENSE,R598C						MISSENSE,G2218D					
TCGA-KB-A93H	FRAMESHIFT,C135Afs*35	MISSENSE,T5843P												SILENT,L350=															MISSENSE,S1319I				SILENT,S489=	MISSENSE,R184H																
TCGA-KB-A93J	NONSENSE,W53*	PROTEINDEL,I5516_S5526del																																						PROTEININS,N1338du										
TCGA-IP-7968	NONSENSE,R342*	MISSENSE,S9579T																																																
TCGA-D7-A4YU	NONSENSE,Q192*		SPLICE,X2463_splice		FRAMESHIFT,D1850Gfs*4		MISSENSE,S2903A																SILENT,E1090=		MISSENSE,P159L					SILENT,F1293=				MISSENSE,H169Y						MISSENSE,V104M	MISSENSE,S343G	MISSENSE,L723P								
TCGA-HU-8604	FRAMESHIFT,L35Cfs*9		NONSENSE,E4584*																FRAMESHIFT,S1465Rfs*9										MISSENSE,V1348A		MISSENSE,V2561I																			
TCGA-BR-8678	NONSENSE,S94*		FRAMESHIFT,N403Ifs*17																																														MISSENSE,K404E	
TCGA-CG-4469	NONSENSE,R213*		MISSENSE,E1327D	SPLICE,X939_splice	MISSENSE,L2008R	NONSENSE,R122*									MISSENSE,N1950T				MISSENSE,S1421N		NONSENSE,E277*		MISSENSE,G240R														MISSENSE,K1192T													
TCGA-3M-AB46	FRAMESHIFT,D281Gfs*63		MISSENSE,W2337C	MISSENSE,R1227Q																																								MISSENSE,R151T		MISSENSE,C124S			MISSENSE,H500Q	
TCGA-HU-A4GC	SPLICE,X307_splice	SILENT,T4858=	MISSENSE,L1698R			MISSENSE,V2352I				SILENT,R10=					NONSENSE,R2845*																								MISSENSE,P1530L											
TCGA-ZQ-A9CR	SPLICE,X25_splice		MISSENSE,P4029T				MISSENSE,D1249G																						MISSENSE,G917V																					
TCGA-VQ-A91N	FRAMESHIFT,E294Sfs*51	SILENT,T7061=	MISSENSE,D2944E							MISSENSE,A1577V																																								
TCGA-BR-8683	FRAMESHIFT,G226Afs*21		MISSENSE,L389I													PROTEINDEL,S703del																																		
TCGA-CD-8524	NONSENSE,R213*	SILENT,K12711=	MISSENSE,V3094I																				MISSENSE,P1132S																											
TCGA-VQ-A8PC	SPLICE,X261_splice		MISSENSE,W615L																							MISSENSE,F505C				MISSENSE,L545R				MISSENSE,V1354G																
TCGA-BR-7723	SPLICE,X261_splice		MISSENSE,P479A																												SILENT,A2858=				MISSENSE,K3313Q								MISSENSE,G1337V							
TCGA-BR-A4PF	FRAMESHIFT,P82Rfs*41		MISSENSE,G3162R																																															
TCGA-CG-5732	FRAMESHIFT,C229Yfs*10		MISSENSE,R2597H	SILENT,S3240=																													SILENT,S387=																	
TCGA-BR-4363	FRAMESHIFT,P301Qfs*44			FRAMESHIFT,F3640Lfs*61	FRAMESHIFT,P1468Lfs*13		MISSENSE,V4221I	FRAMESHIFT,K1686Nfs*36	FRAMESHIFT,K437Rfs*5		FRAMESHIFT,F4496Lfs*21		SILENT,A3090=					MISSENSE,A908V		FRAMESHIFT,K15Rfs*5		FRAMESHIFT,F401Lfs*6								MISSENSE,L59P				MISSENSE,R1156W				SILENT,I871=	MISSENSE,D948N				MISSENSE,V1637M							
TCGA-HJ-7597	FRAMESHIFT,P152Rfs*18			MISSENSE,Q1578P	FRAMESHIFT,D1850Tfs*33			FRAMESHIFT,Q2473Sfs*12	FRAMESHIFT,K437Rfs*5				MISSENSE,R107H					SILENT,L5067=		FRAMESHIFT,K15Rfs*5	FRAMESHIFT,G659Vfs*41				SILENT,H233=				SILENT,D1223=			FRAMESHIFT,I1084Sfs*15	MISSENSE,T955N												MISSENSE,K684E					
TCGA-VQ-A8P5	SPLICE,X261_splice			MISSENSE,W1751C		MISSENSE,L3764R				MISSENSE,L50V																																								
TCGA-BR-8690	NONSENSE,Q144*			MISSENSE,S506A		MISSENSE,M2714K								SILENT,F1303=		NONSENSE,L1752*							SILENT,L970=									MISSENSE,I1471N																		
TCGA-HU-A4H2	FRAMESHIFT,P152Wfs*10			MISSENSE,F1198V		MISSENSE,S4092R																				SILENT,S1878=										MISSENSE,K491T														
TCGA-D7-6526	NONSENSE,N345Sfs*2			MISSENSE,E2280K				MISSENSE,R1290W																																										
TCGA-D7-6822	FRAMESHIFT,T284Kfs*61			MISSENSE,F1457L											MISSENSE,P1311R																		NONSENSE,K1577*																	
TCGA-F1-6875	SPLICE,X261_splice			MISSENSE,T2497A															NONSENSE,R499*																															
TCGA-IN-8462	FRAMESHIFT,P153Afs*28			MISSENSE,D2410N																			MISSENSE,E1220A																											
HCM-BROD-0116-C16	NONSENSE,R65*			MISSENSE,S2758P																																								MISSENSE,A146V						
TCGA-B7-A5TI	NONSENSE,E285*	SILENT,L572=			FRAMESHIFT,R1287Sfs*10	MISSENSE,D3224H			FRAMESHIFT,K437Rfs*5				SILENT,R1854=					SILENT,T156=							FRAMESHIFT,S70Pfs*13			MISSENSE,P2906H							FRAMESHIFT,T3033Lfs*29							SILENT,T331=			PROTEINDEL,K675del	MISSENSE,R130Q				
TCGA-BR-A4J8	FRAMESHIFT,I195Yfs*14				FRAMESHIFT,P726Sfs*10																		MISSENSE,N358K																											
TCGA-BR-8081	FRAMESHIFT,P301Qfs*44	SILENT,S8980=				FRAMESHIFT,L3736Yfs*8	FRAMESHIFT,A1197Cfs*51	SILENT,S926=				MISSENSE,H1047Y	SILENT,T2707=	SILENT,S569=	FRAMESHIFT,N1121Kfs*2	SILENT,S2168=		MISSENSE,Y4171H	MISSENSE,K2189R		FRAMESHIFT,D516Gfs*10	MISSENSE,A2217V				MISSENSE,W1461C		FRAMESHIFT,S774Vfs*12	FRAMESHIFT,P1078Qfs*95	MISSENSE,M997I		FRAMESHIFT,M747Nfs*85							FRAMESHIFT,K73Rfs*129		MISSENSE,Y326C	MISSENSE,V459G					FRAMESHIFT,S1054Cfs*13			
TCGA-CG-4436	NONSENSE,Q317*					MISSENSE,L2986R	MISSENSE,I1622N				MISSENSE,R3398W			NONSENSE,Y887*	SILENT,T2089=								MISSENSE,L798P																											
TCGA-CG-4438	NONSENSE,R213*					MISSENSE,V2730I		MISSENSE,R3082Q		SILENT,A1341=																		MISSENSE,G3716S																						
TCGA-RD-A8N6	SPLICE,X261_splice						FRAMESHIFT,L3216Pfs*15																																											
TCGA-VQ-A8DT	NONSENSE,R196*	SILENT,T5665=					MISSENSE,K2025T											SILENT,V3217=			FRAMESHIFT,R49Sfs*25																				MISSENSE,K994N									MISSENSE,D1501N
HCM-BROD-0483-C16	NONSENSE,R196*							MISSENSE,D1447G																	MISSENSE,D221V					MISSENSE,T1339P											MISSENSE,H224Q									
HCM-BROD-0615-C16	FRAMESHIFT,N310Tfs*34							MISSENSE,H1453Y																	MISSENSE,V55L																									
TCGA-IN-A6RR	FRAMESHIFT,T150Afs*16							MISSENSE,V3501M																								MISSENSE,R1169H																		
TCGA-RD-A8NB	NONSENSE,R213*								FRAMESHIFT,K437Rfs*5			MISSENSE,H1047R			MISSENSE,L2336I	FRAMESHIFT,E2121Kfs*28					FRAMESHIFT,G659Vfs*41		SILENT,P1058=			MISSENSE,L2561M					FRAMESHIFT,P1736Qfs*17							MISSENSE,A704T		MISSENSE,A245V	MISSENSE,F481V		MISSENSE,S2617P							
TCGA-D7-6527	FRAMESHIFT,L35Cfs*9									SPLICE,X1256_splice																				MISSENSE,P1273T			SILENT,I704=									SILENT,F496=								
TCGA-HU-8238	SPLICE,X224_splice											MISSENSE,R93Q		MISSENSE,R1117C																																				
TCGA-VQ-A91U	FRAMESHIFT,R342Efs*3														MISSENSE,A492S				MISSENSE,T562M				MISSENSE,R106H					MISSENSE,R503Q													SILENT,L489=									
TCGA-RD-A8N9	FRAMESHIFT,N310Tfs*35														MISSENSE,A2924P																						MISSENSE,T47A													MISSENSE,V692I
TCGA-BR-8486	FRAMESHIFT,P98Afs*51															FRAMESHIFT,P2271Nfs*8											MISSENSE,E2596Q																							
TCGA-HU-8245	FRAMESHIFT,S241Pfs*6																		FRAMESHIFT,K1061Nfs*65																															
TCGA-VQ-A8DV	FRAMESHIFT,L130Cfs*20																		MISSENSE,E868D			SILENT,P799=																												
TCGA-EQ-8122	FRAMESHIFT,G266Dfs*79	SILENT,I6155=																		MISSENSE,M34R																				MISSENSE,E1001D										
TCGA-BR-A4PD	NONSENSE,W91*			SILENT,R430=																			MISSENSE,I1274F											MISSENSE,S645R		MISSENSE,V945G														
TCGA-VQ-A94R	SPLICE,X331_splice			SILENT,Y3650=																							MISSENSE,D2295N							SILENT,F1126=								FRAMESHIFT,Y730Tfs*19								
TCGA-SW-A7EB	NONSENSE,Q136*																																			MISSENSE,T814S														
TCGA-VQ-A94U	NONSENSE,R209*																																				MISSENSE,R411W						MISSENSE,V1183M							
TCGA-VQ-A8DL	FRAMESHIFT,N239Qfs*24																																					FRAMESHIFT,D168Efs*2								FRAMESHIFT,N311Qfs*2				
TCGA-CG-4477	FRAMESHIFT,E221Afs*2																																														FRAMESHIFT,S35Ffs*2			
TCGA-BR-4183	SPLICE,X187_splice																																																	
TCGA-BR-8682	NONSENSE,R306*																																																	
TCGA-CD-A4MH	FRAMESHIFT,E339Rfs*6																																																	
TCGA-CG-4440	FRAMESHIFT,C242Afs*5																																													SILENT,I33=				
TCGA-D7-A74B	FRAMESHIFT,S96Ffs*25																																																	
TCGA-VQ-A8E0	FRAMESHIFT,S392Tfs*76																																																	
TCGA-VQ-A8P2	MISSENSE,R175H	FRAMESHIFT,R14351Kfs*4	FRAMESHIFT,F2092Lfs*29	MISSENSE,G3387W	FRAMESHIFT,Q766Sfs*67	NONSENSE,R2289*	MISSENSE,P3793L	FRAMESHIFT,P886Lfs*44	FRAMESHIFT,K437Rfs*5	MISSENSE,R293Q	MISSENSE,V125A	MISSENSE,D350N	MISSENSE,R2448C	MISSENSE,G836R	MISSENSE,R1545H	MISSENSE,A1913V	NONSENSE,Q2274*	SPLICE,X2115_splice	NONSENSE,R2204*	FRAMESHIFT,K15Rfs*5	NONSENSE,W159*	MISSENSE,T1059I	MISSENSE,T211M	MISSENSE,N1426S		MISSENSE,R981C		FRAMESHIFT,S774Vfs*12	MISSENSE,E1224K	NONSENSE,R597*	MISSENSE,S2517N	MISSENSE,A2347V	SPLICE,X1292_splice	MISSENSE,V450A	FRAMESHIFT,N1344Mfs*30	SILENT,D615=	SPLICE,X1071_splice	MISSENSE,A486V	FRAMESHIFT,P30Hfs*172	MISSENSE,A17T		MISSENSE,V320M	SILENT,S2042=		FRAMESHIFT,I976Sfs*87		SILENT,S88=	SPLICE,X1118_splice	MISSENSE,R479Q	MISSENSE,N1632D
TCGA-HU-A4GN	MISSENSE,T125M	FRAMESHIFT,F10843Sfs*11	NONSENSE,W1658*		FRAMESHIFT,Q758Rfs*75	MISSENSE,C3281F		FRAMESHIFT,C197Mfs*23	FRAMESHIFT,K437Rfs*5				MISSENSE,R878C			FRAMESHIFT,E2121Kfs*28					FRAMESHIFT,G659Vfs*41			MISSENSE,A2265T			FRAMESHIFT,K39Rfs*17		FRAMESHIFT,P1078Qfs*95		MISSENSE,A1963V	MISSENSE,M1661V			MISSENSE,S3375G	SILENT,S820=	MISSENSE,T382M	FRAMESHIFT,A1581Pfs*30									FRAMESHIFT,N303Tfs*63		MISSENSE,R479Q	
TCGA-BR-A4PE	MISSENSE,Q136E	FRAMESHIFT,Q7655Sfs*23	MISSENSE,K4432R	MISSENSE,E1399V	FRAMESHIFT,T1348Afs*129		MISSENSE,L1038F			MISSENSE,Q372H																											MISSENSE,K989T													
TCGA-BR-4184	MISSENSE,G245R	FRAMESHIFT,D7220Ifs*25	MISSENSE,G2532D	MISSENSE,A451V	MISSENSE,R1833C	MISSENSE,A2606T	MISSENSE,A1442V		FRAMESHIFT,K437Rfs*5	FRAMESHIFT,S565Rfs*10	FRAMESHIFT,F4496Lfs*21		FRAMESHIFT,V1161Cfs*5	SILENT,C213=	FRAMESHIFT,N1121Mfs*9	FRAMESHIFT,E2121Kfs*28	MISSENSE,A3449V	MISSENSE,D2027N	MISSENSE,R259W	FRAMESHIFT,K15Rfs*5	FRAMESHIFT,G659Vfs*41	MISSENSE,V1679I		MISSENSE,P2368S			SILENT,P1381=	MISSENSE,E1984K	FRAMESHIFT,K1290Nfs*20	MISSENSE,G909D	FRAMESHIFT,Y4760Lfs*6	FRAMESHIFT,I1084Sfs*15			FRAMESHIFT,N986Ifs*5	MISSENSE,V651A	FRAMESHIFT,D1222Tfs*38	SILENT,P609=	FRAMESHIFT,K73Rfs*129	MISSENSE,V104M		SPLICE,X465_splice		MISSENSE,G12D	MISSENSE,A759T	SILENT,P246=	FRAMESHIFT,N303Tfs*63	MISSENSE,E1397K		MISSENSE,P962L
TCGA-R5-A7ZE	MISSENSE,V173L	NONSENSE,R7011*		MISSENSE,P2638S																		SILENT,K2497=							MISSENSE,D1125Y																					
TCGA-MX-A666	MISSENSE,Y126D	FRAMESHIFT,F9102Lfs*18																	NONSENSE,E2579*																															
TCGA-BR-8295	PROTEINDEL,S240_C242del	FRAMESHIFT,L11893Dfs*17																					MISSENSE,R488W													MISSENSE,F89V														
ER-ACFR	MISSENSE,H179Y	NONSENSE,Q5199*																																																
TCGA-BR-8487	MISSENSE,R248W	MISSENSE,T4119S	SPLICE,X2841_splice		FRAMESHIFT,D1850Tfs*33		SILENT,P3803=	FRAMESHIFT,P2354Lfs*30	FRAMESHIFT,K437Rfs*5			MISSENSE,H1047R	MISSENSE,E181K	MISSENSE,R1188H			FRAMESHIFT,A3407Lfs*78	MISSENSE,M3864V	MISSENSE,T518A	FRAMESHIFT,K15Rfs*5	FRAMESHIFT,G659Vfs*41	NONSENSE,R2342*		MISSENSE,V2066A		FRAMESHIFT,K2811Sfs*46	FRAMESHIFT,K39Rfs*17	MISSENSE,R3903C			MISSENSE,A2440T	MISSENSE,R1602C				MISSENSE,A1309G			FRAMESHIFT,K932Nfs*28				FRAMESHIFT,E415Rfs*65		SILENT,P2009=	NONSENSE,R233*		MISSENSE,S1581N	MISSENSE,R465H	
TCGA-BR-7703	MISSENSE,T253I	MISSENSE,A6694V	FRAMESHIFT,H4368Tfs*4			MISSENSE,D2734G	MISSENSE,P3372S		FRAMESHIFT,L383*								MISSENSE,T3271M		FRAMESHIFT,L548*	FRAMESHIFT,K15Rfs*5			MISSENSE,R196C											FRAMESHIFT,T1300Qfs*46		MISSENSE,A156T		MISSENSE,A694S	MISSENSE,R338H					MISSENSE,G12D			MISSENSE,T574M	NONSENSE,R251*		
TCGA-CG-5721	MISSENSE,E171K	MISSENSE,T4322A	MISSENSE,N3085D	FRAMESHIFT,F3640Lfs*61	FRAMESHIFT,Q546Rfs*73	FRAMESHIFT,L4028Wfs*10	FRAMESHIFT,L926*	FRAMESHIFT,P2354Lfs*30	FRAMESHIFT,K437Rfs*5		SPLICE,X3173_splice	MISSENSE,K111E	MISSENSE,I406V	MISSENSE,N979S	MISSENSE,V382A	MISSENSE,V496A	FRAMESHIFT,K2332Nfs*44	MISSENSE,P3812Q	MISSENSE,I1779M		FRAMESHIFT,G659Vfs*41	SILENT,K1609=	MISSENSE,Y46C	FRAMESHIFT,N126Ifs*20		MISSENSE,L1408F	FRAMESHIFT,N2635Mfs*3	NONSENSE,R2656*			MISSENSE,V1227A	SILENT,P618=	MISSENSE,R232H	SILENT,D800=	MISSENSE,S2022L		MISSENSE,A612V			MISSENSE,V264A	MISSENSE,M995T		MISSENSE,V2485A						MISSENSE,A481V	
TCGA-BR-4361	MISSENSE,H168R	MISSENSE,T10962A	MISSENSE,E589Q	NONSENSE,G3664*	FRAMESHIFT,F2141Sfs*59	MISSENSE,F2991L	MISSENSE,E2317G	FRAMESHIFT,H1497Lfs*30	FRAMESHIFT,D96Tfs*54	SILENT,C1045=		MISSENSE,H1047R	MISSENSE,T3271A		FRAMESHIFT,V2250Lfs*10	FRAMESHIFT,E2121Kfs*28	FRAMESHIFT,A792Pfs*32	SPLICE,X4907_splice	MISSENSE,R1788C	FRAMESHIFT,K15Rfs*5	FRAMESHIFT,G659Vfs*41	MISSENSE,S830F		SILENT,V813=	SILENT,H92=	MISSENSE,I1659M	MISSENSE,Y3823C		MISSENSE,T732A	MISSENSE,T1339A		FRAMESHIFT,I1084Nfs*3		MISSENSE,S1226P	FRAMESHIFT,K3416Nfs*11	MISSENSE,M1312V			SILENT,G1029=		SILENT,Y886=	FRAMESHIFT,E641Sfs*3	MISSENSE,F2416Y	MISSENSE,A146T				MISSENSE,R948Q		MISSENSE,D1501N
TCGA-BR-8361	MISSENSE,C176Y	MISSENSE,P14341S	MISSENSE,S1551R	FRAMESHIFT,F3640Lfs*61	FRAMESHIFT,Q766Sfs*67			FRAMESHIFT,P2931Hfs*12	FRAMESHIFT,K437Rfs*5	FRAMESHIFT,S565Rfs*10	MISSENSE,H4620D			FRAMESHIFT,P1075Rfs*6			MISSENSE,R60C	MISSENSE,A3500T		FRAMESHIFT,K15Efs*9	FRAMESHIFT,G659Vfs*41	FRAMESHIFT,K2641Nfs*11	MISSENSE,C217R	MISSENSE,V4112I		FRAMESHIFT,S1455Vfs*3	SILENT,T1605=			MISSENSE,P626S		SILENT,G2114=		SILENT,S741=	FRAMESHIFT,T2515Hfs*9		MISSENSE,I423N	SILENT,P737=					SILENT,D2071=					SILENT,S377=	FRAMESHIFT,S668Vfs*39	MISSENSE,R1611W
TCGA-BR-4256	MISSENSE,R273C	MISSENSE,S8721A	MISSENSE,S3586R	MISSENSE,I3308V	FRAMESHIFT,D1850Tfs*33	MISSENSE,R4655M	MISSENSE,R1210M	MISSENSE,C5477G		MISSENSE,C1498R	MISSENSE,P3380S			MISSENSE,E1277V		MISSENSE,L1944S		MISSENSE,A530T			FRAMESHIFT,G659Vfs*41	SILENT,E1125=	FRAMESHIFT,M1?	MISSENSE,G3608W					FRAMESHIFT,K1290Nfs*20	MISSENSE,P767T			SILENT,G1847=	SILENT,T1242=			MISSENSE,P446L			MISSENSE,L1217I		MISSENSE,R135I				FRAMESHIFT,K267Rfs*9	SILENT,T458=		MISSENSE,R479Q	SILENT,S1771=
TCGA-VQ-A91E	MISSENSE,R248W	MISSENSE,M6923V	MISSENSE,A474V	MISSENSE,Y1639H	NONSENSE,W1973*		FRAMESHIFT,P470Qfs*12	FRAMESHIFT,M5327Wfs*6	FRAMESHIFT,K437Rfs*5			MISSENSE,H1047R		MISSENSE,P288H			SILENT,P2228=	MISSENSE,C4111R			PROTEINDEL,E278del					MISSENSE,M2482V					MISSENSE,M2411T								FRAMESHIFT,K73Rfs*129					MISSENSE,A59T					SILENT,L698=	
TCGA-D7-A6EV	MISSENSE,H179N	MISSENSE,P10346T	MISSENSE,N220K	MISSENSE,V948G			MISSENSE,T953N																											SILENT,V1227=																
TCGA-BR-8080	MISSENSE,N345D	MISSENSE,S1334G	MISSENSE,M4515R	MISSENSE,P1255L						SILENT,V644=																											MISSENSE,R982W													
TCGA-FP-A4BE	MISSENSE,R158H	MISSENSE,V605A	MISSENSE,F572S		FRAMESHIFT,M890Hfs*46	MISSENSE,K3352T			FRAMESHIFT,K437Rfs*5	MISSENSE,G803E			MISSENSE,R3648C			FRAMESHIFT,E2121Kfs*28						MISSENSE,V1129I						MISSENSE,A3624V	MISSENSE,V1137M		SILENT,T934=	MISSENSE,R2344W									MISSENSE,S705P	SILENT,L451=			SILENT,R344=	NONSENSE,R233*				MISSENSE,R248H
TCGA-CG-4444	MISSENSE,H179Y	MISSENSE,S11552R	MISSENSE,D1455N			MISSENSE,R1679L	MISSENSE,V2505G										FRAMESHIFT,H3611Tfs*83																			MISSENSE,F316V	MISSENSE,K1192T													
TCGA-FA-A82F	MISSENSE,R273C	MISSENSE,R14479C	MISSENSE,I1785T			MISSENSE,V1845A		FRAMESHIFT,L3880Dfs*131																				MISSENSE,P2148L																						
TCGA-BR-A4QI	MISSENSE,R282W	MISSENSE,M9225I	MISSENSE,K4435T							MISSENSE,R155W																			NONSENSE,R1135*																					
TCGA-FP-A9TM	MISSENSE,H179R	MISSENSE,P10894T	MISSENSE,L1559F								FRAMESHIFT,A1697Pfs*20																MISSENSE,S3791F																							
TCGA-FP-7829	MISSENSE,C176F	MISSENSE,K12740M	MISSENSE,A18S														MISSENSE,Q2557H							NONSENSE,L823*																										
TCGA-VQ-AA6G	MISSENSE,Y220C	MISSENSE,A8010E	MISSENSE,S3078G																																	SPLICE,X1128_splice	SILENT,L873=													
TCGA-BR-4292	MISSENSE,R273C	MISSENSE,Q5916R		MISSENSE,T2810S	FRAMESHIFT,D1850Tfs*33	MISSENSE,P359L	MISSENSE,E1054Q		FRAMESHIFT,K437Rfs*5	FRAMESHIFT,S565Rfs*10	FRAMESHIFT,S2293Ifs*5		SILENT,D2983=		FRAMESHIFT,N1121Mfs*9	FRAMESHIFT,E2121Kfs*28	MISSENSE,R232C	MISSENSE,H1936R		FRAMESHIFT,K15Rfs*5	FRAMESHIFT,G659Vfs*41		FRAMESHIFT,M1?			MISSENSE,R23Q	FRAMESHIFT,K39Rfs*17									MISSENSE,V1079I						FRAMESHIFT,N552Kfs*5	SILENT,P1989=		MISSENSE,A529E		PROTEINDEL,T100del			
TCGA-JY-A6FG	MISSENSE,R273H	MISSENSE,S2099Y	SILENT,R2430=	MISSENSE,V1571I								MISSENSE,H1047L																																						
TCGA-VQ-AA6A	MISSENSE,Y220C	MISSENSE,H7176Y		MISSENSE,K1052T										MISSENSE,K882T																	MISSENSE,S4335T																			
TCGA-IN-A6RP	MISSENSE,R248W	MISSENSE,P4188T		MISSENSE,E531D											MISSENSE,E1710K				FRAMESHIFT,T1556Nfs*3																MISSENSE,S1115F															
TCGA-VQ-A8DU	MISSENSE,R273C	MISSENSE,S11083P		MISSENSE,F283Y																																					MISSENSE,D873N									
TCGA-CG-4460	MISSENSE,G108S	MISSENSE,L7074H			FRAMESHIFT,L2281Ffs*104	MISSENSE,R633H	MISSENSE,R2770C	FRAMESHIFT,N2517Ifs*26	FRAMESHIFT,K437Rfs*5		NONSENSE,Q1720*		MISSENSE,V129A			FRAMESHIFT,E2121Kfs*28	NONSENSE,R1210*	FRAMESHIFT,H2876Tfs*19		FRAMESHIFT,K15Rfs*5				MISSENSE,V1079I			FRAMESHIFT,K39Rfs*17			MISSENSE,R53Q		FRAMESHIFT,N390Tfs*3			FRAMESHIFT,T3033Lfs*29	NONSENSE,R1088*	SILENT,A750=		MISSENSE,R440Q											
HCM-BROD-0025-C16	MISSENSE,G245S	MISSENSE,A4629V			FRAMESHIFT,P1326Rfs*155			FRAMESHIFT,P2354Lfs*30		SILENT,T302=	MISSENSE,R904Q		MISSENSE,G2845C		MISSENSE,R1325Q			MISSENSE,R4281W	MISSENSE,R88W	FRAMESHIFT,K15Rfs*5						MISSENSE,T2921M		MISSENSE,R2808C										MISSENSE,K1246T						MISSENSE,G12D			FRAMESHIFT,G16Afs*17			
TCGA-BR-6456	MISSENSE,H193R	MISSENSE,A9896G			FRAMESHIFT,A1517Pfs*10																																													
TCGA-HU-A4GH	MISSENSE,I162F	MISSENSE,T2376A			MISSENSE,K2025T		MISSENSE,S1779R			MISSENSE,N1445T				MISSENSE,V741M								MISSENSE,S765C						MISSENSE,L585R					MISSENSE,V1229M				NONSENSE,R734*	MISSENSE,T698N							MISSENSE,E560G					
TCGA-BR-A4CQ	MISSENSE,C176F	MISSENSE,E3496Q				MISSENSE,A1603E																				MISSENSE,F2410L				MISSENSE,K1233N							MISSENSE,S333L		MISSENSE,R1721W					MISSENSE,G12S						
TCGA-B7-A5TJ	PROTEINDEL,Q136del	MISSENSE,I7310M					MISSENSE,S1779G		FRAMESHIFT,K437Rfs*5	MISSENSE,F885C											FRAMESHIFT,G659Vfs*41							NONSENSE,R652*						MISSENSE,E475D				MISSENSE,N218K						MISSENSE,G12S						
TCGA-BR-8060	PROTEINDEL,P191del	MISSENSE,K1808N					MISSENSE,K1822R						MISSENSE,E127K																																					
TCGA-FP-A4BF	MISSENSE,R282W	MISSENSE,I6718T					MISSENSE,Q2036H								MISSENSE,G2902E																SILENT,V2375=																			
TCGA-BR-7716	MISSENSE,R273H	MISSENSE,T8780K					MISSENSE,K3046E																																MISSENSE,V1570F		MISSENSE,M297L									
TCGA-BR-8484	MISSENSE,R175H	MISSENSE,S12977F							NONSENSE,L7*																		MISSENSE,H3510N																							
TCGA-D7-6817	MISSENSE,R273H	MISSENSE,P8115Q								MISSENSE,V65E																																								
TCGA-KB-A93G	MISSENSE,V173M	MISSENSE,W11350C																	MISSENSE,P439L																															
TCGA-VQ-A8E7	MISSENSE,R248W	MISSENSE,T1114P																					MISSENSE,L798R													MISSENSE,A588V														
HCM-WCMC-0505-C16	MISSENSE,G105A		NONSENSE,Q1507*	MISSENSE,D293N		FRAMESHIFT,K2914Nfs*22					MISSENSE,D2157Y																																							
TCGA-CG-5723	MISSENSE,M169T	SILENT,T4824=	FRAMESHIFT,H4368Tfs*4	MISSENSE,T547M		MISSENSE,F3560S		FRAMESHIFT,V3089Wfs*30	FRAMESHIFT,K437Rfs*5	MISSENSE,R189W			MISSENSE,R3850C	MISSENSE,H349Y			MISSENSE,G386D	MISSENSE,A2045V	FRAMESHIFT,V2194Ffs*5							FRAMESHIFT,K2811Sfs*46									MISSENSE,I3418S		MISSENSE,D541E						SILENT,A786=				FRAMESHIFT,N303Tfs*63	MISSENSE,P1261H	MISSENSE,R465C	
TCGA-IN-A7NR	MISSENSE,R175H	SILENT,G1144=	SPLICE,X3590_splice	MISSENSE,L1393P		MISSENSE,R1807C																											SILENT,P30=																	
TCGA-CD-8533	MISSENSE,Y205C		NONSENSE,R1632*							MISSENSE,T706S																																								
TCGA-IN-A6RL	MISSENSE,R273H		NONSENSE,G3813*			SILENT,V1430=					SPLICE,X4781_splice																							MISSENSE,Y1404D	NONSENSE,S2695*															
TCGA-VQ-AA6B	MISSENSE,V272M		FRAMESHIFT,N403Ifs*17												MISSENSE,I489S																MISSENSE,E4317D																			
TCGA-CD-A486	PROTEINDEL,H178_S183del		NONSENSE,W4043*																																															
TCGA-HU-A4GQ	MISSENSE,G244C		MISSENSE,L1283H	FRAMESHIFT,F3640Lfs*61	FRAMESHIFT,D1850Tfs*33		MISSENSE,G3830R	FRAMESHIFT,A1390Qfs*27	FRAMESHIFT,K437Rfs*5			MISSENSE,R93W				FRAMESHIFT,E2121Kfs*28	MISSENSE,R3073C	MISSENSE,V4723A	SILENT,T1023=	FRAMESHIFT,K15Rfs*5	FRAMESHIFT,G659Vfs*41						FRAMESHIFT,K39Rfs*17	SILENT,N1236=					MISSENSE,L956I								MISSENSE,T1113M			MISSENSE,G12D	MISSENSE,P1667L					
TCGA-VQ-A8PX	MISSENSE,R158H	SILENT,T3593=	MISSENSE,R2140S	MISSENSE,D1298N	FRAMESHIFT,P1468Lfs*13										SILENT,T1807=					FRAMESHIFT,K15Rfs*5				SILENT,T677=	MISSENSE,L776M			MISSENSE,P1847S			SILENT,N365=														MISSENSE,E871K			MISSENSE,D1395N		
TCGA-BR-6565	MISSENSE,Y107D		MISSENSE,S1133N	MISSENSE,Q3439E											MISSENSE,I2612V				NONSENSE,R2204*												MISSENSE,T574K		MISSENSE,L1904V										MISSENSE,T408M							
TCGA-BR-A44U	MISSENSE,E286K		MISSENSE,E1175Q	MISSENSE,R845W																																					MISSENSE,F1020V									
TCGA-HU-A4H4	MISSENSE,F270L		MISSENSE,T1341A		FRAMESHIFT,K1072Nfs*21					MISSENSE,F112S		MISSENSE,H1047R					MISSENSE,A156T		SILENT,L922=		FRAMESHIFT,P660Sfs*87							MISSENSE,E2088G			MISSENSE,N1435D		MISSENSE,E1752D					FRAMESHIFT,R421Dfs*23			FRAMESHIFT,E39Rfs*21							MISSENSE,H705P		
TCGA-IN-A7NT	MISSENSE,R175H		MISSENSE,K1694T			MISSENSE,I4000M									MISSENSE,A1628T														MISSENSE,W684R																					
TCGA-BR-8297	MISSENSE,R175H		MISSENSE,E1154G			MISSENSE,E4444D				SILENT,A783=						MISSENSE,C617Y																				MISSENSE,E177D		MISSENSE,K668T										MISSENSE,T332A		
TCGA-VQ-AA6I	MISSENSE,R282W	SILENT,L2837=	MISSENSE,R938C						MISSENSE,V11D																			SILENT,P1314=				MISSENSE,R1602H																		
HCM-BROD-0559-C16	MISSENSE,C135S		MISSENSE,R1523H							MISSENSE,K1471T																															MISSENSE,C207F	SILENT,Y762=				PROTEINDEL,M134del				
TCGA-IN-A7NU	MISSENSE,P151T		MISSENSE,R1311K								MISSENSE,C3363Y																																							
TCGA-D7-A6F2	MISSENSE,M237I		MISSENSE,H81Q																					MISSENSE,V3719E																										
TCGA-CD-8530	MISSENSE,L111Q		MISSENSE,E1327D																															MISSENSE,S435R																
HCM-BROD-0453-C16	MISSENSE,R273C		MISSENSE,R4226I																																															
TCGA-VQ-A91X	MISSENSE,H193Y		MISSENSE,Y480H	SILENT,P3046=		SILENT,P214=																							SILENT,T675=																					
TCGA-VQ-A91V	MISSENSE,F134L		SILENT,L2478=	MISSENSE,F2353V		MISSENSE,K3352T	MISSENSE,L2406V			MISSENSE,L1328V													MISSENSE,N1224T							MISSENSE,T738A		SILENT,P225=																		
TCGA-CG-5730	MISSENSE,Y220C		SILENT,N2105=	MISSENSE,Q343E		MISSENSE,P4436L							MISSENSE,R3171W																																					
TCGA-CG-5727	MISSENSE,F270L			MISSENSE,N2028H		MISSENSE,Q3349K																																						MISSENSE,G12D						
TCGA-BR-A452	MISSENSE,C176F			MISSENSE,E260Q			NONSENSE,R567*												SPLICE,X177_splice																															
HCM-BROD-0208-C16	MISSENSE,P152L			MISSENSE,R29C					NONSENSE,R255*										NONSENSE,R1114*				MISSENSE,T347I														MISSENSE,R1069H		FRAMESHIFT,L448Cfs*16		MISSENSE,C248F					MISSENSE,G165E				MISSENSE,R550W
TCGA-BR-8286	MISSENSE,G245S	SILENT,T7898=		MISSENSE,F1310I						MISSENSE,L50V																							SILENT,L1377=		SILENT,V941=															
TCGA-IN-A6RS	MISSENSE,C141Y		SILENT,E2070=	MISSENSE,L733V		SILENT,L4502=					FRAMESHIFT,E2879Lfs*28																														MISSENSE,R762C									
TCGA-HU-A4GP	MISSENSE,E286K	SILENT,V5243=		MISSENSE,E531D		SILENT,A114=					MISSENSE,C4851Y			MISSENSE,V387G										NONSENSE,Y2216*																										
TCGA-VQ-A8PK	MISSENSE,I254S			MISSENSE,K1945T																			MISSENSE,N152K							SILENT,T461=				MISSENSE,L937V																
TCGA-CD-8528	MISSENSE,P151T			MISSENSE,A1869D																				SILENT,T1277=																										
TCGA-F1-6874	MISSENSE,F113L				FRAMESHIFT,G801Vfs*32				FRAMESHIFT,K437Rfs*5		SILENT,R2596=					FRAMESHIFT,E2121Kfs*28	FRAMESHIFT,E763Sfs*61	SPLICE,X809_splice					MISSENSE,R979Q		MISSENSE,K440N	SILENT,S1673=	MISSENSE,R3377Q	SILENT,S2691=				MISSENSE,T872M	MISSENSE,R716H			SILENT,C745=			FRAMESHIFT,R479Vfs*7						FRAMESHIFT,Q599Sfs*11			MISSENSE,E801Q		
HCM-BROD-0703-C16	MISSENSE,R248Q				FRAMESHIFT,T991Nfs*16												MISSENSE,L1850M																													MISSENSE,E242G				
HCM-BROD-0235-C16	PROTEINDEL,Q144_L145del				FRAMESHIFT,K1072Nfs*21																				MISSENSE,L214P																									
TCGA-FP-8099	MISSENSE,R175H				SPLICE,X1180_splice																																	MISSENSE,T852M												
TCGA-FP-8631	MISSENSE,G245S	SILENT,V7148=			FRAMESHIFT,Q505Vfs*117																																													
TCGA-VQ-A923	MISSENSE,R175H				NONSENSE,Q594*																																													
TCGA-CD-8531	MISSENSE,C242Y					FRAMESHIFT,L2789*	MISSENSE,V1062M				FRAMESHIFT,P2012Lfs*20											NONSENSE,R672*														MISSENSE,L245P										MISSENSE,K6E				
TCGA-D7-5578	MISSENSE,E271K					MISSENSE,R3365Q	SILENT,K580=					MISSENSE,E545K			MISSENSE,K995N				SILENT,L1029=														MISSENSE,E440D				SILENT,P553=													
TCGA-RD-A8MW	MISSENSE,M237I					MISSENSE,N2151H																							MISSENSE,D761N																					
TCGA-HU-A4GF	MISSENSE,L130V					PROTEINDEL,P4786del	SILENT,I718=																							MISSENSE,E1414V							SPLICE,X108_splice													MISSENSE,E1012K
TCGA-CD-5813	MISSENSE,R282W			SILENT,L72=			MISSENSE,D1246Y			MISSENSE,G686E													MISSENSE,V840I		MISSENSE,E336K																		SILENT,T333=							
TCGA-D7-A6F0	MISSENSE,R273C			SILENT,G197=			MISSENSE,G4079R							MISSENSE,M974I																															SILENT,I1327=					
HCM-BROD-0926-C16	MISSENSE,G245S						MISSENSE,D1761H										PROTEINDEL,S3513_G3523del								SPLICE,X337_splice									MISSENSE,A1369V																
TCGA-CG-4300	MISSENSE,R249S						MISSENSE,R544K																																											
TCGA-D7-8578	MISSENSE,R273S						MISSENSE,R4303Q																																											
TCGA-HU-8244	MISSENSE,I195T						MISSENSE,R4002H																																											
TCGA-BR-7707	PROTEINDEL,N131del					SILENT,P1608=			FRAMESHIFT,K437Rfs*5	SILENT,I1236=	NONSENSE,R2609*				SILENT,S1181=	FRAMESHIFT,E2121Kfs*28	SILENT,A3533=	FRAMESHIFT,Q3378Rfs*22		FRAMESHIFT,K15Rfs*5	FRAMESHIFT,G659Vfs*41					MISSENSE,W2491L		FRAMESHIFT,I3102Sfs*3	MISSENSE,M1031L				FRAMESHIFT,N756Mfs*10		FRAMESHIFT,K1691Nfs*15				MISSENSE,R598C			FRAMESHIFT,T108Nfs*3		MISSENSE,G12D			FRAMESHIFT,N303Tfs*63		FRAMESHIFT,M240Cfs*14	MISSENSE,R512C
HCM-WCMC-0491-C16	MISSENSE,H168R									MISSENSE,F689L				MISSENSE,P954S										MISSENSE,D2677N						SILENT,K664=																		SILENT,Q761=		
HCM-BROD-0043-C16	MISSENSE,S127P									MISSENSE,P1145S				MISSENSE,I703F											MISSENSE,S19F																					MISSENSE,M35V				
TCGA-CD-A487	MISSENSE,R248Q									MISSENSE,T1300P																																								
TCGA-CD-A489	MISSENSE,H179R									MISSENSE,T879N																																								
TCGA-CD-5800	MISSENSE,C135F											MISSENSE,E600K																													MISSENSE,S678F									
TCGA-D7-6815	MISSENSE,R175H											MISSENSE,E545K																				SILENT,P1817=																		
TCGA-VQ-A8PH	MISSENSE,D259Y												MISSENSE,T1023P								NONSENSE,R40*												MISSENSE,H886D						SILENT,P715=											
TCGA-CG-5717	MISSENSE,C176F												MISSENSE,R1564Q											MISSENSE,L2457M																										
TCGA-VQ-A8E2	MISSENSE,R273H												MISSENSE,K3783N																																					
TCGA-VQ-A91Z	MISSENSE,R273H			SILENT,G3=										MISSENSE,V1116M			SILENT,T1244=										FRAMESHIFT,T1876Sfs*2						SILENT,N1736=																	NONSENSE,R1436*
TCGA-BR-4357	MISSENSE,R248Q	SILENT,T3598=		SILENT,R1539=										MISSENSE,N40S								SILENT,A2713=							MISSENSE,G1098C																					
TCGA-RD-A8N1	MISSENSE,C176W													MISSENSE,D1210Y																																FRAMESHIFT,D24Yfs*16				
TCGA-JY-A938	MISSENSE,S241F														MISSENSE,L1537P								MISSENSE,S430R			MISSENSE,E2768Q																								
TCGA-BR-A4CS	MISSENSE,C242S														MISSENSE,R2083C													MISSENSE,P3069S													SILENT,C286=	MISSENSE,P678T								
TCGA-KB-A6F5	MISSENSE,S215R														MISSENSE,P1012L																																		NONSENSE,Q306*	
TCGA-VQ-A922	MISSENSE,H193R					SILENT,V1542=										MISSENSE,E2609V																	MISSENSE,K60N																	
TCGA-CD-8526	MISSENSE,V272M																FRAMESHIFT,L91Rfs*17																MISSENSE,V935I	MISSENSE,S162Y																
HCM-BROD-0579-C16	MISSENSE,R175H																	MISSENSE,E3010D							SILENT,S559=																									
TCGA-FP-7735	MISSENSE,V173M																		FRAMESHIFT,E1552Gfs*6																					MISSENSE,L1182V						MISSENSE,I28S				
TCGA-HU-8243	MISSENSE,R248Q																		MISSENSE,G2717A																															
TCGA-D7-6820	MISSENSE,M237I																						MISSENSE,R927Q																		SILENT,A917=									
TCGA-IN-7808	MISSENSE,R248Q																								MISSENSE,A299S						PROTEININS,T4789_M4790insS																			
TCGA-BR-6803	MISSENSE,L130F																								MISSENSE,D254Y																									
TCGA-CD-5799	MISSENSE,R248Q																								MISSENSE,D400V																									
TCGA-D7-6518	MISSENSE,R175G																								MISSENSE,D290G																									
HCM-BROD-0478-C16	MISSENSE,C242Y																											MISSENSE,L199V																						
HCM-BROD-0118-C16	MISSENSE,H193R					SILENT,F1932=	SILENT,V2364=																							MISSENSE,L385V			MISSENSE,D778H																	
TCGA-BR-7715	MISSENSE,F270S																													MISSENSE,R1280Q																				
TCGA-CG-4449	MISSENSE,P250L						SILENT,R433=																								FRAMESHIFT,S1500Kfs*5																			
ER-AD8S	MISSENSE,Y205H																																		MISSENSE,E2020K															
TCGA-D7-6520	MISSENSE,R175H																																		MISSENSE,N852K															
TCGA-CD-5804	MISSENSE,R337C						SILENT,V2195=																													MISSENSE,I524L						MISSENSE,I370M								
TCGA-R5-A7O7	MISSENSE,R267G																																													FRAMESHIFT,T319*				
TCGA-CD-8525	MISSENSE,Y220C																																																	MISSENSE,G1299E
TCGA-B7-A5TN	MISSENSE,E286G			SILENT,G1186=																																														
TCGA-BR-4255	MISSENSE,H214R		SILENT,C1042=																																															
TCGA-BR-8077	MISSENSE,R282W																																																	
TCGA-BR-A4CR	MISSENSE,E286K																																					SILENT,P1198=												
TCGA-BR-A4IY	MISSENSE,R175H													SILENT,P376=																																				
TCGA-D7-A6EX	MISSENSE,R175H																																SILENT,V718=																	
TCGA-F1-A72C	MISSENSE,Y205H																																																	
TCGA-HU-8610	PROTEINDEL,T253_D259del																																																	
TCGA-HU-A4GD	MISSENSE,I195N																																																	
TCGA-IN-7806	MISSENSE,R282W																																																	
TCGA-IN-A6RI	MISSENSE,R175H																																																	
TCGA-VQ-A8DZ	MISSENSE,L145P																																																	
TCGA-VQ-A8PY	MISSENSE,P151A																																																	
TCGA-VQ-A91Y	MISSENSE,D228E																																																	
TCGA-BR-8680		NONSENSE,E5858*	NONSENSE,S515*	MISSENSE,R1679W	MISSENSE,T1004A	MISSENSE,A3484D	MISSENSE,E299K			MISSENSE,E553K	MISSENSE,A4433V	MISSENSE,N345K	MISSENSE,F3681V	MISSENSE,R721C	MISSENSE,R744I	MISSENSE,R295Q	MISSENSE,D2318N	MISSENSE,A2980S	NONSENSE,R1450*	MISSENSE,E121K		MISSENSE,K926N	MISSENSE,R50C	MISSENSE,R1627Q		NONSENSE,R2598*	MISSENSE,A2270V	MISSENSE,K1321T	NONSENSE,R1305*	SILENT,V327=	NONSENSE,E3900*	MISSENSE,R1169H	MISSENSE,D1908G	SILENT,T1019=	MISSENSE,R468I	MISSENSE,R483Q	MISSENSE,D922G	MISSENSE,S1099Y	MISSENSE,R1325I		MISSENSE,D889N	MISSENSE,S743A		MISSENSE,A146T	MISSENSE,D663N			MISSENSE,M1914I	MISSENSE,R14Q	SILENT,F1242=
TCGA-HU-A4H8		FRAMESHIFT,K3809Rfs*30	FRAMESHIFT,H4368Afs*6	MISSENSE,N2684T	MISSENSE,A770T	MISSENSE,T3269A	SILENT,T3929=	FRAMESHIFT,F5149Cfs*9	FRAMESHIFT,K437Rfs*5		NONSENSE,R2610*		SILENT,R3635=		FRAMESHIFT,V2250Lfs*10	FRAMESHIFT,E2121Kfs*28				FRAMESHIFT,K15Efs*9	FRAMESHIFT,G659Vfs*41	FRAMESHIFT,Q743Gfs*7	FRAMESHIFT,N1177Mfs*27				MISSENSE,R3417H						MISSENSE,T1614S				MISSENSE,S323L	MISSENSE,K1437R	NONSENSE,R1417*	MISSENSE,T355I	MISSENSE,L325M				FRAMESHIFT,A847Rfs*117		FRAMESHIFT,N303Tfs*63			MISSENSE,I245V
TCGA-BR-6452		FRAMESHIFT,S7713Lfs*40	NONSENSE,E4584*		FRAMESHIFT,G801Vfs*32	MISSENSE,R4898C	MISSENSE,I2765F	FRAMESHIFT,P648Tfs*2	FRAMESHIFT,K437Rfs*5	SPLICE,X626_splice	MISSENSE,S3618T	MISSENSE,E547K	SILENT,S1439=	MISSENSE,Y780H		FRAMESHIFT,E2121Kfs*28	MISSENSE,R2643H	FRAMESHIFT,I633Lfs*5	MISSENSE,E2550V	FRAMESHIFT,K15Rfs*5	FRAMESHIFT,G659Vfs*41		SPLICE,X882_splice	MISSENSE,T3617A	FRAMESHIFT,P127Afs*41	FRAMESHIFT,S1403Afs*3	MISSENSE,D2456E	MISSENSE,F1458S	MISSENSE,G1294W		MISSENSE,S2097F	MISSENSE,A2144V		SPLICE,X420_splice		MISSENSE,T875A	MISSENSE,R1063C	MISSENSE,T1308M	FRAMESHIFT,K73Rfs*129	MISSENSE,V119I		MISSENSE,K684I	SILENT,S2339=		MISSENSE,E608A	FRAMESHIFT,N323Mfs*21				
TCGA-CG-5726		FRAMESHIFT,P5328Lfs*11	MISSENSE,P4560L	FRAMESHIFT,F3640Lfs*61	FRAMESHIFT,Y551Lfs*72	MISSENSE,R555W	MISSENSE,N2968S		FRAMESHIFT,K437Rfs*5	FRAMESHIFT,S565Rfs*10	PROTEINDEL,E1097del		SILENT,P3647=	SILENT,V184=		FRAMESHIFT,E2121Kfs*28	SILENT,S225=	MISSENSE,V4513M	FRAMESHIFT,S1652Hfs*7	FRAMESHIFT,K15Rfs*5	FRAMESHIFT,G659Vfs*41	SILENT,S272=		SILENT,C4553=				MISSENSE,E1363K		SILENT,I1116=							FRAMESHIFT,T336Pfs*14	MISSENSE,K134E		MISSENSE,P306H	SILENT,C1067=				FRAMESHIFT,K1160Sfs*8		FRAMESHIFT,N303Tfs*63			
TCGA-D7-A6EY		FRAMESHIFT,S7713Lfs*40	MISSENSE,L2931V	FRAMESHIFT,F3640Lfs*61	MISSENSE,G2012D			MISSENSE,R5214C	FRAMESHIFT,K437Rfs*5				MISSENSE,T1542M					MISSENSE,V3156I	NONSENSE,R2560*	FRAMESHIFT,K15Rfs*5	FRAMESHIFT,G659Vfs*41	MISSENSE,G230V		MISSENSE,S2607P	MISSENSE,L305I			SILENT,S705=				MISSENSE,R1851S		MISSENSE,Y28C						MISSENSE,V653E	FRAMESHIFT,E324Dfs*70		SILENT,D1601=		MISSENSE,E220K				MISSENSE,R465C	FRAMESHIFT,L738Cfs*13
TCGA-BR-6566		FRAMESHIFT,H10844Pfs*2	MISSENSE,M1421T			FRAMESHIFT,K4534Efs*21	MISSENSE,Q584H		FRAMESHIFT,K437Rfs*5		SILENT,S2175=						NONSENSE,R237*					MISSENSE,T2057A			SPLICE,X230_splice	MISSENSE,R2832C	FRAMESHIFT,Q3746Sfs*7	MISSENSE,R862Q	MISSENSE,R57W			NONSENSE,R1498*													MISSENSE,V699M					
TCGA-CG-5733		FRAMESHIFT,N9430Tfs*13		FRAMESHIFT,F3640Lfs*61	FRAMESHIFT,P1326Rfs*155			FRAMESHIFT,P648Tfs*2	FRAMESHIFT,K437Rfs*5			MISSENSE,C420R				FRAMESHIFT,E2121Kfs*28	MISSENSE,R846C	SILENT,T2397=		FRAMESHIFT,K15Rfs*5	FRAMESHIFT,G659Vfs*41	MISSENSE,R3403H			SILENT,A735=		FRAMESHIFT,I3277*		SILENT,T1112=	SPLICE,X1371_splice		FRAMESHIFT,F1410Lfs*49			FRAMESHIFT,K1691Nfs*15						MISSENSE,D889N							MISSENSE,P994L	MISSENSE,R465C	
TCGA-BR-6852		FRAMESHIFT,N2936Tfs*6		MISSENSE,I452V	FRAMESHIFT,D1850Tfs*33		MISSENSE,I3162V		FRAMESHIFT,K437Rfs*5	FRAMESHIFT,S565Rfs*10	SILENT,C4600=			NONSENSE,R999*	FRAMESHIFT,K2473Nfs*13		SILENT,T1192=	SILENT,Q2829=		FRAMESHIFT,K15Rfs*5		MISSENSE,R3641H						MISSENSE,L2370I		SILENT,S1267=					FRAMESHIFT,N1784Tfs*7		MISSENSE,D443G				MISSENSE,D1287V	SPLICE,X335_splice	MISSENSE,P207L						MISSENSE,R465C	
HCM-CSHL-0606-C17		FRAMESHIFT,Q4999Rfs*8	SILENT,Y3226=	MISSENSE,A3420T	MISSENSE,R2232W	NONSENSE,G3355*	MISSENSE,V3539M	FRAMESHIFT,P2354Lfs*30		FRAMESHIFT,S565Rfs*10	FRAMESHIFT,E1255Kfs*48	FRAMESHIFT,T229Lfs*11	MISSENSE,R1035W				SILENT,A3608=	SILENT,D603=	MISSENSE,P2681L			FRAMESHIFT,I2489Sfs*10		SILENT,T4145=	MISSENSE,S191N			SILENT,D660=			MISSENSE,V1276G	NONSENSE,Q286*			MISSENSE,Q713H				NONSENSE,W534*			MISSENSE,V628A							FRAMESHIFT,S353Vfs*24	MISSENSE,L174I
TCGA-MX-A5UJ		FRAMESHIFT,N2936Tfs*6			FRAMESHIFT,Q802Sfs*15	MISSENSE,F2515C	MISSENSE,R3968C		NONSENSE,C85*				SILENT,A3040=	SILENT,S839=	MISSENSE,R203Q	FRAMESHIFT,E2121Kfs*28	SILENT,D448=	MISSENSE,A2790T		FRAMESHIFT,K15Rfs*5	FRAMESHIFT,G659Vfs*41		MISSENSE,L42P	MISSENSE,A3913T		FRAMESHIFT,K2811Sfs*46						FRAMESHIFT,I1084Sfs*15					MISSENSE,S91N		MISSENSE,R800C		MISSENSE,R208H	FRAMESHIFT,T108Qfs*30			MISSENSE,R514H				MISSENSE,R465H	MISSENSE,A190V
TCGA-VQ-A924		FRAMESHIFT,L5380Ffs*22		SILENT,R2751=	FRAMESHIFT,P1175Hfs*5	MISSENSE,S2321N		NONSENSE,R1702*	FRAMESHIFT,K437Rfs*5		FRAMESHIFT,N2842Mfs*21	MISSENSE,Q546R		FRAMESHIFT,P1075Rfs*6		FRAMESHIFT,E2121Kfs*28	FRAMESHIFT,S253Afs*30			FRAMESHIFT,K15Rfs*5	FRAMESHIFT,G659Vfs*41	SILENT,L1731=		FRAMESHIFT,K3069Nfs*4	MISSENSE,Q152R		FRAMESHIFT,K39Rfs*17	FRAMESHIFT,P773Rfs*8								MISSENSE,A47T	SILENT,Y1167=	MISSENSE,R727Q		MISSENSE,V104M		MISSENSE,G176C			SILENT,G1146=					MISSENSE,R948C
TCGA-VQ-A8PT		FRAMESHIFT,G9092Vfs*28	SILENT,A821=		FRAMESHIFT,D1850Tfs*33	MISSENSE,A3232V		FRAMESHIFT,Q809Pfs*3	FRAMESHIFT,D96Tfs*54		FRAMESHIFT,F4496Lfs*21		SILENT,P2739=	MISSENSE,N828D		FRAMESHIFT,E2121Kfs*28	MISSENSE,P3173L			FRAMESHIFT,K15Rfs*5	FRAMESHIFT,G659Vfs*41	MISSENSE,L3093I		MISSENSE,R227H			FRAMESHIFT,M2065Nfs*7				PROTEINDEL,I2027del	PROTEINDEL,P2359del			MISSENSE,D2202G	MISSENSE,R983I	SILENT,I353=	FRAMESHIFT,R421Dfs*23		MISSENSE,P583L						FRAMESHIFT,N323Mfs*21	FRAMESHIFT,N303Tfs*63	MISSENSE,Y1978H	FRAMESHIFT,S668Vfs*39	
TCGA-CD-8536		FRAMESHIFT,S7713Lfs*5			FRAMESHIFT,K1072Nfs*21				FRAMESHIFT,K437Rfs*5		MISSENSE,I3155M	MISSENSE,Q879R	SILENT,G1024=					MISSENSE,A3927T	NONSENSE,E1576*			MISSENSE,P85L	FRAMESHIFT,P377Lfs*8	MISSENSE,V4304M					FRAMESHIFT,V1079Sfs*22	MISSENSE,E1408D						MISSENSE,W707L												MISSENSE,R1858C	FRAMESHIFT,R473Efs*25	
TCGA-HU-A4GU		MISSENSE,G9964V	NONSENSE,G3378*	SILENT,T383=	FRAMESHIFT,W2049Cfs*86	MISSENSE,A4910E	SILENT,Q1169=	MISSENSE,R2905C	FRAMESHIFT,K437Rfs*5	MISSENSE,K349M		MISSENSE,E545K	MISSENSE,S2214I	SILENT,T1346=		FRAMESHIFT,E2121Rfs*13			FRAMESHIFT,N1455Kfs*2			MISSENSE,D2577G		MISSENSE,Y4082C							SILENT,V370=	MISSENSE,R1446H			MISSENSE,Q2539H	MISSENSE,E494G		MISSENSE,R67W		MISSENSE,G1128R	MISSENSE,K744N		SILENT,G641=				MISSENSE,R831H	SILENT,G1441=		
TCGA-B7-5816		MISSENSE,T10399A	NONSENSE,R2553*	SILENT,T3589=	FRAMESHIFT,P1560Lfs*5	MISSENSE,T3474I			FRAMESHIFT,K437Rfs*5			MISSENSE,R38H	MISSENSE,R2549W			MISSENSE,E2194K	FRAMESHIFT,G699Afs*125						MISSENSE,F401S				FRAMESHIFT,N2321Mfs*3	SILENT,Q3347=	FRAMESHIFT,P1078Qfs*95			NONSENSE,Q2085*	MISSENSE,A975V	MISSENSE,K853N					SILENT,V1355=							FRAMESHIFT,K267Rfs*9				SILENT,S1653=
TCGA-CD-A4MG		MISSENSE,T9957A	FRAMESHIFT,C3774Mfs*9	SILENT,L3147=	SILENT,E1767=	FRAMESHIFT,P448Lfs*15	MISSENSE,N775D	FRAMESHIFT,A2119Rfs*36	FRAMESHIFT,K437Rfs*5	MISSENSE,D566N	PROTEINDEL,A3763del		FRAMESHIFT,T3772Rfs*48	FRAMESHIFT,P1075Rfs*6	MISSENSE,S1594I	FRAMESHIFT,E2121Kfs*28	MISSENSE,A1626T	MISSENSE,V885M	MISSENSE,G1721C			FRAMESHIFT,P2495Lfs*4	MISSENSE,R50C	MISSENSE,H2247R	MISSENSE,S559N		SILENT,E1550=	FRAMESHIFT,K3825Rfs*31				MISSENSE,Y1298C	MISSENSE,V104M	MISSENSE,S803N	FRAMESHIFT,D946Ifs*14		MISSENSE,S373G	MISSENSE,V996M				FRAMESHIFT,N552Kfs*5	FRAMESHIFT,T1065Pfs*6		FRAMESHIFT,P1047Lfs*16		FRAMESHIFT,N303Tfs*63	MISSENSE,S782F		
TCGA-VQ-AA64		MISSENSE,L13043P	SPLICE,X3386_splice				SILENT,F2756=							SILENT,A1244=																											SILENT,S177=									
TCGA-BR-7851		MISSENSE,R13537M	MISSENSE,T2460I	FRAMESHIFT,F502Lfs*28	NONSENSE,R1461*	MISSENSE,T2169A	MISSENSE,V2502I		FRAMESHIFT,K437Rfs*5	FRAMESHIFT,N336Ifs*22		MISSENSE,H1047R	MISSENSE,G900S			FRAMESHIFT,E2121Kfs*28						FRAMESHIFT,K2066Nfs*20		MISSENSE,E4454K		MISSENSE,A244V			MISSENSE,V637A	SILENT,G1139=	MISSENSE,A3956T	FRAMESHIFT,L2256Sfs*46	SILENT,G250=			SILENT,Y534=									FRAMESHIFT,R986Pfs*76	NONSENSE,G36*	MISSENSE,R23W		NONSENSE,R278*	FRAMESHIFT,L507Cfs*26
TCGA-F1-6177		MISSENSE,T6508N	MISSENSE,S3346F	FRAMESHIFT,N1053Kfs*12	FRAMESHIFT,S617Qfs*2		MISSENSE,S3908L	MISSENSE,R598C	FRAMESHIFT,K437Rfs*5		MISSENSE,R866Q	MISSENSE,Q546H	MISSENSE,R2135Q			FRAMESHIFT,E2121Kfs*28				FRAMESHIFT,K15Rfs*5					SILENT,G760=		MISSENSE,R3046W	MISSENSE,R886W	MISSENSE,R586W		SILENT,A3765=					MISSENSE,L85F		FRAMESHIFT,N147Ifs*60									MISSENSE,R310Q			
TCGA-BR-4201		MISSENSE,T1494A	MISSENSE,H3448Y	MISSENSE,T602A	MISSENSE,P1048S	MISSENSE,P4119L		FRAMESHIFT,P647Hfs*283								FRAMESHIFT,E2121Kfs*28	MISSENSE,E2677K	MISSENSE,T4553M		FRAMESHIFT,K15Rfs*5	FRAMESHIFT,G659Vfs*41	FRAMESHIFT,A2251Qfs*102					FRAMESHIFT,K39Rfs*17			FRAMESHIFT,K590Nfs*10	PROTEINDEL,L4185del	MISSENSE,A179T	SILENT,A374=											MISSENSE,G13D		FRAMESHIFT,K267Rfs*9		FRAMESHIFT,P1713Qfs*4	SPLICE,X195_splice	
TCGA-BR-4257		MISSENSE,P1491L	MISSENSE,L416I	MISSENSE,R2561W		MISSENSE,S3693I	MISSENSE,D1095N		FRAMESHIFT,K437Efs*19		NONSENSE,R2066*		MISSENSE,R1383G			FRAMESHIFT,E2121Kfs*28	MISSENSE,A1716T			FRAMESHIFT,K15Rfs*5			MISSENSE,P942S	MISSENSE,V2480A		MISSENSE,R337C	MISSENSE,S1082L		FRAMESHIFT,K1290Nfs*20									FRAMESHIFT,R421Kfs*5	MISSENSE,Y1747H	MISSENSE,A232V				MISSENSE,G13D	FRAMESHIFT,H1302Mfs*12	FRAMESHIFT,K267Rfs*9		MISSENSE,P955T		
TCGA-VQ-A8P3		MISSENSE,S2703R	MISSENSE,K4218T	MISSENSE,S1164P		MISSENSE,S4672R	MISSENSE,E2048G							MISSENSE,E1277A	MISSENSE,E156D								MISSENSE,E1090D																			MISSENSE,L733R								
TCGA-IN-A6RO		MISSENSE,F2542V	MISSENSE,N914H	MISSENSE,N2346K			NONSENSE,Y3301*			MISSENSE,N866T				MISSENSE,R835H	NONSENSE,R2845*												MISSENSE,L2465V								MISSENSE,N1935D															
TCGA-R5-A805		MISSENSE,T8102P	MISSENSE,S431F	MISSENSE,N1152S							MISSENSE,T1873N	SILENT,K588=		MISSENSE,T729P									MISSENSE,F279V																											
TCGA-BR-7958		MISSENSE,A11079V	MISSENSE,T1673M	MISSENSE,I1160S																			MISSENSE,L710R					MISSENSE,A1667V			MISSENSE,D1509N																			
TCGA-HF-A5NB		MISSENSE,T424A	MISSENSE,Y2392N		FRAMESHIFT,S795Efs*22	MISSENSE,G769D		MISSENSE,V4033I	FRAMESHIFT,K437Rfs*5	SILENT,K584=		MISSENSE,H1047R		SILENT,S732=		FRAMESHIFT,E2121Kfs*28				FRAMESHIFT,K15Rfs*5	FRAMESHIFT,G659Vfs*41	SILENT,P3432=		FRAMESHIFT,P3228Lfs*42		NONSENSE,Q499*				MISSENSE,A342V		MISSENSE,R1851C				MISSENSE,L310V					FRAMESHIFT,G1135Dfs*2			MISSENSE,G13D	SILENT,T1891=		FRAMESHIFT,N303Tfs*63	MISSENSE,R386W	MISSENSE,V8M	
TCGA-CG-4306		MISSENSE,M10174V	MISSENSE,N3413D	SILENT,L961=	FRAMESHIFT,P1575Hfs*37		SILENT,C4075=	FRAMESHIFT,P647Hfs*283	FRAMESHIFT,K437Rfs*5		FRAMESHIFT,D3871Gfs*11			MISSENSE,R401Q			FRAMESHIFT,E763Gfs*62		MISSENSE,I1287L	FRAMESHIFT,K15Efs*9	FRAMESHIFT,G659Vfs*41		FRAMESHIFT,N1177Mfs*27						MISSENSE,N426D		NONSENSE,R4654*						MISSENSE,R902Q						MISSENSE,V222I		FRAMESHIFT,H1302Pfs*2					
TCGA-CD-A4MJ		MISSENSE,Q5895R	MISSENSE,A3568E	SILENT,T2408=	MISSENSE,L2195P	MISSENSE,G1645D	MISSENSE,S4515L		FRAMESHIFT,K437Rfs*5		FRAMESHIFT,S2816Ifs*6		MISSENSE,E2604D	FRAMESHIFT,G369Vfs*28		SILENT,S239=			FRAMESHIFT,K212Nfs*7			MISSENSE,D1961N										MISSENSE,M2221V		SILENT,V12=		SILENT,A545=			MISSENSE,R1092Q			FRAMESHIFT,E641Sfs*3		MISSENSE,G12D			MISSENSE,T86M		MISSENSE,R465C	
TCGA-HU-8602		MISSENSE,T13507M	MISSENSE,D875N			MISSENSE,R316Q		FRAMESHIFT,V3089Wfs*30	FRAMESHIFT,K437Rfs*5			MISSENSE,H1047R			MISSENSE,I2759V	FRAMESHIFT,E2121Kfs*28	MISSENSE,T3694I	MISSENSE,E4290D		FRAMESHIFT,K15Rfs*5								MISSENSE,V2079I			FRAMESHIFT,R3941Gfs*7	SILENT,G1580=		MISSENSE,L1207H	FRAMESHIFT,D946Rfs*13					MISSENSE,R667H							FRAMESHIFT,N303Tfs*63	MISSENSE,R1012Q	MISSENSE,E287V	SILENT,S1505=
TCGA-BR-6453		MISSENSE,L1934V	MISSENSE,E3024G			MISSENSE,L3V	SILENT,R2560=		MISSENSE,F33C	MISSENSE,E1371D					MISSENSE,E2330D			MISSENSE,L840F			MISSENSE,H86R																		MISSENSE,R800H											
TCGA-BR-6706		MISSENSE,F12546V	MISSENSE,Q1507P			MISSENSE,L3053V						MISSENSE,E453K		FRAMESHIFT,N1073Tfs*8																SILENT,Q526=						MISSENSE,V1005G				MISSENSE,V104L	MISSENSE,E288G									
TCGA-BR-8485		MISSENSE,Q3989H	MISSENSE,T3446M	SILENT,R1565=						MISSENSE,V1089A	SILENT,C388=		MISSENSE,N1607I										MISSENSE,L1163P					MISSENSE,R3965W									MISSENSE,L873V	MISSENSE,T110A					MISSENSE,A666V						NONSENSE,Q358*	
TCGA-VQ-A91S		MISSENSE,S5208R	MISSENSE,E71K							MISSENSE,L50I																												MISSENSE,D1238N												
TCGA-CD-5801		MISSENSE,G6037R	MISSENSE,E4352D									MISSENSE,N345K			SILENT,D2873=			MISSENSE,I3385F					MISSENSE,E494G				MISSENSE,Q1476H				MISSENSE,L1560P		MISSENSE,N244K														MISSENSE,E382D			
HCM-CSHL-0510-D13		MISSENSE,T4615I	MISSENSE,C975F																FRAMESHIFT,E1464Vfs*8																															
TCGA-D7-6528		MISSENSE,H11853Y	MISSENSE,K4435T																FRAMESHIFT,T1556Nfs*3																															
TCGA-CG-5724		MISSENSE,L12991R	MISSENSE,Q1501P				SILENT,G392=			SILENT,N1477=																				SILENT,P530=												MISSENSE,L101P								
TCGA-BR-7959		MISSENSE,F1768L	MISSENSE,A1615V															SILENT,S4421=																																MISSENSE,F1342S
TCGA-VQ-A91D		MISSENSE,T13005A		FRAMESHIFT,A3641Cfs*13	FRAMESHIFT,L1591Cfs*21	MISSENSE,T2121A	FRAMESHIFT,N646Mfs*61	FRAMESHIFT,P2354Lfs*30	FRAMESHIFT,K437Rfs*5		FRAMESHIFT,S2542Hfs*20	MISSENSE,H1047R		MISSENSE,V124M	FRAMESHIFT,V2250Sfs*4	FRAMESHIFT,E2121Kfs*28	FRAMESHIFT,E763Gfs*26	MISSENSE,R478C		FRAMESHIFT,K15Rfs*5	FRAMESHIFT,G659Vfs*41	NONSENSE,R702*		FRAMESHIFT,V3229Cfs*3		MISSENSE,M1040I		FRAMESHIFT,E1639Sfs*6				FRAMESHIFT,I1084Sfs*15	SILENT,H1313=	FRAMESHIFT,T1300Nfs*7	MISSENSE,A1393V		MISSENSE,T336P			MISSENSE,V104M		MISSENSE,I92F		MISSENSE,A59T			FRAMESHIFT,N303Tfs*63		MISSENSE,R674Q	
HCM-WCMC-0494-C16		MISSENSE,P13465L		FRAMESHIFT,F3640Lfs*61	FRAMESHIFT,T294Pfs*69		FRAMESHIFT,P3129Lfs*22	FRAMESHIFT,G1235Vfs*95	FRAMESHIFT,K437Rfs*5		MISSENSE,R4162W	MISSENSE,M1005V	MISSENSE,P1525L									MISSENSE,D2464N		SILENT,D4129=	MISSENSE,P825T	MISSENSE,R3008H	FRAMESHIFT,I3277Nfs*9				SILENT,Q1054=		SILENT,R6=						FRAMESHIFT,K73Rfs*129				MISSENSE,E2529K		MISSENSE,R341H		SILENT,E434=			FRAMESHIFT,A428Gfs*43
TCGA-BR-4368		MISSENSE,T6683I		FRAMESHIFT,F3640Lfs*61	FRAMESHIFT,Q473Tfs*150		MISSENSE,P4029L	FRAMESHIFT,G1235Vfs*95	FRAMESHIFT,K437Rfs*5	MISSENSE,S285N	FRAMESHIFT,K4351Nfs*5			MISSENSE,R416C		FRAMESHIFT,E2121Kfs*28	MISSENSE,G3340C	MISSENSE,A3863T		FRAMESHIFT,K15Rfs*5	FRAMESHIFT,G659Vfs*41	SILENT,S2864=		FRAMESHIFT,F4074Cfs*5								FRAMESHIFT,H2384Tfs*12		MISSENSE,A350V	FRAMESHIFT,N1784Kfs*3			NONSENSE,R1588*		SILENT,T68=	MISSENSE,L824S		SILENT,S2640=	MISSENSE,G13D						
TCGA-HU-A4G8		MISSENSE,K12711T		MISSENSE,T2773N	FRAMESHIFT,D1850Tfs*33	MISSENSE,G195S		FRAMESHIFT,G1850Afs*2	FRAMESHIFT,K437Rfs*5				SILENT,S3809=	SILENT,Y176=	NONSENSE,K977*			FRAMESHIFT,N360Tfs*9	SILENT,G2250=			MISSENSE,E1550D		FRAMESHIFT,K2139Sfs*8			MISSENSE,I3893M					FRAMESHIFT,I1084Nfs*3			MISSENSE,V494A			FRAMESHIFT,N147Kfs*2	MISSENSE,A1638V				MISSENSE,A1160T		MISSENSE,R390C		FRAMESHIFT,N303Tfs*63			MISSENSE,V750M
TCGA-BR-4362		MISSENSE,Q11794H		MISSENSE,E833K	FRAMESHIFT,D1850Gfs*4	SILENT,V222=	MISSENSE,R3670W	FRAMESHIFT,N2517Ifs*26	FRAMESHIFT,K437Rfs*5	SILENT,A783=									MISSENSE,S546G	FRAMESHIFT,K15Rfs*5	FRAMESHIFT,G659Vfs*41	FRAMESHIFT,K1018Sfs*13					FRAMESHIFT,Q3746Sfs*7	SILENT,S2660=		MISSENSE,R41C		FRAMESHIFT,I1084Sfs*15			FRAMESHIFT,L759Ffs*3		FRAMESHIFT,T336Pfs*14		FRAMESHIFT,L918Wfs*13	MISSENSE,V104M		MISSENSE,I510L	FRAMESHIFT,A843Gfs*12		SPLICE,X137_splice	FRAMESHIFT,K267Rfs*9				
TCGA-HU-A4G9		MISSENSE,P8553H		MISSENSE,Y3197F	NONSENSE,R1335*				FRAMESHIFT,K437Rfs*5		FRAMESHIFT,F4496Lfs*21		MISSENSE,T2112A	FRAMESHIFT,P1075Rfs*6		FRAMESHIFT,E2121Kfs*28				FRAMESHIFT,K15Rfs*5	FRAMESHIFT,G659Vfs*41						SILENT,Y1233=		MISSENSE,T657M											MISSENSE,V104M			SILENT,V453=					SILENT,R1082=		
TCGA-D7-A4Z0		MISSENSE,L8539R	SILENT,A1384=	MISSENSE,R2314G		MISSENSE,L2886R									MISSENSE,S1621G	MISSENSE,L248R							MISSENSE,K1223M						MISSENSE,L188P				MISSENSE,K1356T	FRAMESHIFT,E567Dfs*21				MISSENSE,S944R												
TCGA-BR-4369		MISSENSE,L2597F		MISSENSE,E514D		SILENT,L4416=	MISSENSE,C4299Y				MISSENSE,E2583Q		MISSENSE,N741I						MISSENSE,R1920Q														MISSENSE,T1517P					MISSENSE,S247T												
TCGA-VQ-A8PO		MISSENSE,A4094V		MISSENSE,C91Y				MISSENSE,R5214C	FRAMESHIFT,K437Rfs*5		MISSENSE,V1464I			MISSENSE,Q1068P			MISSENSE,R1436H								FRAMESHIFT,N174Tfs*41										FRAMESHIFT,K1691Nfs*15												FRAMESHIFT,N303Tfs*63	SILENT,A231=	FRAMESHIFT,V341Sfs*22	MISSENSE,R248C
TCGA-BR-8384		MISSENSE,T38N		MISSENSE,E476V																															MISSENSE,S1121T															
TCGA-BR-8078		MISSENSE,Q6034R			FRAMESHIFT,D1850Gfs*4	MISSENSE,M3520T	MISSENSE,G3568W	FRAMESHIFT,P647Hfs*283	FRAMESHIFT,K437Rfs*5	FRAMESHIFT,S565Rfs*10	SILENT,S122=						FRAMESHIFT,D1894Gfs*21	MISSENSE,G4299S		FRAMESHIFT,K15Rfs*5							FRAMESHIFT,E1300Rfs*12							MISSENSE,P1249H	FRAMESHIFT,T3085Nfs*26		MISSENSE,A357T			MISSENSE,V104M	MISSENSE,Q1188R	NONSENSE,R307*		MISSENSE,G13D	MISSENSE,N661S	FRAMESHIFT,N323Mfs*21	FRAMESHIFT,N303Tfs*63			
TCGA-CG-5728		MISSENSE,H2723R			FRAMESHIFT,M1634*	MISSENSE,D1790N	MISSENSE,A3676V		FRAMESHIFT,K437Rfs*5		SILENT,D3871=	MISSENSE,R88Q		MISSENSE,K629N		FRAMESHIFT,E2121Kfs*28	FRAMESHIFT,R3429Pfs*2			FRAMESHIFT,K15Rfs*5	FRAMESHIFT,G659Vfs*41	SILENT,A48=				MISSENSE,R1466Q		MISSENSE,A3612T			SILENT,G4420=		FRAMESHIFT,P403Lfs*7		SILENT,L2165=				FRAMESHIFT,K73Rfs*129							FRAMESHIFT,K267Rfs*9	FRAMESHIFT,N303Tfs*63		FRAMESHIFT,L682Afs*12	
TCGA-BR-8368		MISSENSE,D2482A			FRAMESHIFT,S1684Hfs*13	MISSENSE,R317H	SILENT,S1130=	MISSENSE,E5291K							MISSENSE,R2513C						FRAMESHIFT,L311Sfs*108					FRAMESHIFT,K1904Nfs*13	FRAMESHIFT,K39Rfs*17					MISSENSE,V1650I			FRAMESHIFT,I605Yfs*9								MISSENSE,A15T	MISSENSE,G13D		FRAMESHIFT,K267Rfs*9		SILENT,G336=		MISSENSE,R1143C
TCGA-HU-A4G6		MISSENSE,S1687I			FRAMESHIFT,P1379Lfs*102	MISSENSE,E754D								MISSENSE,Q1174H	MISSENSE,P2576T																																			
TCGA-VQ-A8P8		MISSENSE,T2642I			NONSENSE,E1776*	MISSENSE,G4965S																																		MISSENSE,R667H	MISSENSE,L664F									
TCGA-BR-8589		MISSENSE,S7942A			NONSENSE,Q1741*		SILENT,V924=	MISSENSE,K1060T				MISSENSE,F744I																			MISSENSE,S4687R		MISSENSE,K54T																	
TCGA-BR-6802		MISSENSE,E341K			NONSENSE,R2158*	SILENT,G4059=						MISSENSE,E545G		FRAMESHIFT,P1075Rfs*6					FRAMESHIFT,N1797Kfs*2															SILENT,L1071=										MISSENSE,G12C						
TCGA-HU-8608		MISSENSE,A9243S			NONSENSE,Q176*					SILENT,K329=		MISSENSE,N345K																																						
TCGA-IN-AB1X		MISSENSE,P6451T			FRAMESHIFT,H415Pfs*9		SILENT,V1619=							MISSENSE,D99G													MISSENSE,E11V																							
TCGA-KB-A6F7		MISSENSE,S12999P			NONSENSE,Q586*																					SILENT,R2244=																								
HCM-BROD-0115-C16		MISSENSE,E12321G				FRAMESHIFT,I881Nfs*25		SILENT,D1644=																																					MISSENSE,K675R					
TCGA-BR-6454		MISSENSE,K5240T				MISSENSE,A2816S	MISSENSE,D2649N					MISSENSE,Y1021C	MISSENSE,I3047N													FRAMESHIFT,Q441Afs*45	MISSENSE,E1098D						MISSENSE,I1821V							MISSENSE,R667S										
TCGA-CD-A4MI		MISSENSE,A5410T				MISSENSE,G1453D		FRAMESHIFT,L656Cfs*274	FRAMESHIFT,D96Tfs*54		MISSENSE,K3929N				MISSENSE,W652R	FRAMESHIFT,E2123Gfs*11	SILENT,L3302=					SILENT,G3265=	SILENT,C617=	MISSENSE,V3388I		NONSENSE,G204*		MISSENSE,R420Q										MISSENSE,R727Q										MISSENSE,R311Q		
TCGA-BR-6458		MISSENSE,T9486P				MISSENSE,L4471H				MISSENSE,K884T																										SILENT,F544=	MISSENSE,L410V													
TCGA-BR-6563		MISSENSE,K5232T				MISSENSE,Q4741H													MISSENSE,R1105Q																					MISSENSE,I671N										
TCGA-FA-A4XK		MISSENSE,P11454S				MISSENSE,V1496G																																												
TCGA-BR-7704		MISSENSE,S2099C								MISSENSE,Q457H			MISSENSE,P2508R						NONSENSE,S1104*									FRAMESHIFT,E1217Rfs*18						MISSENSE,K358T												MISSENSE,R159S				
TCGA-EQ-A4SO		MISSENSE,V13547L									FRAMESHIFT,P2961Wfs*6																				MISSENSE,S3135C													MISSENSE,G12V						
TCGA-CD-8529		MISSENSE,S12966C		SILENT,P3404=							MISSENSE,V2510A			MISSENSE,I1016V																					FRAMESHIFT,P1088Lfs*16							MISSENSE,V174D								
TCGA-HU-A4G2		MISSENSE,T1924A										MISSENSE,R38H																																						
TCGA-BR-4294		MISSENSE,S2050Y																MISSENSE,H852P																																
HCM-STAN-1109-D13		MISSENSE,R13491W																	FRAMESHIFT,T1556Nfs*3																			MISSENSE,R942Q												
TCGA-VB-A8QN		MISSENSE,I11946M																				NONSENSE,R1418*																						MISSENSE,L19F		NONSENSE,R335*	SPLICE,X95_splice	MISSENSE,V430A		
TCGA-CD-A48A		MISSENSE,Q4904H																					MISSENSE,Q1063K																											
TCGA-BR-4279		MISSENSE,S688P																							SPLICE,X646_splice																									
TCGA-VQ-A92D		MISSENSE,T5268M																																						MISSENSE,D1014Y										
TCGA-IN-A6RN		MISSENSE,S11707R																																												MISSENSE,T167S				
TCGA-BR-A4J6		MISSENSE,T718N																																																
TCGA-CG-5719		MISSENSE,R14480W																																																
TCGA-R5-A7ZR		MISSENSE,T6691K																																																
HCM-CSHL-0459-C17		SILENT,A13939=	FRAMESHIFT,N3485Tfs*33	NONSENSE,G679*	NONSENSE,R1722*	MISSENSE,F407L	MISSENSE,A1103T	MISSENSE,P565L		FRAMESHIFT,R1213Gfs*31	MISSENSE,R3864C		MISSENSE,H3174Y	MISSENSE,V650M		MISSENSE,D2496Y	MISSENSE,T1059M	MISSENSE,R2216W			NONSENSE,R132*	MISSENSE,R423C		MISSENSE,A3913T		SILENT,V595=	NONSENSE,Q1993*			MISSENSE,A1225T	MISSENSE,L3229F	SILENT,H953=			FRAMESHIFT,V1862*				MISSENSE,R1082C			MISSENSE,A129T						SILENT,P1651=	FRAMESHIFT,M240Cfs*14	MISSENSE,G262R
HCM-STAN-0909-C16			FRAMESHIFT,F2896Lfs*32	FRAMESHIFT,A3641Cfs*13	FRAMESHIFT,Y1101Cfs*3	MISSENSE,A446V		FRAMESHIFT,V3089Gfs*9		MISSENSE,Y294H	FRAMESHIFT,N2719Tfs*2			SILENT,G1054=	MISSENSE,T567A		FRAMESHIFT,G179Afs*22	MISSENSE,V1060I					MISSENSE,D1156G					FRAMESHIFT,S774Vfs*12			MISSENSE,R3934H			MISSENSE,A237T				MISSENSE,R1019C									FRAMESHIFT,N303Tfs*63	FRAMESHIFT,E429Kfs*49		
TCGA-IN-A6RJ			NONSENSE,R2923*	NONSENSE,K585*		MISSENSE,D3507V																																												MISSENSE,V1710I
TCGA-SW-A7EA			FRAMESHIFT,H4368Afs*6	MISSENSE,D773Y	NONSENSE,E602*	MISSENSE,A917S					FRAMESHIFT,S143Vfs*3					MISSENSE,R1753C		MISSENSE,Y3287C			FRAMESHIFT,G659Vfs*41			SILENT,T3407=					FRAMESHIFT,K1290Nfs*20											MISSENSE,A245V				MISSENSE,G12D						
TCGA-HU-A4GX			FRAMESHIFT,E1854Kfs*24		FRAMESHIFT,F2141Sfs*59			FRAMESHIFT,Q773Sfs*157	FRAMESHIFT,K437Rfs*5		MISSENSE,R3252H	MISSENSE,H1047R	FRAMESHIFT,G1619Vfs*28		FRAMESHIFT,V2250Lfs*10	FRAMESHIFT,E2121Kfs*28	FRAMESHIFT,C2716Afs*30	MISSENSE,R731W		FRAMESHIFT,K15Rfs*5						FRAMESHIFT,T1399Pfs*3				FRAMESHIFT,P1086Rfs*15		MISSENSE,R1091C					MISSENSE,A493T						SILENT,Y2505=							
TCGA-HF-7134			SPLICE,X1322_splice		FRAMESHIFT,Q1131Lfs*29		SILENT,A1067=								MISSENSE,K1655N				SILENT,T1689=				MISSENSE,K1002T															MISSENSE,Y994C										SILENT,G866=		SILENT,P1766=
TCGA-CG-4442		SILENT,T3266=	FRAMESHIFT,K3773Nfs*26			MISSENSE,T571P	FRAMESHIFT,A1197Cfs*51	FRAMESHIFT,S102Afs*28	FRAMESHIFT,K437Efs*19	FRAMESHIFT,S565Ffs*3	PROTEINDEL,Q664del	MISSENSE,H1047R	MISSENSE,A3682V	FRAMESHIFT,P1075Rfs*6	MISSENSE,V805A	FRAMESHIFT,K2120Rfs*13		MISSENSE,C4017Y		FRAMESHIFT,K15Rfs*5	FRAMESHIFT,G659Vfs*41			SILENT,L3350=			MISSENSE,T1215A	MISSENSE,R1683C	FRAMESHIFT,R79Gfs*42										MISSENSE,K1322N	MISSENSE,R679Q	SILENT,P375=		MISSENSE,D1699E	MISSENSE,G13D						
TCGA-D7-A4YY		SILENT,E1944=	NONSENSE,W862*			MISSENSE,L1230F					SILENT,S1592=		MISSENSE,A3780V		FRAMESHIFT,N1121Mfs*9							MISSENSE,V32M						MISSENSE,G3842S																				MISSENSE,R427W		
TCGA-R5-A7ZI			MISSENSE,R816L	NONSENSE,G1785*	FRAMESHIFT,D1850Tfs*33		MISSENSE,T4094M	FRAMESHIFT,H77Qfs*53	FRAMESHIFT,K437Rfs*5		FRAMESHIFT,S4047Vfs*36		FRAMESHIFT,T3785Nfs*137													MISSENSE,E22G	FRAMESHIFT,K39Rfs*17				MISSENSE,R1230I								MISSENSE,A925V						MISSENSE,P874A			SILENT,P682=		
TCGA-VQ-A8PB			MISSENSE,A4537V	MISSENSE,A1283T	FRAMESHIFT,Y551Lfs*72	MISSENSE,S2098G	NONSENSE,R1799*	NONSENSE,Q4007*	FRAMESHIFT,K437Rfs*5	MISSENSE,K1154N		MISSENSE,R38C			MISSENSE,R145Q	FRAMESHIFT,E2121Kfs*28				FRAMESHIFT,K15Rfs*5								MISSENSE,A3356V	FRAMESHIFT,P1078Qfs*95	MISSENSE,R773C	MISSENSE,L372P	SILENT,A162=			FRAMESHIFT,I605Nfs*11				FRAMESHIFT,K1670Rfs*3							FRAMESHIFT,K267Rfs*9	FRAMESHIFT,N303Tfs*63			
TCGA-BR-8591		SILENT,S6127=	MISSENSE,H3479R	MISSENSE,A442E	FRAMESHIFT,D2260Tfs*7	MISSENSE,D4431E	MISSENSE,I765T	FRAMESHIFT,E1683Kfs*7	FRAMESHIFT,K437Rfs*5		FRAMESHIFT,L4696Kfs*11	MISSENSE,R88Q	MISSENSE,T1337A			FRAMESHIFT,E2121Kfs*28				FRAMESHIFT,K15Rfs*5		MISSENSE,V1014M		SILENT,P4515=		MISSENSE,R1095G	FRAMESHIFT,Q3746Sfs*7	MISSENSE,R3821Q	SILENT,L478=				MISSENSE,S1663G			MISSENSE,N507I						FRAMESHIFT,Y360Ifs*3	MISSENSE,G1489R		SILENT,Q1869=	FRAMESHIFT,C250Wfs*2	FRAMESHIFT,N303Tfs*63			MISSENSE,T1167A
TCGA-VQ-AA6J			MISSENSE,K4200N	MISSENSE,K3599N	SPLICE,X807_splice																													SILENT,L210=			MISSENSE,R364H													
TCGA-RD-A7BT			MISSENSE,S3586R	MISSENSE,G3182V		MISSENSE,Q4874H				SILENT,S1097=				MISSENSE,R617Q	MISSENSE,L2332V																																			
HCM-BROD-0794-C16			MISSENSE,L1698F	MISSENSE,Q2307K			MISSENSE,R1546Q																		MISSENSE,P593S																			MISSENSE,G12C	SILENT,N558=					
TCGA-CD-A48C			MISSENSE,P3301H	MISSENSE,C3259S									MISSENSE,T2573M				MISSENSE,V9I																																	
TCGA-VQ-A91K			MISSENSE,D4089A		FRAMESHIFT,P1115Qfs*46	MISSENSE,R356C	FRAMESHIFT,L926Ffs*3		FRAMESHIFT,K437Rfs*5			MISSENSE,G1049R	MISSENSE,A1697V	NONSENSE,R461*	FRAMESHIFT,V2250Sfs*4	FRAMESHIFT,E2121Kfs*28	NONSENSE,K1184*			FRAMESHIFT,K15Rfs*5	FRAMESHIFT,G659Vfs*41			SILENT,N4418=	MISSENSE,R124C		FRAMESHIFT,E1672Sfs*33						SILENT,T849=			MISSENSE,S1084C							MISSENSE,V1794A		MISSENSE,P207L		MISSENSE,T1068M	FRAMESHIFT,K1330Rfs*3		
TCGA-BR-A4J5			MISSENSE,V3094F		NONSENSE,Q502*																																		MISSENSE,R864W											
TCGA-MX-A663		SILENT,Q4682=	MISSENSE,D2494H		FRAMESHIFT,S1807*																										SILENT,A3904=																			
TCGA-BR-8059		SILENT,H3515=	MISSENSE,H2874Q	SILENT,N2894=	MISSENSE,G1265S		MISSENSE,L2406V		FRAMESHIFT,A449Gfs*8	FRAMESHIFT,S565Rfs*10			NONSENSE,E3737*	MISSENSE,P291H			MISSENSE,G2448A	SILENT,L4780=				MISSENSE,A1451T					MISSENSE,A165T													MISSENSE,S1237N			SILENT,Y1324=	MISSENSE,G12D						
TCGA-BR-8676			MISSENSE,D2747N			MISSENSE,D4023G	MISSENSE,G1085S	FRAMESHIFT,N3077*			NONSENSE,R2028*	MISSENSE,E542K																																						
TCGA-3M-AB47			MISSENSE,D4171Y			MISSENSE,L3550V		MISSENSE,P4344S			NONSENSE,R56*														SPLICE,X229_splice									SILENT,V934=																
TCGA-CD-8527			MISSENSE,Q2340H			MISSENSE,L2280H																							SILENT,Q249=	MISSENSE,E1221G			MISSENSE,S431L							MISSENSE,H228R										
TCGA-VQ-A8PJ			MISSENSE,E666D	SILENT,S2022=			MISSENSE,S601A																											SILENT,E475=																
TCGA-D7-A747			MISSENSE,N4204T									MISSENSE,E545K																	SILENT,A124=									MISSENSE,K1437R												
TCGA-FA-8693		SILENT,R12248=	MISSENSE,S2380P				SILENT,H3762=							MISSENSE,E1436D																	NONSENSE,R2890*																			
TCGA-VQ-A927			MISSENSE,Y462F																																															
TCGA-VQ-A94O			MISSENSE,A2800D																											SILENT,S24=																				
TCGA-D7-A4YV				FRAMESHIFT,F3640Lfs*61	FRAMESHIFT,D1850Tfs*33			FRAMESHIFT,P2390Rfs*36	FRAMESHIFT,K437Rfs*5			MISSENSE,R108H				FRAMESHIFT,E2121Kfs*28			MISSENSE,R856H				FRAMESHIFT,M1?	MISSENSE,I1148T		SILENT,A816=								FRAMESHIFT,E1105Nfs*2					MISSENSE,V646M	MISSENSE,V104M		MISSENSE,G248C			SILENT,R1671=		MISSENSE,D737V		FRAMESHIFT,R473Kfs*4	
TCGA-F1-A448				NONSENSE,G1682*	FRAMESHIFT,P1898Hfs*25	SILENT,S631=		FRAMESHIFT,P648Tfs*2	FRAMESHIFT,K437Rfs*5							FRAMESHIFT,E2121Kfs*28				FRAMESHIFT,K15Rfs*5																MISSENSE,I555V													MISSENSE,R465C	
TCGA-BR-8284				NONSENSE,E662*	SPLICE,X1709_splice				FRAMESHIFT,K437Rfs*5									MISSENSE,V4948M		FRAMESHIFT,K15Rfs*5																					SILENT,I496=					FRAMESHIFT,K267Rfs*9				
TCGA-HU-A4GT				FRAMESHIFT,F3640Lfs*61		FRAMESHIFT,T757Qfs*7		MISSENSE,A4059T	FRAMESHIFT,K437Rfs*5		MISSENSE,D1596G		MISSENSE,D1876E		FRAMESHIFT,V2250Sfs*4	FRAMESHIFT,E2121Kfs*28	FRAMESHIFT,E763Sfs*61			FRAMESHIFT,K15Rfs*5	FRAMESHIFT,G659Vfs*41		MISSENSE,L821I	MISSENSE,V245A		FRAMESHIFT,S214Pfs*16								MISSENSE,L829R	MISSENSE,E3342K				MISSENSE,V1014M							FRAMESHIFT,K267Rfs*9	FRAMESHIFT,N303Tfs*63			MISSENSE,V692I
TCGA-BR-4280				NONSENSE,R2653*		MISSENSE,T4460K	MISSENSE,R425W	MISSENSE,A3549V	FRAMESHIFT,K437Rfs*5		SILENT,G3117=		MISSENSE,P2519L					SILENT,L3131=		FRAMESHIFT,K15Rfs*5							MISSENSE,L2750S									SILENT,R114=	MISSENSE,P515S					SILENT,K347=		MISSENSE,G13D						
TCGA-VQ-AA6D		SILENT,R7820=		FRAMESHIFT,W2486Ffs*13									MISSENSE,V2461G	MISSENSE,K629T		FRAMESHIFT,E2121Kfs*28		MISSENSE,A2660V		FRAMESHIFT,K15Rfs*5						FRAMESHIFT,K2811Sfs*46	MISSENSE,I240V				MISSENSE,R4600C					MISSENSE,A1309T		MISSENSE,T1445P				FRAMESHIFT,E641Sfs*3	NONSENSE,E1325*		MISSENSE,R107H				FRAMESHIFT,T482Ifs*16	
TCGA-BR-A4QL		SILENT,P2645=		MISSENSE,V2673I	SPLICE,X601_splice		MISSENSE,A1423V	FRAMESHIFT,S102Afs*28	FRAMESHIFT,K437Rfs*5	FRAMESHIFT,S565Rfs*10	MISSENSE,N2369S		MISSENSE,R107H			FRAMESHIFT,E2121Kfs*28		FRAMESHIFT,Q1953Rfs*50		FRAMESHIFT,K15Rfs*5	FRAMESHIFT,G659Vfs*41			MISSENSE,R2101H			MISSENSE,Q2387R	MISSENSE,R1764H	FRAMESHIFT,P1078Qfs*95	MISSENSE,M997L	MISSENSE,E425V	MISSENSE,R625C				SILENT,P560=		SILENT,S794=		MISSENSE,S236P	MISSENSE,S249G		MISSENSE,R496Q	MISSENSE,G13D				MISSENSE,F143C	MISSENSE,R505C	MISSENSE,A1840T
TCGA-CG-4437				MISSENSE,V2097E	FRAMESHIFT,L2106Efs*34					MISSENSE,V1229I							SILENT,A463=																										MISSENSE,A2251V							
TCGA-BR-4188				MISSENSE,R1440H	FRAMESHIFT,Q2037Pfs*62										SILENT,S2833=										MISSENSE,G212E																									
TCGA-B7-A5TK				MISSENSE,V2070F	FRAMESHIFT,P728Qfs*87																																						MISSENSE,R527H	MISSENSE,G12D						
TCGA-D7-8572				MISSENSE,R2314I		MISSENSE,F2515I	MISSENSE,D857E																		MISSENSE,D402H				FRAMESHIFT,T650Rfs*18	MISSENSE,V578F						MISSENSE,K34E												MISSENSE,Q849R		
TCGA-D7-A74A				PROTEINDEL,R1889del		MISSENSE,D2767N							MISSENSE,E1674Q																															MISSENSE,A146T						
TCGA-BR-8590		SILENT,H12618=	SILENT,N296=	MISSENSE,S162G		MISSENSE,I4405T																	MISSENSE,F1102C					MISSENSE,P2815L		MISSENSE,S96C																				
TCGA-BR-8588				MISSENSE,K522R								MISSENSE,K111E									NONSENSE,Q254*																													
TCGA-IN-8663				MISSENSE,F533C				SILENT,L5391=					SILENT,A2671=		MISSENSE,D510V															MISSENSE,T1135I			SILENT,Q1446=										SILENT,D665=							
TCGA-BR-4191		SILENT,T2580=		MISSENSE,G838A															FRAMESHIFT,N1979Kfs*65			PROTEINDEL,E707_R713del																							MISSENSE,E716Q					
TCGA-FP-A8CX				MISSENSE,A1283D																					MISSENSE,Y190C																									MISSENSE,P939L
TCGA-BR-8677				MISSENSE,G197E																					PROTEINDEL,M316_F317delinsI																									
TCGA-BR-6709				MISSENSE,T1853N																										NONSENSE,Y561*																				
TCGA-RD-A7C1				MISSENSE,G80D			SILENT,S4270=																							MISSENSE,V1113L																				
TCGA-VQ-A8PM				MISSENSE,L1294P																																					MISSENSE,K1146T									
TCGA-CG-4475				MISSENSE,T206I																																														
TCGA-D7-A4YT					SPLICE,X1335_splice	FRAMESHIFT,V21Sfs*38	MISSENSE,R59W				MISSENSE,R4353S			MISSENSE,Q864K							FRAMESHIFT,N167Vfs*13														FRAMESHIFT,N1784Kfs*3															
TCGA-CG-4465					FRAMESHIFT,Q766Sfs*67	MISSENSE,R1788H			FRAMESHIFT,K437Rfs*5	FRAMESHIFT,S565Rfs*10	MISSENSE,G2986D								MISSENSE,R259W		FRAMESHIFT,G659Vfs*41							MISSENSE,C1452F											MISSENSE,R1164H	SILENT,R339=			FRAMESHIFT,D2634Tfs*71				FRAMESHIFT,N303Tfs*63			
TCGA-BR-8363					FRAMESHIFT,T294Pfs*69		MISSENSE,D2595G	FRAMESHIFT,L656Cfs*274	FRAMESHIFT,K437Rfs*5		FRAMESHIFT,F4496Lfs*21		MISSENSE,I258T					SPLICE,X886_splice	MISSENSE,S2307L	FRAMESHIFT,K15Rfs*5		MISSENSE,P2797L	MISSENSE,S774N			FRAMESHIFT,S214Pfs*16			MISSENSE,T48M	MISSENSE,P1283T	PROTEINDEL,P3570del	PROTEINDEL,S1680del				SILENT,S182=	FRAMESHIFT,T336Pfs*14	MISSENSE,P831Q		MISSENSE,R1136H								MISSENSE,D1570V		
TCGA-BR-8381					NONSENSE,S2264*		MISSENSE,I2917K	NONSENSE,R4484*																																MISSENSE,K314T						MISSENSE,D24E				
TCGA-D7-A6EZ		SILENT,P4047=			NONSENSE,S1316*	SILENT,V4427=	MISSENSE,E911Q					MISSENSE,S405F							SILENT,E941=																MISSENSE,Q3047H								SILENT,V763=							
TCGA-BR-8382					FRAMESHIFT,P1115Qfs*46			FRAMESHIFT,L656Cfs*274	FRAMESHIFT,K437Rfs*5	MISSENSE,G442R	MISSENSE,Q419R		MISSENSE,S2217P			FRAMESHIFT,E2121Kfs*28	MISSENSE,V2990I				FRAMESHIFT,G659Vfs*41									MISSENSE,T665M				SILENT,S741=		MISSENSE,R777C				MISSENSE,V104M	FRAMESHIFT,F731Lfs*13						FRAMESHIFT,N303Tfs*63			
TCGA-R5-A804					NONSENSE,Y850*			NONSENSE,R4484*																	MISSENSE,Y341D													MISSENSE,D70Y	MISSENSE,R1187Q											
TCGA-BR-4370					FRAMESHIFT,Q1519Rfs*8			MISSENSE,R5154W	FRAMESHIFT,K437Rfs*5							MISSENSE,A1886V				FRAMESHIFT,K15Rfs*5		FRAMESHIFT,P2495Lfs*4				FRAMESHIFT,R329Kfs*8	FRAMESHIFT,K39Rfs*17						MISSENSE,A602V			FRAMESHIFT,I54Sfs*12		FRAMESHIFT,R1300Kfs*5		MISSENSE,S128N	MISSENSE,T1040A		FRAMESHIFT,A843Lfs*33							
TCGA-CG-4305					FRAMESHIFT,D1850Tfs*33		SILENT,G414=	MISSENSE,P1232L				MISSENSE,E545K		MISSENSE,I983T		FRAMESHIFT,E2121Kfs*28		MISSENSE,R2117C		FRAMESHIFT,K15Rfs*5		MISSENSE,A1321V						FRAMESHIFT,P773Rfs*8	FRAMESHIFT,P1078Qfs*95					MISSENSE,L335I	MISSENSE,P2352S			SILENT,S1264=			MISSENSE,T1113M					FRAMESHIFT,N323Kfs*2			SILENT,L559=	MISSENSE,D1702N
TCGA-D7-5577					NONSENSE,R1446*					MISSENSE,V1272L		MISSENSE,M1043I			MISSENSE,R2213Q																						MISSENSE,G637V									MISSENSE,A126D				
TCGA-FP-7916					SPLICE,X1705_splice	SILENT,V4109=					MISSENSE,R2497C	MISSENSE,H1047R																																			SILENT,S386=			
TCGA-BR-8686					FRAMESHIFT,L818Cfs*15							MISSENSE,R88Q													MISSENSE,R749W									MISSENSE,R701Q			SILENT,T787=													
TCGA-BR-6707			SILENT,A2608=		FRAMESHIFT,I1625Mfs*10							MISSENSE,E545K																			FRAMESHIFT,G1756Vfs*2															MISSENSE,R130Q				
TCGA-FP-7998					NONSENSE,Q1512*							MISSENSE,E542K																					MISSENSE,T998M																	NONSENSE,R1252*
TCGA-BR-4253					NONSENSE,Q1342*	SILENT,V3485=						MISSENSE,N345K																																		FRAMESHIFT,T319*				
TCGA-BR-7196					NONSENSE,Q1095*							MISSENSE,N345K																																						
TCGA-D7-A4YX					FRAMESHIFT,V1491Afs*9							MISSENSE,G118D																																						
TCGA-VQ-A8PF					NONSENSE,R1721*							MISSENSE,G106V																												SILENT,D857=										
TCGA-BR-8687					FRAMESHIFT,M1914Ifs*5										MISSENSE,R2256W			MISSENSE,P4697S						SILENT,H1401=										MISSENSE,T1360A										MISSENSE,G12S						
TCGA-D7-6524					NONSENSE,Y2254*																			MISSENSE,N4379S					MISSENSE,T164S																					
TCGA-BR-A453					NONSENSE,Q480*																				MISSENSE,K440N																									
TCGA-D7-8579					NONSENSE,Q1357*																												MISSENSE,Q1127K																	
TCGA-VQ-AA6F					FRAMESHIFT,M924Ifs*6																																											MISSENSE,S64L		
TCGA-BR-7722					FRAMESHIFT,Q1333Afs*5																																													
TCGA-BR-8291					FRAMESHIFT,P726Lfs*12																																													
TCGA-BR-8365					FRAMESHIFT,H477Qfs*146																																													
TCGA-BR-A4J1					FRAMESHIFT,Q1306Rfs*174																																													
TCGA-CD-5803					NONSENSE,Q605*																																													
TCGA-D7-6521					NONSENSE,Q404*								SILENT,L1828=																																					
TCGA-HU-A4G3					NONSENSE,R2158*		SILENT,I4158=																																											
TCGA-BR-8372		SILENT,P9877=			MISSENSE,R1446Q			FRAMESHIFT,L2594Wfs*97	FRAMESHIFT,K437Rfs*5		FRAMESHIFT,F4496Lfs*21		MISSENSE,G2784R			FRAMESHIFT,E2121Kfs*28		FRAMESHIFT,L174Pfs*16		FRAMESHIFT,K15Rfs*5	FRAMESHIFT,G659Vfs*41	FRAMESHIFT,I1052Sfs*40	MISSENSE,H1118R						FRAMESHIFT,P1078Qfs*95			SILENT,V1722=							SILENT,D21=			MISSENSE,V531I					FRAMESHIFT,N303Tfs*63		MISSENSE,R465C	
TCGA-BR-6455					MISSENSE,L2258R							MISSENSE,C420R																						MISSENSE,A237T																
TCGA-CG-5720						MISSENSE,T3744K			MISSENSE,P368S												NONSENSE,Y457*														SILENT,N1246=				MISSENSE,F1099L											
TCGA-HU-A4H0						MISSENSE,D3399E						MISSENSE,N380S																				MISSENSE,G1542S										MISSENSE,V75I								
TCGA-BR-A4QM		SILENT,S5509=				MISSENSE,F2863V															FRAMESHIFT,I48Yfs*27				MISSENSE,E497K					MISSENSE,S789R										MISSENSE,D297Y										
TCGA-VQ-A94T						MISSENSE,D4078N																																						MISSENSE,G12V						
TCGA-CG-4443								NONSENSE,E1682*																																										
TCGA-D7-8570		SILENT,A1487=						MISSENSE,E4834D							FRAMESHIFT,Q888Hfs*40																														MISSENSE,R1583Q					
TCGA-VQ-A91A								MISSENSE,R5214H							MISSENSE,S585F															MISSENSE,R450H																				
TCGA-BR-4267								MISSENSE,L4559V											NONSENSE,R1114*																									MISSENSE,G13D						
TCGA-VQ-A91Q								MISSENSE,R487W																					FRAMESHIFT,V1079Sfs*22																					
TCGA-BR-8367									PROTEINDEL,V100_C103del																																									
TCGA-BR-4371										NONSENSE,K729*		MISSENSE,E545K	MISSENSE,A983T																																				NONSENSE,Y545*	
TCGA-VQ-A91W										MISSENSE,T1537N		MISSENSE,E542K																																						
TCGA-BR-7901						SILENT,P4726=				MISSENSE,L110P													MISSENSE,F1102C										MISSENSE,R232C																	
TCGA-BR-8296										MISSENSE,V822M																											MISSENSE,R411W	MISSENSE,M1060I												
TCGA-CG-4304										MISSENSE,D609G																																								
TCGA-VQ-AA6K											MISSENSE,S3772T	MISSENSE,E542K														MISSENSE,G335E																								
TCGA-CG-5722												MISSENSE,E545K			MISSENSE,T2175M																																			
TCGA-CG-4474												MISSENSE,E542K									FRAMESHIFT,G659Vfs*41				MISSENSE,V188D														FRAMESHIFT,P1870Sfs*11											
TCGA-BR-8366				SILENT,V1896=								MISSENSE,G118D																																MISSENSE,Q61H						
TCGA-VQ-AA69												MISSENSE,E545K																																MISSENSE,G12V						
HCM-BROD-0960-C16														MISSENSE,R653Q			NONSENSE,E1168*												MISSENSE,R1355C					SILENT,C245=						MISSENSE,F885V										
TCGA-CG-4441														MISSENSE,H89N										MISSENSE,P4347S																					SILENT,T1864=					
TCGA-BR-8373														MISSENSE,M1397I																							SILENT,S497=													
TCGA-FF-8061															MISSENSE,K1796R		MISSENSE,D1939N										MISSENSE,E292D																							
TCGA-FP-8211															MISSENSE,E2018G				FRAMESHIFT,P1453Dfs*7					MISSENSE,V3439A																						FRAMESHIFT,T232Hfs*11				
TCGA-CG-4301															MISSENSE,E1656D											MISSENSE,L2890V				MISSENSE,K584E																				
TCGA-BR-8364																	MISSENSE,A2411P								MISSENSE,L175P																									
TCGA-HU-8249																	MISSENSE,A381V									FRAMESHIFT,K2811Vfs*3			SILENT,V310=							MISSENSE,P44T						FRAMESHIFT,F524Lfs*17								
TCGA-CG-5718																			FRAMESHIFT,L629*												NONSENSE,S2700*																			
TCGA-BR-8592																				MISSENSE,G51R					MISSENSE,Y190C																									
TCGA-D7-A748																						NONSENSE,R1265*			SPLICE,X337_splice																									
TCGA-HU-A4H5																						MISSENSE,S3003L		MISSENSE,P1560R												MISSENSE,S586N														
TCGA-BR-8370											SILENT,F947=												MISSENSE,S522L		MISSENSE,D257N														MISSENSE,R1327C					MISSENSE,Q61H						
TCGA-VQ-A94P																							MISSENSE,S302R																											
TCGA-FX-A3NK																								MISSENSE,D177N																										
TCGA-D7-6522																									SPLICE,X440_splice																									
TCGA-D7-8574																									SPLICE,X178_splice																									
TCGA-BR-8058																									MISSENSE,D254Y					MISSENSE,T411A																				
TCGA-BR-4187																									PROTEINALTERING,L220_D221delinsP																									
TCGA-BR-A44T																									MISSENSE,I248F																									
TCGA-BR-A4IV																									MISSENSE,D254Y																									
TCGA-FP-8210																									MISSENSE,D257G																									
TCGA-MX-A5UG																									MISSENSE,D288V																									
TCGA-D7-8575																										FRAMESHIFT,T1745Dfs*4						MISSENSE,V1634M																		
TCGA-CD-5798																										SPLICE,X2151_splice											MISSENSE,T1056M							MISSENSE,G12D						
TCGA-BR-A4J7																										NONSENSE,Q2971*							SILENT,S252=																	
TCGA-RD-A8MV																										FRAMESHIFT,E343Rfs*5																								
TCGA-BR-7717		SILENT,D9639=																								MISSENSE,R2790K																								
TCGA-D7-8573																										MISSENSE,L413I																								
TCGA-RD-A8N5																											MISSENSE,G2945E																							
TCGA-CD-8532																													NONSENSE,W167*																					
TCGA-EQ-5647																														MISSENSE,T353K																				
TCGA-VQ-A8PS																															NONSENSE,Y824*											MISSENSE,N272D								
TCGA-BR-7957																															MISSENSE,Y4621N																			
TCGA-RD-A7BS																	SILENT,D956=														MISSENSE,E1032K																			
HCM-BROD-0356-C16			SILENT,S3855=																																MISSENSE,I3075K															
TCGA-BR-6705		SILENT,T10352=																																		MISSENSE,G452R					SILENT,T844=			MISSENSE,R135T						
TCGA-BR-A4J4																																							MISSENSE,R1325I											
TCGA-VQ-A8PD																																								MISSENSE,G284R										
TCGA-VQ-A928																																										MISSENSE,T258R								
TCGA-VQ-A8PZ																																											MISSENSE,F2011L							
TCGA-VQ-A8PU		SILENT,L8605=																																										MISSENSE,G12D						
TCGA-CG-5725																																														FRAMESHIFT,T167Nfs*13				
TCGA-WK-A8XS																																														FRAMESHIFT,Y336Ffs*5				
TCGA-BR-8380																																																	MISSENSE,R479Q	
HCM-BROD-1124-C16		SILENT,A7556=																																																
TCGA-BR-6801			SILENT,G2406=																								SILENT,S1865=																							
TCGA-BR-A4J2																										SILENT,A756=				SILENT,N628=																				
TCGA-CG-4462			SILENT,D4568=																																															
TCGA-D7-6519										SILENT,V735=																																								
TCGA-ZA-A8F6	SILENT,S185=																																																	