Case	PIK3CA	MUC16	KMT2C	KMT2D	FBXW7	EP300	LRP1B	FAT1	FLNA	CREBBP	ZFHX3	CSMD3	FAT4	PTEN	TP53	NSD1	SPEN	ATRX	FAT3	MED12	RNF213	NOTCH1	NFE2L2	ARID1A	RB1	BCOR	ERBB2	FAM47C	NF1	MYH9	NCOR1	BCORL1	TRRAP	BIRC6	SMARCA4	DCC	CASP8	PTPRD	HLA-A	LATS1	CDK12	PTPN13	CDH10	CNTNAP2	IRS4	TSC2	ZNF521	STK11	ERBB3	SETD2
TCGA-FU-A3HY	MISSENSE,H1047L	NONSENSE,S2952*				MISSENSE,S1581L																														SILENT,L492=			SILENT,L225=											
TCGA-LP-A4AV	MISSENSE,E542K	NONSENSE,S4949*					MISSENSE,E3967Q			MISSENSE,R1446C									MISSENSE,R4278Q													MISSENSE,S280L												MISSENSE,S219F						
TCGA-IR-A3LI	MISSENSE,E545K	NONSENSE,S11229*										NONSENSE,W306*								NONSENSE,Q335*							MISSENSE,S310F																							
TCGA-VS-A958	MISSENSE,E545Q	MISSENSE,E6944K	NONSENSE,Q109*	NONSENSE,Q1402*		NONSENSE,W403*												MISSENSE,K2222N							SPLICE,X703_splice						SILENT,*2441=			MISSENSE,S4105F			NONSENSE,Q389*				MISSENSE,K756N				MISSENSE,R1064Q					MISSENSE,E2528Q
TCGA-DR-A0ZM	MISSENSE,E542K	MISSENSE,Q12819E	NONSENSE,S1148*	NONSENSE,Q4284*						MISSENSE,L213F							NONSENSE,S3035*				SILENT,L3586=	SILENT,V1676=	MISSENSE,R515T			MISSENSE,P758T			SILENT,F2109=	NONSENSE,E1601*	SILENT,L678=					MISSENSE,K73Q				MISSENSE,G535E		SILENT,V1382=		SILENT,V945=						
TCGA-C5-A7UH	MISSENSE,R93W	MISSENSE,E13850Q	NONSENSE,Q2539*			FRAMESHIFT,R1234Kfs*43										MISSENSE,E653K																			MISSENSE,E593K															
TCGA-2W-A8YY	MISSENSE,Y432C	MISSENSE,A1257T	MISSENSE,G2136V	NONSENSE,R4904*	NONSENSE,G75*	MISSENSE,G201E	MISSENSE,G4317R	MISSENSE,T180I	MISSENSE,A1205V	MISSENSE,R1985C	FRAMESHIFT,P2229Lfs*26	NONSENSE,Q1456*	MISSENSE,A4693V	SPLICE,X55_splice	NONSENSE,R196*	NONSENSE,R1471*	MISSENSE,T3048M	MISSENSE,T1146S	MISSENSE,R557H	FRAMESHIFT,G786Rfs*6	NONSENSE,W576*	MISSENSE,E569K		NONSENSE,R2158*		MISSENSE,H695R			NONSENSE,Y2182*		MISSENSE,E229K	FRAMESHIFT,P1681Qfs*20	FRAMESHIFT,E3694Rfs*12	MISSENSE,I2397T	MISSENSE,R417H	MISSENSE,G1444S	MISSENSE,P394L		MISSENSE,A164V			MISSENSE,T1464I	MISSENSE,E541K	SILENT,P739=		MISSENSE,R639Q	MISSENSE,S1050Y		MISSENSE,A837T	MISSENSE,R2490Q
TCGA-DG-A2KK	MISSENSE,E545K	MISSENSE,R13381K	MISSENSE,S773L	SILENT,P3393=	MISSENSE,R505C				MISSENSE,E55K				NONSENSE,S476*		MISSENSE,E285K			FRAMESHIFT,V2342Dfs*9			NONSENSE,S650*									SILENT,L1872=																				
TCGA-VS-A9UC	MISSENSE,E545K	MISSENSE,P1758S	MISSENSE,R3070T																										SILENT,H1374=																					
TCGA-ZJ-AAXU	MISSENSE,E545K	MISSENSE,I6411M		NONSENSE,Q1435*	NONSENSE,S294*			NONSENSE,S2033*					NONSENSE,Q4759*																										SILENT,L225=			NONSENSE,S1671*								
TCGA-C5-A1ML	MISSENSE,E545K	MISSENSE,S6802F		NONSENSE,R4282*																																														
TCGA-JW-A5VJ	MISSENSE,E545K	MISSENSE,Q5473E			NONSENSE,Q508*								MISSENSE,E1221Q																																					
HTMCP-03-06-02061	MISSENSE,E542K	MISSENSE,I2611F			MISSENSE,H470D		MISSENSE,E849Q		SILENT,A1448=									MISSENSE,H1885Y					MISSENSE,E79Q													MISSENSE,E770K				MISSENSE,E5K					SILENT,T664=					
HTMCP-03-06-02364	MISSENSE,E39K	MISSENSE,S4800L			MISSENSE,R505G						FRAMESHIFT,M3655Ifs*34			NONSENSE,Q97*	MISSENSE,R280T						SILENT,L2666=																													
TCGA-JW-A852	MISSENSE,E545K	MISSENSE,H12026N				MISSENSE,D1399N																	MISSENSE,R34Q		NONSENSE,R358*		MISSENSE,S310F																							
TCGA-FU-A3HZ	MISSENSE,E542K	MISSENSE,E7737D		SILENT,V290=			NONSENSE,E1461*		SILENT,F2321=	MISSENSE,S71L	MISSENSE,R2950H	MISSENSE,N1053K	MISSENSE,R4294K	FRAMESHIFT,N184Ifs*15			MISSENSE,K491Q			MISSENSE,R1862C				NONSENSE,S1992*		SILENT,D1593=		MISSENSE,K961N	NONSENSE,R2450*					MISSENSE,K2073N		SPLICE,X685_splice		MISSENSE,E1434K	MISSENSE,T214P			NONSENSE,L2427*	MISSENSE,A607V							
TCGA-IR-A3LH	MISSENSE,C90R	MISSENSE,S3779F						FRAMESHIFT,F93Lfs*16					SILENT,I4510=						MISSENSE,D2110Y	SILENT,P336=			MISSENSE,E79D							NONSENSE,W33*			MISSENSE,E357K						SPLICE,X338_splice											
HTMCP-03-06-02408	MISSENSE,E545Q	MISSENSE,T12336S											MISSENSE,P2784T																												FRAMESHIFT,E657Kfs*96									
TCGA-C5-A1BM	MISSENSE,E542K	MISSENSE,E6359Q		SILENT,L3631=										NONSENSE,Y65*																																MISSENSE,F1666L				
TCGA-C5-A1MK	MISSENSE,E726K	MISSENSE,P8910S					SILENT,L3101=												MISSENSE,D2649N					NONSENSE,Q611*						MISSENSE,E423K																				
HTMCP-03-06-02368	MISSENSE,E545K	MISSENSE,Q5153E																																										MISSENSE,R777H						
TCGA-DS-A1OB	MISSENSE,E545K		NONSENSE,R110*	NONSENSE,Q3441*		MISSENSE,S396C			MISSENSE,G881A	MISSENSE,E1054K											SILENT,L2561=			SILENT,K1021=			MISSENSE,S310F														MISSENSE,S521L									
TCGA-Q1-A5R2	MISSENSE,E726K		NONSENSE,Q3312*	NONSENSE,E2433*			MISSENSE,E1259K	NONSENSE,Q1441*			MISSENSE,T1639A											MISSENSE,C1068Y	MISSENSE,E82Q																	NONSENSE,R147*				SPLICE,X852_splice				SILENT,F148=		
HTMCP-03-06-02062	MISSENSE,E545K		FRAMESHIFT,P1970*		NONSENSE,S678*																					SILENT,T877=																								
TCGA-JX-A3Q0	MISSENSE,E545K		NONSENSE,Q2161*	SILENT,L2761=	MISSENSE,R505G	NONSENSE,Q741*	MISSENSE,R686W	MISSENSE,S4373F	MISSENSE,D821N		SILENT,E1283=	MISSENSE,H952Y	SILENT,I1219=		MISSENSE,K319N	SILENT,L2299=	MISSENSE,E2260K	MISSENSE,M744I					MISSENSE,D29Y		NONSENSE,S634*	MISSENSE,S3L				MISSENSE,D244N		SILENT,L1384=		MISSENSE,R1870K			NONSENSE,R435*		SPLICE,X299_splice						MISSENSE,A1151V	SILENT,L1022=				
HTMCP-03-06-02386	MISSENSE,E542K		FRAMESHIFT,L946Vfs*3		MISSENSE,R465H												NONSENSE,R229*																	MISSENSE,R4218H															MISSENSE,A232V	
TCGA-VS-A9V3	MISSENSE,E545K		NONSENSE,Q2325*			NONSENSE,S281*						SILENT,L2867=													FRAMESHIFT,F650Lfs*2							MISSENSE,N905K								FRAMESHIFT,R697Gfs*10					MISSENSE,E188K			FRAMESHIFT,S334Gfs*12		
TCGA-EK-A3GM	MISSENSE,E542K		NONSENSE,E1667*				MISSENSE,E1319K																	FRAMESHIFT,Q566Nfs*55			MISSENSE,E280Q											MISSENSE,D1871H											MISSENSE,F219L	
TCGA-VS-A94Z	MISSENSE,E545K	SILENT,L13435=	NONSENSE,R4225*						MISSENSE,G2518C							MISSENSE,C1935F			SILENT,C4299=												FRAMESHIFT,K1048Nfs*5	FRAMESHIFT,P1681Qfs*20	MISSENSE,N3836T	MISSENSE,D4193H												NONSENSE,E1390*				
TCGA-Q1-A6DV	MISSENSE,G118D		FRAMESHIFT,T1173Pfs*8																	MISSENSE,D23Y																														
TCGA-JW-A5VL	MISSENSE,E545K	SILENT,F12972=	MISSENSE,M3299I	MISSENSE,D5279Y			MISSENSE,F507L					SILENT,R2231=				MISSENSE,P121A	NONSENSE,Y697*		MISSENSE,G4258R			MISSENSE,D568N	MISSENSE,E134Q	MISSENSE,D1337N		NONSENSE,S3*			SILENT,L1623=			MISSENSE,M1526I	MISSENSE,D1849N			SILENT,S105=		SILENT,P421=	MISSENSE,D63H							MISSENSE,D1004N				
TCGA-IR-A3LK	MISSENSE,Q75E		MISSENSE,E740K	SILENT,L3248=		NONSENSE,S281*	MISSENSE,G3981E		MISSENSE,E1909Q	MISSENSE,S129L	MISSENSE,Q1843H						MISSENSE,D2521H		MISSENSE,S4112T								MISSENSE,E401D		NONSENSE,Q543*	MISSENSE,S604F		SILENT,I860=	MISSENSE,E3383Q							MISSENSE,P251A						MISSENSE,E1024K				
TCGA-C5-A8XJ	MISSENSE,E545K		MISSENSE,E2718Q			MISSENSE,K1277N			MISSENSE,F2512L				MISSENSE,R210H			MISSENSE,E465Q				MISSENSE,R1138W		NONSENSE,Y550*						MISSENSE,E480D						MISSENSE,M4513I				MISSENSE,E877Q										MISSENSE,S69L		
TCGA-EK-A2PG	MISSENSE,E545K		MISSENSE,Q1072H					MISSENSE,P393S								MISSENSE,M1174I																																		MISSENSE,S560L
TCGA-EK-A2RD	MISSENSE,E542K		MISSENSE,H2859Y									MISSENSE,S300F																	MISSENSE,E1020K				MISSENSE,E227K																	
TCGA-EA-A410	MISSENSE,H1047R			FRAMESHIFT,G5182Afs*61	MISSENSE,L251F			NONSENSE,Q29*		MISSENSE,R669W	FRAMESHIFT,G1926Wfs*3		SILENT,R98=	FRAMESHIFT,K267Rfs*9		FRAMESHIFT,M1531Cfs*43				MISSENSE,R764Q				MISSENSE,G1450S		MISSENSE,R1209H	MISSENSE,S250Y	SILENT,R386=	SILENT,P1851=				MISSENSE,V1901I		SILENT,I1400=	FRAMESHIFT,P1086Rfs*15					SILENT,V1023=					MISSENSE,V1699M				MISSENSE,V2280A
TCGA-EK-A2PM	MISSENSE,E545K			NONSENSE,Q3793*		MISSENSE,R1283S							MISSENSE,G3137V	SPLICE,X343_splice	MISSENSE,K132N				NONSENSE,S670*									MISSENSE,S208T																						
TCGA-VS-A9UJ	MISSENSE,R115P			FRAMESHIFT,P647Hfs*283										NONSENSE,R130*		FRAMESHIFT,A1837Lfs*12								FRAMESHIFT,Q802Vfs*32																										
TCGA-C5-A8XK	MISSENSE,E545K			NONSENSE,S2309*																																												MISSENSE,E375Q		
TCGA-HG-A2PA	MISSENSE,G106V			MISSENSE,P1574L																			MISSENSE,E79K																											
TCGA-ZJ-AAX8	MISSENSE,E542K			MISSENSE,H5114Y																												MISSENSE,E1344K																		
TCGA-VS-A959	MISSENSE,E542K			MISSENSE,R2334W			SILENT,F3332=						SILENT,V1831=							SILENT,I1590=														MISSENSE,R596K																
TCGA-VS-A9UQ	MISSENSE,E542K			MISSENSE,R2386Q																																														
TCGA-ZJ-AAXI	MISSENSE,Q546R				NONSENSE,R278*									MISSENSE,E43K						MISSENSE,R1170Q																				NONSENSE,R82*										
TCGA-JW-AAVH	MISSENSE,E545K				NONSENSE,R658*																					MISSENSE,T378A		MISSENSE,L338V										MISSENSE,G251R												
TCGA-EA-A3QE	MISSENSE,H1047R				MISSENSE,R465C				MISSENSE,P1591L													MISSENSE,S1651L					SILENT,T1242=									MISSENSE,G757S			FRAMESHIFT,F32Sfs*44					MISSENSE,D556N						
HTMCP-03-06-02342	MISSENSE,E545K				MISSENSE,R505G				SILENT,Y2305=																			SILENT,E955=																MISSENSE,H434Y						
HTMCP-03-06-02121	MISSENSE,E542K				MISSENSE,R465H																																													
TCGA-MA-AA3Z	MISSENSE,E545K	SILENT,N14488=			MISSENSE,S398F																																													
TCGA-VS-A9UY	MISSENSE,C420R					FRAMESHIFT,N1236Kfs*2						SILENT,K3599=					NONSENSE,R702*																																	
TCGA-C5-A1MH	MISSENSE,E726K					NONSENSE,S401*																	FRAMESHIFT,E49Kfs*28							MISSENSE,E1635K												MISSENSE,Q532H								
HTMCP-03-06-02357	MISSENSE,E542K					MISSENSE,L583V	MISSENSE,Q763E		MISSENSE,V1731M			MISSENSE,E1563K																															MISSENSE,T258M				MISSENSE,A1051E			
TCGA-VS-A9UL	MISSENSE,E542K					MISSENSE,W1466C											SILENT,I3507=																																	
HTMCP-03-06-02362	MISSENSE,E545K						MISSENSE,T1305K					MISSENSE,R991P						MISSENSE,Q1691E												SILENT,I1731=																	FRAMESHIFT,G1135Dfs*2			
TCGA-VS-A9V4	MISSENSE,R992P						MISSENSE,T1336A								FRAMESHIFT,P27Lfs*17			NONSENSE,R1426*																																
TCGA-VS-A9UT	MISSENSE,G106R						MISSENSE,K1497N								NONSENSE,Q331*																																			
TCGA-VS-A8QA	MISSENSE,E726K						MISSENSE,R2234I																				MISSENSE,S310Y				MISSENSE,R691C														SILENT,A425=					
HTMCP-03-06-02400	MISSENSE,E81K							FRAMESHIFT,P3186Tfs*37		MISSENSE,G1469R								MISSENSE,G2169R			MISSENSE,S2958R					MISSENSE,S336L																						PROTEININS,D284du		
HTMCP-03-06-02218	MISSENSE,V101A							NONSENSE,S1188*																																							MISSENSE,C442F			
TCGA-VS-A9UZ	MISSENSE,E545K								MISSENSE,N1881K															NONSENSE,Q566*																										
TCGA-FU-A3WB	MISSENSE,E545K									FRAMESHIFT,D1265Ifs*11																																								
TCGA-FU-A23K	MISSENSE,V344G									MISSENSE,P61L	NONSENSE,Q2595*			SPLICE,X212_splice																	SILENT,L927=																			
HTMCP-03-06-02337	MISSENSE,E545K									MISSENSE,D1435N																									MISSENSE,S85L															
HTMCP-03-06-02112	MISSENSE,E545K									SILENT,V2427=	MISSENSE,A773V																									MISSENSE,D1424N														
HTMCP-03-06-02412	MISSENSE,G1049R										MISSENSE,N3103D																																							NONSENSE,Q109*
TCGA-EA-A5FO	MISSENSE,E545K											MISSENSE,Q3386H		NONSENSE,R233*	MISSENSE,R337H											SILENT,S1354=			MISSENSE,R1136W																				MISSENSE,V104M	
TCGA-VS-A8QC	MISSENSE,E545K								SILENT,L1424=			MISSENSE,S2613C				FRAMESHIFT,A1293Lfs*17																										MISSENSE,D1298N							MISSENSE,T355I	
HTMCP-03-06-02082	MISSENSE,E545K												MISSENSE,A607V		SPLICE,X225_splice				MISSENSE,S901C																															
TCGA-JW-A5VH	MISSENSE,R38H													SPLICE,X85_splice										NONSENSE,Q566*		MISSENSE,N1459S							MISSENSE,R3063Q										SILENT,Y74=							
TCGA-ZJ-AAXJ	PROTEININS,I112_L113du															MISSENSE,R1587H							MISSENSE,E79Q																											
TCGA-MA-AA3X	MISSENSE,E542K															MISSENSE,E1793K																																		
HTMCP-03-06-02385	MISSENSE,E545K																MISSENSE,R1418Q							MISSENSE,G830A																										
TCGA-DG-A2KL	MISSENSE,E542K																SILENT,P2004=	MISSENSE,R498T																													MISSENSE,R1021G			SILENT,E1138=
TCGA-PN-A8MA	MISSENSE,E542K																	MISSENSE,Q2452R																																
HTMCP-03-06-02044	MISSENSE,H1047R																		MISSENSE,F877L																															
TCGA-DS-A7WF	MISSENSE,H1047Q																			SPLICE,X2164_splice																														
HTMCP-03-06-02104	MISSENSE,E545K																				MISSENSE,R2409Q									NONSENSE,E1348*								SILENT,G261=	SPLICE,X299_splice						SILENT,L250=					
TCGA-EK-A2RO	MISSENSE,E545K																					MISSENSE,C387Y																												
TCGA-DS-A5RQ	MISSENSE,E545K																									MISSENSE,S637F																								
TCGA-IR-A3LF	MISSENSE,E542K																										MISSENSE,G660R						MISSENSE,A2951T																	MISSENSE,Q1619E
TCGA-Q1-A73P	MISSENSE,E542K																											MISSENSE,S484F						SILENT,V4273=					MISSENSE,Q120H											
HTMCP-03-06-02187	MISSENSE,H1047R																											MISSENSE,E955Q																						
TCGA-VS-A9UR	MISSENSE,E545K																											MISSENSE,A716V																						
TCGA-Q1-A5R3	MISSENSE,E542K																												NONSENSE,Q1399*																		MISSENSE,D889Y			
TCGA-C5-A2M1	MISSENSE,E545K												SILENT,R3384=																	PROTEINDEL,E1536del							SILENT,G94=													
TCGA-VS-A8EG	MISSENSE,E545K																													PROTEINALTERING,R1557_L1558delinsQ																				
TCGA-LP-A7HU	MISSENSE,E545K										SILENT,G919=																				MISSENSE,S1943L																			
TCGA-ZJ-AAXD	MISSENSE,E542K																																				MISSENSE,E145D				MISSENSE,E131G									
TCGA-C5-A7CO	MISSENSE,E81K																																						NONSENSE,W23*	FRAMESHIFT,F950Ifs*21									MISSENSE,V104M	MISSENSE,I874V
TCGA-ZJ-AB0H	MISSENSE,E542K																																					SILENT,G1847=					MISSENSE,R135T		MISSENSE,A23S					MISSENSE,P2393R
HTMCP-03-06-02111	MISSENSE,E545K						SILENT,L1728=																																				MISSENSE,G504A							
TCGA-C5-A7CJ	MISSENSE,E542K																																										MISSENSE,D337N							
TCGA-VS-A9UI	MISSENSE,E545K																																														MISSENSE,V354M			
TCGA-C5-A2M2	MISSENSE,E542K																																																MISSENSE,I950T	
HTMCP-03-06-02118	MISSENSE,E545K																																																	
HTMCP-03-06-02387	MISSENSE,E545K										SILENT,T1147=																																							
HTMCP-03-06-02406	MISSENSE,G1007R																																																	
TCGA-C5-A1BE	MISSENSE,E726K																																																	
TCGA-C5-A2LS	MISSENSE,E545K																																																	
TCGA-EA-A3HT	MISSENSE,E545K																				SILENT,Y3109=																													
TCGA-EK-A2RN	MISSENSE,E726K																																										SILENT,V262=			SILENT,T1206=				
TCGA-JW-A69B	MISSENSE,E542K																																																	
TCGA-Q1-A5R1	MISSENSE,E545K																																																	
TCGA-VS-A8QM	MISSENSE,E545K																																																	
TCGA-VS-A950	MISSENSE,C420R																																																	
TCGA-VS-A9U6		FRAMESHIFT,N8301Tfs*5		FRAMESHIFT,S2532Lfs*11																	MISSENSE,G162S				NONSENSE,S576*			MISSENSE,V459M						NONSENSE,E4318*	SILENT,P1616=													FRAMESHIFT,L282Afs*3	SILENT,L474=	
TCGA-MA-AA41		NONSENSE,S5101*				NONSENSE,W571*	MISSENSE,R3072T	NONSENSE,Q2850*	MISSENSE,E2137K																						MISSENSE,D271H														MISSENSE,V960M					
TCGA-MY-A913		NONSENSE,S1779*																											MISSENSE,L2249V									MISSENSE,T998M				SILENT,V1150=					NONSENSE,Q232*			
TCGA-UC-A7PF		MISSENSE,S3960C	NONSENSE,Q2421*	MISSENSE,E4558Q							NONSENSE,Q2518*						MISSENSE,E3556K							SILENT,G933=																	MISSENSE,L1323F	SILENT,S442=					MISSENSE,Q463E			
TCGA-Q1-A73O		MISSENSE,S812F	NONSENSE,S1308*		MISSENSE,Q277E						NONSENSE,Q2991*													MISSENSE,S1184L	MISSENSE,P374A					SILENT,L1103=	MISSENSE,R1201K		MISSENSE,E127Q		MISSENSE,R1601Q	SILENT,L1186=			NONSENSE,E201*	MISSENSE,R682T				MISSENSE,F333L					MISSENSE,G419A	
HTMCP-03-06-02339		MISSENSE,E10873K	NONSENSE,Q554*			NONSENSE,S952*	MISSENSE,E3793K			NONSENSE,Q2081*		MISSENSE,E3092K				MISSENSE,T2356K		MISSENSE,E680Q							NONSENSE,E746*				MISSENSE,L2271V	MISSENSE,E1543Q		MISSENSE,S1417L		MISSENSE,S3726F			NONSENSE,Q107*	SPLICE,X181_splice												MISSENSE,S654F
TCGA-EA-A3HU		MISSENSE,R13398H	FRAMESHIFT,E20Rfs*85			FRAMESHIFT,M1470Cfs*26	MISSENSE,G1321V				SILENT,A2585=	FRAMESHIFT,N1053Kfs*12				MISSENSE,E1703Q		SPLICE,X2233_splice	MISSENSE,K110T		SILENT,S3905=					NONSENSE,E1263*				MISSENSE,E530K	MISSENSE,I1225M				SILENT,S492=			MISSENSE,V1596F					MISSENSE,E322Q				SILENT,G624=			
TCGA-C5-A902		MISSENSE,S9834L	NONSENSE,R284*							FRAMESHIFT,K1811Rfs*62										MISSENSE,S109F									MISSENSE,T976N												NONSENSE,Q602*									
TCGA-C5-A1BL		MISSENSE,A4577T	NONSENSE,E4621*					SILENT,F2579=		SILENT,K634=		MISSENSE,H3430D	MISSENSE,P4476A				NONSENSE,S1109*						NONSENSE,E166*					MISSENSE,R800H																						
TCGA-C5-A8XH		MISSENSE,P5644S	MISSENSE,G158E			SPLICE,X1088_splice											PROTEINDEL,N2666_V2672del																		MISSENSE,D158Y						MISSENSE,E1041Q									
TCGA-IR-A3LA		MISSENSE,L3285V	MISSENSE,C977F									MISSENSE,S1043N			MISSENSE,E271K			MISSENSE,S692L			MISSENSE,E2630K			MISSENSE,E1017K				MISSENSE,S515P							SILENT,S446=							MISSENSE,E2096Q								
TCGA-VS-A8EI		MISSENSE,P7536Q	MISSENSE,R3125T													MISSENSE,M928I																																		
TCGA-C5-A7CK		MISSENSE,Y12812H		FRAMESHIFT,S2512Ifs*26															MISSENSE,S1177F						FRAMESHIFT,R418Sfs*9					PROTEINDEL,K1445del						NONSENSE,R443*							SILENT,F62=							
TCGA-VS-A9UA		MISSENSE,I14083M		MISSENSE,E703K	MISSENSE,L497F	MISSENSE,L236F									MISSENSE,R280T	SILENT,L558=									NONSENSE,Q257*												SPLICE,X221_splice		NONSENSE,S95*						MISSENSE,R734G					
TCGA-VS-A953		MISSENSE,G13405A		MISSENSE,R3321Q						SPLICE,X1305_splice			SILENT,A4610=	MISSENSE,R130L			MISSENSE,R128C	MISSENSE,E851K	MISSENSE,S4515L					SILENT,V661=								MISSENSE,D542H																		NONSENSE,S2310*
TCGA-VS-A94X		MISSENSE,Q7939E		MISSENSE,D5023N					SILENT,L1788=																																MISSENSE,L1323F				NONSENSE,S728*			MISSENSE,R304W		
TCGA-FU-A2QG		MISSENSE,S10790L			MISSENSE,H500D											MISSENSE,K734R																																		
TCGA-C5-A7XC		MISSENSE,S6028F			MISSENSE,D560H																																													
TCGA-C5-A2LT		MISSENSE,A6887E					MISSENSE,R3186H	MISSENSE,S4557Y																																										
TCGA-C5-A7X5		MISSENSE,S8070F					MISSENSE,Q1517K																					MISSENSE,R391H																						
HTMCP-03-06-02369		MISSENSE,T5474I						FRAMESHIFT,L3695Ffs*3	SILENT,P1811=													FRAMESHIFT,E943Qfs*6																	MISSENSE,D262Y											
HTMCP-03-06-02060		MISSENSE,P9136S						MISSENSE,E3490Q						NONSENSE,Y16*					SILENT,L3091=																															
HTMCP-03-06-02352		MISSENSE,S8034A							FRAMESHIFT,H894Tfs*4						NONSENSE,E294*	MISSENSE,Q2695H													SPLICE,X2143_splice	SILENT,K540=		SILENT,L268=																		
TCGA-C5-A1MF		MISSENSE,L8594V							MISSENSE,V1830M																							MISSENSE,P1188L																		
TCGA-VS-A952		MISSENSE,F6772L							SILENT,V1696=					MISSENSE,G129E																								MISSENSE,R1559Q												
TCGA-MU-A8JM		MISSENSE,F265S																				MISSENSE,S1708L																			NONSENSE,Q547*									
TCGA-RA-A741		MISSENSE,S302L																																										MISSENSE,S413I						
TCGA-ZJ-AB0I		MISSENSE,D2438Y																																														NONSENSE,Q302*		
TCGA-C5-A1M5		MISSENSE,T3489I																																																
TCGA-C5-A3HF		MISSENSE,S8175L																																																
TCGA-C5-A7UE		MISSENSE,A10290S																																	SILENT,L567=															
TCGA-DG-A2KH		MISSENSE,E9510K																																																
TCGA-EA-A97N		MISSENSE,P9313S																																																
TCGA-EX-A3L1		MISSENSE,S6381L																																																
TCGA-VS-A954		MISSENSE,S6432F				SILENT,F1049=																									SILENT,P813=																			
TCGA-VS-A9U5		MISSENSE,T11584N																																																
TCGA-EK-A2RK			FRAMESHIFT,H4200Lfs*19	NONSENSE,Q4007*		NONSENSE,Q813*								MISSENSE,D107H																																				
TCGA-VS-A9UH			NONSENSE,Q1115*	NONSENSE,E1351*								MISSENSE,S1854L									MISSENSE,D4145N				NONSENSE,S648*																									
TCGA-VS-A8EK		SILENT,S7210=	FRAMESHIFT,D1230Ifs*68	NONSENSE,Q1402*																		MISSENSE,S356Y						MISSENSE,C197S																						
TCGA-C5-A7UI			NONSENSE,W1109*	NONSENSE,C5092*																																														
TCGA-EA-A3HS			NONSENSE,R2609*	MISSENSE,G1697C	NONSENSE,R658*		MISSENSE,A2512D		SPLICE,X1806_splice								NONSENSE,R1170*		MISSENSE,V2509M	MISSENSE,V524M																														
TCGA-C5-A1M9			FRAMESHIFT,L2862Ffs*6		MISSENSE,D600N																			MISSENSE,G2087R																										
TCGA-VS-A9UV			NONSENSE,R3079*			MISSENSE,W1436R			SPLICE,X523_splice																FRAMESHIFT,L303Wfs*6																									
HTMCP-03-06-02343			NONSENSE,Q1478*				MISSENSE,S2444F				MISSENSE,S3643L													MISSENSE,H684D			MISSENSE,D277H																							
TCGA-Q1-A6DW			NONSENSE,R2403*				MISSENSE,M4040I							MISSENSE,R130Q																																				
TCGA-EK-A2RC			NONSENSE,Q1218*							NONSENSE,R1319*						NONSENSE,S1679*				MISSENSE,Q308E								MISSENSE,V387I								MISSENSE,R562T														
TCGA-VS-A9V5			NONSENSE,Q1534*						SILENT,D253=		MISSENSE,L3548F		MISSENSE,I4807M																																					NONSENSE,Q1545*
TCGA-ZJ-AAXA			SPLICE,X2481_splice									MISSENSE,E296K																																						
HTMCP-03-06-02366			NONSENSE,S2284*																		MISSENSE,T2629I																													
TCGA-DS-A0VM			NONSENSE,Q1186*								SILENT,L3668=										SILENT,I4639=		MISSENSE,D29H													MISSENSE,R1025G						MISSENSE,M530I	MISSENSE,E376K		MISSENSE,P1104S		MISSENSE,H819Q			
TCGA-C5-A8ZZ			NONSENSE,R897*																						MISSENSE,W563S			MISSENSE,E240K																						
TCGA-MA-AA3W			SPLICE,X2481_splice																												MISSENSE,E1309K																			
TCGA-BI-A0VS			NONSENSE,R284*																																															
TCGA-C5-A907			NONSENSE,W430*																																															
TCGA-EX-A1H6			NONSENSE,R4789*																																															
TCGA-FU-A770			FRAMESHIFT,D4216Rfs*24																																															
TCGA-EK-A3GK			MISSENSE,L2420V		MISSENSE,R505G	NONSENSE,Q2215*	MISSENSE,D2968H	SILENT,L3408=	SILENT,L971=		MISSENSE,S417L	MISSENSE,I200M			SILENT,L350=		MISSENSE,D1612Y				NONSENSE,Q129*	MISSENSE,E294K			MISSENSE,W195C	SILENT,L267=	MISSENSE,E1079K	MISSENSE,L318F			SILENT,V1935=	NONSENSE,M1?		SILENT,F1554=						MISSENSE,H1007Y					SILENT,L167=				MISSENSE,M677I	MISSENSE,S1251L
TCGA-VS-A8EL			MISSENSE,E4232Q				MISSENSE,R559H	SILENT,G4026=					SILENT,F2718=		MISSENSE,S241F		SILENT,I23=	MISSENSE,S596F						MISSENSE,E602K					NONSENSE,S1567*				SILENT,L454=				NONSENSE,Q339*													
TCGA-C5-A1BJ			MISSENSE,E3845K							MISSENSE,P225L																															MISSENSE,S142L									
TCGA-C5-A8YR			MISSENSE,R3421K														MISSENSE,Q3304E																	MISSENSE,S3492C			MISSENSE,R233W													
TCGA-VS-A9UP			MISSENSE,E1253Q																															MISSENSE,T2828I																
TCGA-C5-A7CH			MISSENSE,E4114K																																MISSENSE,R549C															
TCGA-EK-A2RB			MISSENSE,H365R																																					MISSENSE,G937V										
TCGA-DG-A2KJ			MISSENSE,K2399N							SILENT,L1656=																																								
TCGA-VS-A8Q8			MISSENSE,G972E																																															
TCGA-VS-A9V2			MISSENSE,E2331K																																															
TCGA-LP-A5U2		SILENT,I5471=		NONSENSE,Q1029*		NONSENSE,S952*									MISSENSE,C238F						MISSENSE,Q2623E																													
TCGA-ZJ-A8QR				NONSENSE,E879*			MISSENSE,N2626S																																											
TCGA-IR-A3LL				NONSENSE,S2312*								MISSENSE,G3043R																SILENT,E192=	MISSENSE,D1965N							MISSENSE,L27F	NONSENSE,Q465*						MISSENSE,E746K	MISSENSE,E911K		MISSENSE,S1653F				
TCGA-C5-A1MN				NONSENSE,K1711*																	MISSENSE,Q2176E	MISSENSE,E1182Q	MISSENSE,D29H																		MISSENSE,E735K	MISSENSE,E568K		MISSENSE,S448C						
TCGA-EA-A6QX				NONSENSE,Q5248*																																				NONSENSE,Q273*										
TCGA-JW-A5VK				FRAMESHIFT,K2246Ifs*11																																														
TCGA-EA-A3HQ				MISSENSE,D2325N	MISSENSE,R465C	NONSENSE,R648*																			SPLICE,X500_splice																MISSENSE,D918N									
TCGA-ZJ-AAXF				MISSENSE,G3088W	MISSENSE,R505G																																								SILENT,P1226=					
TCGA-MA-AA3Y		SILENT,I1693=		MISSENSE,S23F			NONSENSE,Q1875*						MISSENSE,S2678Y									NONSENSE,C817*				MISSENSE,S1677F			SILENT,L493=																					
TCGA-ZJ-AAXB				MISSENSE,Q3905L							FRAMESHIFT,E3001Kfs*6																																							
TCGA-DS-A0VK				MISSENSE,R5086Q									MISSENSE,P4119Q										MISSENSE,E82D						MISSENSE,I791M		SPLICE,X1224_splice																			
TCGA-IR-A3LB				MISSENSE,L205I									MISSENSE,A2527T																																					
TCGA-C5-A7CG					NONSENSE,R224*	MISSENSE,D1399N	SILENT,G1413=	FRAMESHIFT,L1427Sfs*20																										MISSENSE,H3721Q																
TCGA-MA-AA42					NONSENSE,R13*		SILENT,C2966=			MISSENSE,R1664C	SILENT,T3145=	MISSENSE,R1679W																								MISSENSE,G1214R			FRAMESHIFT,K210Rfs*4			MISSENSE,D1212H	MISSENSE,L137V							
TCGA-EK-A3GN					NONSENSE,R367*							NONSENSE,W2707*																																						
TCGA-VS-A8QH					NONSENSE,W649*										MISSENSE,K164E																MISSENSE,R1755C																			
TCGA-DS-A0VN					NONSENSE,Y519*												MISSENSE,D1164N												NONSENSE,Q400*																					
HTMCP-03-06-02206					NONSENSE,R367*																																MISSENSE,I175F													
HTMCP-03-06-02327					NONSENSE,R14*																											SILENT,A858=																		
TCGA-HM-A3JJ					NONSENSE,R224*																																													
TCGA-VS-A957					FRAMESHIFT,S668Vfs*39																																													
HTMCP-03-06-02379		SILENT,S11371=			MISSENSE,R505C	MISSENSE,I1517S		MISSENSE,A2078V			SILENT,G3509=			FRAMESHIFT,K267Rfs*9						MISSENSE,R1170Q	SILENT,Y452=	SILENT,P1581=		FRAMESHIFT,K1072Nfs*21		MISSENSE,A320V	MISSENSE,R678Q			MISSENSE,R903W	PROTEINDEL,D2277del	FRAMESHIFT,P1681Hfs*5				MISSENSE,Y780C	MISSENSE,L152P		MISSENSE,P259H	NONSENSE,Q1109*					MISSENSE,R1064Q					
TCGA-VS-A9V0					MISSENSE,R505L	MISSENSE,A1437T		SILENT,A4165=							MISSENSE,P278S					MISSENSE,K1634R																														
TCGA-EK-A2R7					MISSENSE,D600H		MISSENSE,M3777I							FRAMESHIFT,T319*				MISSENSE,H1805N																																
HTMCP-03-06-02407					MISSENSE,R505S							MISSENSE,S472F																																						
TCGA-EK-A2RL					MISSENSE,R465L													MISSENSE,T2267N															MISSENSE,K1273N																	
TCGA-EK-A2PL					MISSENSE,R479G													MISSENSE,N1763I																					FRAMESHIFT,K210Qfs*11											
TCGA-VS-A8EH					MISSENSE,R465H																		MISSENSE,E82D																											
HTMCP-03-06-02025					MISSENSE,E693K								SILENT,L2089=												MISSENSE,E287K																									
HTMCP-03-06-02446					MISSENSE,R465C																								MISSENSE,A2786V														MISSENSE,R766Q							
TCGA-C5-A905					MISSENSE,R505G																																				NONSENSE,Q273*									
HTMCP-03-06-02066					MISSENSE,R505C																																													
TCGA-DS-A1OA					MISSENSE,R505G																																													
TCGA-FU-A5XV					MISSENSE,R465H																																													
TCGA-C5-A8YQ						NONSENSE,Q1766*	MISSENSE,L639V								NONSENSE,W23*							MISSENSE,Y1398C																												
HTMCP-03-06-02211						FRAMESHIFT,C1801Mfs*82		MISSENSE,H3774Y												NONSENSE,R730*																														
TCGA-FU-A3TQ						SPLICE,X1224_splice								NONSENSE,R15*						NONSENSE,R621*																														
HTMCP-03-06-02384						NONSENSE,E988*								MISSENSE,R15T									MISSENSE,W24R													MISSENSE,L1038H														
TCGA-VS-A8EJ						NONSENSE,R1356*									NONSENSE,Q192*																										MISSENSE,E647G						MISSENSE,H958L			
TCGA-EK-A2R8		SILENT,L13639=				NONSENSE,Q561*					SILENT,F2701=															MISSENSE,M122I																					MISSENSE,E44K	MISSENSE,P179Q		
TCGA-FU-A3NI						NONSENSE,Q1719*																					MISSENSE,S310F																							
TCGA-C5-A2LY		SILENT,V7851=				NONSENSE,Q734*																						MISSENSE,E213K																						
HTMCP-03-06-02380						FRAMESHIFT,D1399Vfs*11																																												
HTMCP-03-06-02383						MISSENSE,L1099V						MISSENSE,G1416S																				SILENT,L568=																		
TCGA-EA-A5O9						MISSENSE,D1399N																											MISSENSE,E2356K																	
TCGA-EA-A3QD		SILENT,L14002=				MISSENSE,R1312Q				SILENT,P1759=																																								
TCGA-EX-A1H5						MISSENSE,D1399N																																												
TCGA-VS-A8EB						MISSENSE,E1514K																																												
TCGA-ZX-AA5X						MISSENSE,W1436R																																												
TCGA-UC-A7PG		SILENT,V3245=					NONSENSE,Q1997*									MISSENSE,D2511Y																																	MISSENSE,Q891H	
TCGA-C5-A2LX							MISSENSE,C2479R			MISSENSE,P1488R																												MISSENSE,Q1218R												
TCGA-ZJ-AAXT							MISSENSE,D1486H				MISSENSE,Q2595E			NONSENSE,Q245*	NONSENSE,E62*										NONSENSE,W99*							NONSENSE,Q888*										SILENT,L128=	SPLICE,X272_splice							
TCGA-VS-A8QF							MISSENSE,H1701Q					MISSENSE,E1919K	NONSENSE,G3016*																																				MISSENSE,E928Q	
TCGA-C5-A7CL							MISSENSE,N554S							NONSENSE,S229*																				MISSENSE,S858L														MISSENSE,P294L		
TCGA-VS-A9V1							MISSENSE,D3061N								MISSENSE,E285K																							MISSENSE,R1066Q												
TCGA-VS-A94W							MISSENSE,P4431Q											NONSENSE,Q2330*																																
TCGA-EK-A2IP							MISSENSE,A3373S												MISSENSE,P3499S														MISSENSE,D2150N													SILENT,L312=				
TCGA-C5-A1M8							MISSENSE,S4342N																					SILENT,A31=														MISSENSE,S1742L								
TCGA-VS-A9UO							MISSENSE,R2389K																											SILENT,A252=																
HTMCP-03-06-02334								NONSENSE,Q283*	PROTEINDEL,V453_V458del								FRAMESHIFT,A2438Sfs*5																																	
HTMCP-03-06-02370								NONSENSE,S3268*	MISSENSE,V350M														MISSENSE,Q26R																											
TCGA-EA-A1QS								NONSENSE,S2450*	MISSENSE,D1184H																																									
TCGA-HG-A9SC								NONSENSE,S3500*		MISSENSE,G804V												NONSENSE,Q1076*																												
TCGA-VS-A9UB								NONSENSE,S3404*		MISSENSE,G1465E												MISSENSE,P686H															FRAMESHIFT,Q107Hfs*14													
TCGA-LP-A4AW								NONSENSE,S1695*			MISSENSE,L1418F																																							
HTMCP-03-06-02146								SPLICE,X3784_splice		SILENT,R1288=						MISSENSE,R399S									NONSENSE,Q93*															FRAMESHIFT,M357Ifs*11										
TCGA-EK-A2H0								NONSENSE,S3560*												MISSENSE,G450R																				NONSENSE,S207*										
TCGA-ZJ-A8QQ								NONSENSE,S3560*												MISSENSE,G450R																				NONSENSE,S207*										
TCGA-C5-A1BF								FRAMESHIFT,H2508Qfs*27														FRAMESHIFT,H2018Lfs*9																										FRAMESHIFT,D53*		
TCGA-VS-A94Y				SILENT,R3099=				FRAMESHIFT,A3913Wfs*3																												MISSENSE,S1288L								MISSENSE,R114W						MISSENSE,P1370T
TCGA-VS-A8Q9								FRAMESHIFT,K2251Nfs*5																			SILENT,F476=								SILENT,A1186=											MISSENSE,R505Q		FRAMESHIFT,Y60Sfs*5		
TCGA-EA-A3HR								FRAMESHIFT,P3333Rfs*13																																										
TCGA-EX-A8YF								NONSENSE,Q3887*																																										
TCGA-GH-A9DA								MISSENSE,I1196N																																		MISSENSE,D2292N								SILENT,L908=
TCGA-EA-A3Y4									MISSENSE,E392Q										MISSENSE,S601L				SILENT,F481=							MISSENSE,K778N									MISSENSE,Q120H											
TCGA-Q1-A6DT									MISSENSE,P2328T																													MISSENSE,S725T												
TCGA-C5-A1BK									MISSENSE,E2282K																																									
TCGA-JX-A3Q8									MISSENSE,P1017S																																									
HTMCP-03-06-02338										SPLICE,X1260_splice			MISSENSE,T3002M																															SILENT,D997=						
TCGA-FU-A3TX										SPLICE,X1260_splice																																								
TCGA-EA-A1QT										MISSENSE,D1543H						NONSENSE,S1679*																																		
TCGA-DS-A3LQ										MISSENSE,R1602C													MISSENSE,D77Y																							MISSENSE,P632S				
TCGA-DG-A2KM										MISSENSE,I1471M																														NONSENSE,R63*	MISSENSE,E1069Q									
TCGA-ZJ-A8QO										MISSENSE,C1237Y																																			MISSENSE,V750M	SILENT,R718=				
TCGA-XS-A8TJ											MISSENSE,R1114Q		MISSENSE,P4775L								MISSENSE,D2288G																													
TCGA-FU-A40J		SILENT,L14166=									MISSENSE,A3326T										MISSENSE,F3711L						MISSENSE,D769H					MISSENSE,S659Y																		
HTMCP-03-06-02356												MISSENSE,S157N							MISSENSE,E779D				MISSENSE,F37S			MISSENSE,E1172K																						FRAMESHIFT,I274Sfs*13		
TCGA-EK-A2RM												MISSENSE,T156N															FRAMESHIFT,P1033Qfs*27																							
TCGA-WL-A834												MISSENSE,R3555C																							SILENT,R849=									MISSENSE,D879N						
TCGA-C5-A8XI												MISSENSE,A2622V																																						
TCGA-FU-A23L				SILENT,Q3522=									MISSENSE,R3006S																																					
TCGA-VS-A9UD														NONSENSE,R130*	MISSENSE,Y220H																		SILENT,R1015=		MISSENSE,G951R															
HTMCP-03-06-02404														FRAMESHIFT,I5Rfs*2			SILENT,A614=		MISSENSE,S132F																															
TCGA-UC-A7PI														FRAMESHIFT,G20Dfs*4																														MISSENSE,A1193T						
TCGA-BI-A0VR														NONSENSE,Q214*																																SILENT,I247=				
TCGA-C5-A1M6															NONSENSE,S183*																																			
HTMCP-03-06-02137															MISSENSE,R337C																	NONSENSE,Q748*																		
HTMCP-03-06-02360															MISSENSE,R248W																																			
HTMCP-03-06-02321																NONSENSE,G1928*																			SILENT,L434=															
TCGA-JX-A3PZ																MISSENSE,S199L																																		
TCGA-VS-A9UM																MISSENSE,V1603F																																		
TCGA-UC-A7PD																	MISSENSE,D3310N																					NONSENSE,Q854*												
TCGA-C5-A0TN																		SPLICE,X2109_splice																																
HTMCP-03-06-02138																		MISSENSE,S1067L					MISSENSE,E79Q																											
TCGA-C5-A1BN																		MISSENSE,E625Q																																MISSENSE,S1207C
HTMCP-03-06-02425																		MISSENSE,R2111Q																																
HTMCP-03-06-02246																			MISSENSE,T1060R															SPLICE,X318_splice																
TCGA-DS-A0VL																			MISSENSE,R258C																		NONSENSE,S109*													
HTMCP-03-06-02084																			MISSENSE,R1336H																							SILENT,P419=			MISSENSE,V277I					
TCGA-EA-A5ZD																			MISSENSE,D2079N																															
HTMCP-03-06-02129																				NONSENSE,R621*							MISSENSE,S310Y										MISSENSE,R233Q													
TCGA-C5-A1M7																				MISSENSE,F1110L													SILENT,E2787=								MISSENSE,L560F									MISSENSE,P2303S
TCGA-BI-A20A																				MISSENSE,S402Y																									MISSENSE,R94H					
TCGA-ZJ-AAX4																				MISSENSE,R1357H																														
TCGA-HM-A3JK										SILENT,K622=												NONSENSE,D1026Cfs*3																												
TCGA-MU-A5YI																						MISSENSE,C467Y																						MISSENSE,I1158T						
TCGA-C5-A7X3																					SILENT,R2109=	MISSENSE,G434C																										MISSENSE,E317K		
TCGA-VS-A8EC																						MISSENSE,R2327W																												
TCGA-EK-A2PI																							MISSENSE,D77H										SILENT,V2013=																	
TCGA-C5-A1MI																								NONSENSE,Q1363*									SILENT,E628=		MISSENSE,R973W											SILENT,V560=			MISSENSE,V104M	
TCGA-DS-A7WH																								NONSENSE,Q789*																										
TCGA-EX-A449													SILENT,G4349=											FRAMESHIFT,M1318Cfs*163																										
TCGA-EA-A78R								SILENT,V3421=																	FRAMESHIFT,M484Vfs*8																						SILENT,S92=			
TCGA-Q1-A73S																									FRAMESHIFT,L647Ffs*5																									
HTMCP-03-06-02421																									MISSENSE,R908Q																									
TCGA-EA-A5ZE																									MISSENSE,G449V																									
HTMCP-03-06-02345																										MISSENSE,N193S									MISSENSE,E1061K															
TCGA-VS-A9U7																										MISSENSE,D1141N									MISSENSE,E1295K								SILENT,L675=							
TCGA-C5-A1MJ			SILENT,V4289=																								MISSENSE,S310F			MISSENSE,L1654M																			MISSENSE,G592E	
HTMCP-03-06-02376																											MISSENSE,S310F																							
HTMCP-03-06-02439																											MISSENSE,S310F																							
TCGA-R2-A69V																															NONSENSE,S917*						MISSENSE,I239M			SILENT,P948=										
TCGA-IR-A3L7																														SILENT,E1494=	FRAMESHIFT,R1233Kfs*5																			
HTMCP-03-06-02409																															SILENT,Y666=		MISSENSE,G845C																	
TCGA-EK-A2RA																																		MISSENSE,S3867L																
HTMCP-03-06-02072																																			MISSENSE,G1128R		MISSENSE,P394L													
TCGA-EA-A5ZF																																				MISSENSE,T1255M														
TCGA-EX-A69L																																					MISSENSE,E184Q		SPLICE,X207_splice											
TCGA-DS-A7WI																																					MISSENSE,F340C													
TCGA-4J-AA1J																											SILENT,P1077=											MISSENSE,A209S			MISSENSE,Q1166E									
HTMCP-03-06-02363																			SILENT,F4166=																			MISSENSE,E1434K								SILENT,L303=				
TCGA-JW-A5VG																																						MISSENSE,G757D									SILENT,N763=			
TCGA-EX-A69M																																								NONSENSE,R924*								FRAMESHIFT,D53Tfs*11		
TCGA-VS-A9UU																																										FRAMESHIFT,S1671Kfs*24								
TCGA-JW-A5VI																																										MISSENSE,L561V								
HTMCP-03-06-02397																																											FRAMESHIFT,K685Sfs*34							
TCGA-EA-A43B																																												MISSENSE,S451F		MISSENSE,P378T				
HTMCP-03-06-02402																																													MISSENSE,P629L					
HTMCP-03-06-02081																																															MISSENSE,I496M			
HTMCP-03-06-02361																																															MISSENSE,T1040M			
HTMCP-03-06-02416																					SILENT,L2377=										SILENT,E642=																	FRAMESHIFT,E65Gfs*98	MISSENSE,M60K	
TCGA-EK-A2PK																																																FRAMESHIFT,T185Sfs*97		
TCGA-EA-A411																																																	MISSENSE,E332Q	
TCGA-Q1-A73R				SILENT,Q3905=																						SILENT,S478=																							MISSENSE,V104M	
HTMCP-03-06-02158															SILENT,L369=																																			
HTMCP-03-06-02189											SILENT,T685=																																SILENT,L336=							
HTMCP-03-06-02389																																						SILENT,T1806=												
TCGA-C5-A2LV		SILENT,A5519=																																																
TCGA-C5-A7UC																												SILENT,R290=																						
TCGA-C5-A901													SILENT,F3886=																																					
TCGA-EA-A439											SILENT,E122=							SILENT,L157=																																
TCGA-EK-A2R9																	SILENT,V1040=																											SILENT,V280=						
TCGA-EK-A2RJ									SILENT,V21=																																									
TCGA-JX-A5QV																																SILENT,N1481=																		