Case	TP53	MUC16	LRP1B	CSMD3	FAT3	FAT4	KMT2D	CDKN2A	ARID1A	NOTCH1	PREX2	DCC	PTPRT	ERBB4	PTPRD	FAM135B	KMT2C	SMAD4	NFE2L2	NBEA	APC	CDH11	FAM47C	TRRAP	ROBO2	PIK3CA	SMARCA4	CDH10	SETBP1	FAT1	BIRC6	EP300	ZNF521	RNF213	AKAP9	FBXW7	POLE	ERBB2	MUC4	ARID1B	NF1	CTNNA2	MAP3K1	ASXL1	NCOR2	PTCH1	NRG1	TGFBR2	BRCA2	GNAS
HCM-BROD-0451-C15	NONSENSE,R306*	FRAMESHIFT,R6993Pfs*137						MISSENSE,H83Y				MISSENSE,T955A	SILENT,V142=		NONSENSE,W438*	MISSENSE,R77W																																		
TCGA-X8-AAAR	NONSENSE,R342*	MISSENSE,S6608L	FRAMESHIFT,F1575Ifs*9																																		SILENT,T1146=													
TCGA-L5-A4OG	NONSENSE,W91*	MISSENSE,G111E		NONSENSE,E1692*							SILENT,K1378=						MISSENSE,G972E			MISSENSE,L1914R																														
HCM-BROD-0099-C15	FRAMESHIFT,V73Wfs*50	MISSENSE,T3095P		MISSENSE,K3487R		SILENT,N131=	FRAMESHIFT,P2354Lfs*30		FRAMESHIFT,F2141Lfs*9	MISSENSE,R1761Q	MISSENSE,R463C	SILENT,S1126=	MISSENSE,Q866H		MISSENSE,E21A		FRAMESHIFT,E1011Vfs*21								MISSENSE,S101G									SILENT,T808=	MISSENSE,D281V			MISSENSE,S310F			SILENT,D1849=		FRAMESHIFT,N1079Kfs*2	SILENT,T1342=					FRAMESHIFT,T3033Lfs*29	MISSENSE,G70R
TCGA-2H-A9GH	NONSENSE,R213*	MISSENSE,S2703R		MISSENSE,E2360Q																																		MISSENSE,V777L												
TCGA-V5-A7RE	SPLICE,X307_splice	MISSENSE,S2157Y			MISSENSE,V3394F				NONSENSE,Q1894*		MISSENSE,W1307L									MISSENSE,R936G																														
TCGA-2H-A9GL	FRAMESHIFT,L257Pfs*7	MISSENSE,V1946G			MISSENSE,F1366V		SILENT,P772=				FRAMESHIFT,I139*						MISSENSE,D4635V						MISSENSE,R845C						MISSENSE,K106R																		MISSENSE,K241T			
TCGA-V5-A7RC	SPLICE,X307_splice	PROTEININS,T3544du			MISSENSE,H468Q											SILENT,L375=														PROTEINDEL,V2067del																FRAMESHIFT,M869Ifs*27				
TCGA-L5-A4OJ	FRAMESHIFT,L308Qfs*27	MISSENSE,L4460M				MISSENSE,N3508T			NONSENSE,Q1512*					SILENT,R1142=								MISSENSE,F358V	MISSENSE,S628F							SILENT,S621=																				
TCGA-LN-A8HZ	SPLICE,X332_splice	MISSENSE,D6631E					FRAMESHIFT,H3037Tfs*34												MISSENSE,E82G			MISSENSE,E40G					SILENT,L410=																							
TCGA-JY-A939	SPLICE,X261_splice	MISSENSE,L10053P							MISSENSE,G2087R						MISSENSE,E675G																																			
TCGA-LN-A49M	NONSENSE,R213*	MISSENSE,P4757H							SILENT,N722=			MISSENSE,P550S												MISSENSE,E727K		MISSENSE,E970K																								
TCGA-L5-A8NV	NONSENSE,R196*	MISSENSE,S11510P													MISSENSE,A420S								MISSENSE,P644T						MISSENSE,E858K																					
TCGA-LN-A4A2	SPLICE,X126_splice	MISSENSE,P4757S																										MISSENSE,P207T																					MISSENSE,P3063S	
TCGA-IG-A97H	SPLICE,X187_splice	MISSENSE,T6845I																																																
TCGA-LN-A49S	NONSENSE,R342*		MISSENSE,A3246T	MISSENSE,R2462W	MISSENSE,V2004A		FRAMESHIFT,D933Vfs*25					SILENT,L1313=																MISSENSE,A113T																						
HCM-SANG-0291-C15	NONSENSE,R196*		MISSENSE,L1576I	MISSENSE,A3468S					FRAMESHIFT,Q802Sfs*15				MISSENSE,R835H					MISSENSE,R361H		FRAMESHIFT,N1121Kfs*2																														
TCGA-VR-A8EQ	FRAMESHIFT,C242Afs*5		MISSENSE,E3379D	MISSENSE,S256R						SILENT,E455=		MISSENSE,Q526H						MISSENSE,P356S															MISSENSE,K642T														MISSENSE,E321G			
TCGA-LN-A9FP	NONSENSE,E294*		MISSENSE,V3629L	MISSENSE,A111G													SILENT,T2151=							MISSENSE,R3635H															MISSENSE,S183Y											
TCGA-R6-A6DQ	NONSENSE,G325*		MISSENSE,G2081V		MISSENSE,R3670Q				MISSENSE,P459L																													MISSENSE,K150E												
TCGA-XP-A8T6	NONSENSE,R213*		MISSENSE,L4212M																																MISSENSE,K1279N															
TCGA-LN-A7HY	NONSENSE,E224*	SILENT,T11981=		NONSENSE,E1484*																												NONSENSE,R1462*																		
HCM-SANG-0311-C15	NONSENSE,R306*			MISSENSE,S3280I	MISSENSE,N1870T	MISSENSE,Y3201H			NONSENSE,R1721*		SILENT,A1284=								FRAMESHIFT,H416Qfs*4																														MISSENSE,Q1429L	
TCGA-JY-A6F8	NONSENSE,R196*			MISSENSE,S2386R	MISSENSE,P628S							SILENT,F397=											MISSENSE,S323Y		MISSENSE,A386V																		MISSENSE,R1355C							
TCGA-2H-A9GK	NONSENSE,R196*		SILENT,T3297=	MISSENSE,E238D	MISSENSE,N4000T																																										MISSENSE,E96D			
TCGA-L5-A4OW	NONSENSE,Q167*	SILENT,P7712=	SILENT,A2169=	MISSENSE,N3506K		MISSENSE,S4673R																			MISSENSE,P254Q	MISSENSE,F909C																	FRAMESHIFT,K263Rfs*36							
TCGA-LN-A49R	SPLICE,X187_splice			MISSENSE,V905L			FRAMESHIFT,D3165Gfs*11	MISSENSE,H83Y											MISSENSE,R34G																						SILENT,N773=					NONSENSE,R332*				
TCGA-LN-A49U	NONSENSE,C124*			MISSENSE,Y2753C			MISSENSE,S2002I																																MISSENSE,I138T											
HCM-BROD-0445-C15	NONSENSE,R306*			MISSENSE,G3281D				NONSENSE,Y129*		SILENT,N229=			SILENT,S261=																SILENT,T248=																					
TCGA-VR-A8EY	FRAMESHIFT,D42Ifs*2			MISSENSE,F2029C						SPLICE,X367_splice					MISSENSE,D506E																																			
TCGA-R6-A6Y0	SPLICE,X307_splice			MISSENSE,L1049P										MISSENSE,R488W		MISSENSE,L1116V		NONSENSE,S144*														MISSENSE,T1411A																		
TCGA-L5-A4OR	FRAMESHIFT,Q104Tfs*20	SILENT,E11136=	SILENT,C3572=	MISSENSE,S2059I														MISSENSE,G386V																																
TCGA-LN-A49P	SPLICE,X225_splice			MISSENSE,H3343Y																												MISSENSE,S1400I								SILENT,G884=			FRAMESHIFT,I1295*	MISSENSE,I579F				MISSENSE,D446N		
TCGA-IG-A3YB	FRAMESHIFT,P128Lfs*42			MISSENSE,R3184T																																MISSENSE,R505G														
TCGA-IG-A4QS	NONSENSE,R213*		SILENT,R3323=	MISSENSE,S3222T		SILENT,Q2019=																																												
TCGA-IG-A97I	FRAMESHIFT,D391Tfs*31				NONSENSE,Y196*																MISSENSE,T1847M				MISSENSE,S1210C																									
HCM-BROD-0458-C15	NONSENSE,C277*				MISSENSE,E2702G	SILENT,G58=						MISSENSE,I794M	MISSENSE,F664V																																					
TCGA-L5-A88S	NONSENSE,Q317*				MISSENSE,I1693M																									FRAMESHIFT,S629Cfs*2					MISSENSE,I2943K															
TCGA-LN-A9FO	NONSENSE,E204*				MISSENSE,L1953M																																													
HCM-SANG-0289-C15	NONSENSE,R306*	SILENT,T869=		SILENT,S3362=		MISSENSE,L2886R		FRAMESHIFT,A76Cfs*64		MISSENSE,Y1141C	SILENT,S946=											MISSENSE,A220S	FRAMESHIFT,L951Afs*4		MISSENSE,I777T						MISSENSE,P10T												MISSENSE,R396C				MISSENSE,E223D			
TCGA-R6-A8WC	NONSENSE,W91*					MISSENSE,L4014H		FRAMESHIFT,P11Lfs*29										PROTEINDEL,D494del				MISSENSE,G86R																MISSENSE,S310F												
TCGA-L5-A4OX	FRAMESHIFT,E258Qfs*3					MISSENSE,S148R			FRAMESHIFT,L2195Pfs*30		MISSENSE,L50V																																							
HCM-SANG-0293-C15	SPLICE,X187_splice					MISSENSE,R3832C									MISSENSE,N1045I													MISSENSE,E739D													MISSENSE,L2678F									
TCGA-XP-A8T7	FRAMESHIFT,E294Sfs*51						FRAMESHIFT,S2910Rfs*32	SPLICE,X153_splice																		MISSENSE,E726K		MISSENSE,D318H								NONSENSE,R393*														
TCGA-LN-A5U5	FRAMESHIFT,C229Lfs*18						FRAMESHIFT,M5124Ifs*14												PROTEINDEL,R34_S40del																															
TCGA-JY-A6FD	FRAMESHIFT,K164Sfs*6						NONSENSE,Q4732*															MISSENSE,T219S						SILENT,A474=																						
HCM-SANG-0297-C15	FRAMESHIFT,K319Rfs*26						SILENT,G4497=	MISSENSE,G23V						MISSENSE,L798P														MISSENSE,L733R																						
TCGA-JY-A6FA	NONSENSE,E198*								MISSENSE,N791K																																MISSENSE,V2359A								NONSENSE,E294*	
TCGA-LN-A5U6	FRAMESHIFT,P64Qfs*84									FRAMESHIFT,A86Cfs*57														MISSENSE,A3179S																								SILENT,K208=		
TCGA-2H-A9GN	FRAMESHIFT,R209Kfs*6									MISSENSE,A1696V								MISSENSE,R361H																																
TCGA-LN-A49N	FRAMESHIFT,L252Sfs*93									MISSENSE,C1122S																																						NONSENSE,S150*		
TCGA-LN-A9FR	SPLICE,X187_splice									MISSENSE,R365C																																								
TCGA-VR-A8EW	SPLICE,X126_splice												MISSENSE,R459Q													MISSENSE,E545K																MISSENSE,L662H	MISSENSE,M194I			SPLICE,X450_splice				
TCGA-LN-A4A4	SPLICE,X261_splice												MISSENSE,V124M													MISSENSE,H1047R																	MISSENSE,T657A							
TCGA-JY-A93E	NONSENSE,R306*												MISSENSE,G411S	SILENT,T201=																																				
TCGA-L5-A4OS	NONSENSE,C135*												MISSENSE,I269T																																					
TCGA-L5-A4OM	SPLICE,X187_splice														MISSENSE,P265T																MISSENSE,L3414S																			
TCGA-L5-A891	NONSENSE,R342*														MISSENSE,D653H																																			
HCM-SANG-0309-C15	NONSENSE,Q165*															MISSENSE,I554T													MISSENSE,S686R																	SPLICE,X219_splice				
TCGA-R6-A8W8	NONSENSE,E51*																MISSENSE,R1986Q							MISSENSE,W2882R																					MISSENSE,H1349Q				MISSENSE,S206C	
TCGA-LN-A9FQ	NONSENSE,R306*																		MISSENSE,G31E																		MISSENSE,V2025M													
TCGA-IG-A625	SPLICE,X224_splice																		MISSENSE,L30F									SILENT,Q592=																						
HCM-BROD-0253-C15	NONSENSE,R213*																				NONSENSE,E1560*						MISSENSE,G1162D				MISSENSE,V3248L									MISSENSE,K1164N										
HCM-BROD-0044-C15	NONSENSE,R213*	SILENT,T9588=																			NONSENSE,E941*																													
TCGA-LN-A4A3	NONSENSE,E294*																					MISSENSE,T587I																	MISSENSE,P4268L											
TCGA-IG-A51D	FRAMESHIFT,C238*	SILENT,S13289=																														PROTEINDEL,Y1397_H1402del																		
TCGA-VR-AA4G	FRAMESHIFT,G154Afs*16																																															MISSENSE,T96A		
HCM-BROD-1128-C15	NONSENSE,R213*																													SILENT,L419=																				
TCGA-IG-A3YC	NONSENSE,W146*																																																	
TCGA-JY-A6FE	FRAMESHIFT,K139Afs*5																																																	
TCGA-L5-A43H	FRAMESHIFT,C135Lfs*14																																																	
TCGA-LN-A49K	FRAMESHIFT,V122Dfs*26																																																	
TCGA-LN-A49L	FRAMESHIFT,P128Lfs*42																																																	
TCGA-VR-A8EO	FRAMESHIFT,C275Vfs*70																																																	
TCGA-VR-A8EX	NONSENSE,E343*	SILENT,A7726=																						SILENT,Y2471=																										
TCGA-S8-A6BV	MISSENSE,R248Q	FRAMESHIFT,D504Tfs*3	MISSENSE,D4209G								MISSENSE,D752G		MISSENSE,L668V																																					
TCGA-IC-A6RE	MISSENSE,R280K	FRAMESHIFT,S4500Tfs*5	SILENT,R253=	MISSENSE,K36T	MISSENSE,L3415R						SILENT,D609=	SILENT,S1321=		MISSENSE,S449Y	MISSENSE,T820I						MISSENSE,S905R	MISSENSE,F488V				MISSENSE,E545K	MISSENSE,E1211A			MISSENSE,D2222E																				
TCGA-VR-AA7I	MISSENSE,P151H	FRAMESHIFT,T7342Yfs*32		MISSENSE,G2772E																																				SILENT,L1667=										
TCGA-IG-A3Y9	MISSENSE,R282W	NONSENSE,S2397*	SILENT,P3490=							FRAMESHIFT,N927Qfs*17		SILENT,P1078=					MISSENSE,D3628N												MISSENSE,H992Y																				MISSENSE,P3054S	
HCM-BROD-1127-C15	MISSENSE,C176Y	MISSENSE,S1334G	MISSENSE,G2748E	FRAMESHIFT,N1053Tfs*39																				SILENT,I865=											MISSENSE,A3542V															
TCGA-2H-A9GF	PROTEINDEL,P177_C182del	MISSENSE,S3694R	MISSENSE,P887L	MISSENSE,F283L					NONSENSE,Y560*						MISSENSE,R1674H										SILENT,K349=							MISSENSE,S959N																		
TCGA-L5-A4OT	MISSENSE,R248Q	MISSENSE,L2035R	MISSENSE,K4432R			MISSENSE,L2886R					SILENT,S946=																		MISSENSE,N1351T								MISSENSE,G57R													
TCGA-LN-A7HW	MISSENSE,I195F	MISSENSE,P7524T	MISSENSE,F3994L									MISSENSE,D899N							MISSENSE,G31A							MISSENSE,E545K		MISSENSE,I370T																						
TCGA-L5-A43I	MISSENSE,G245S	MISSENSE,S4573I	MISSENSE,L1302R										SILENT,R1043=	MISSENSE,C293Y																																	MISSENSE,R18Q			
TCGA-IG-A5B8	MISSENSE,Y220C	MISSENSE,S12999F		MISSENSE,H3383Q	NONSENSE,R2970*																			MISSENSE,W3444C								MISSENSE,Y1414D									NONSENSE,R304*									
TCGA-L5-A43J	MISSENSE,Y220C	MISSENSE,H14303R		MISSENSE,R3025C			MISSENSE,R5179H			FRAMESHIFT,D1520Afs*59		MISSENSE,Q410H		FRAMESHIFT,N1305Ifs*57								MISSENSE,A551T		MISSENSE,A1923V										MISSENSE,L4934I										FRAMESHIFT,G645Vfs*58	SILENT,V699=	FRAMESHIFT,S1203Afs*52			FRAMESHIFT,N1784Kfs*3	
HCM-SANG-0312-C15	MISSENSE,R248Q	MISSENSE,S5384G		MISSENSE,G1014V									MISSENSE,R114K			MISSENSE,C641R									MISSENSE,G721E			MISSENSE,E171K		MISSENSE,S2859Y																				
HCM-SANG-0303-C15	MISSENSE,C176Y	MISSENSE,S4433R		MISSENSE,R2420M										MISSENSE,F279C		MISSENSE,R1054M						SILENT,L601=							MISSENSE,K1363T																					
TCGA-IG-A50L	MISSENSE,C275F	MISSENSE,A2322V			MISSENSE,S3816N					MISSENSE,E488K									MISSENSE,E79G									SILENT,N715=																						
TCGA-VR-AA7B	MISSENSE,Y163C	MISSENSE,T13351M				MISSENSE,S3569G										NONSENSE,S222*																																		
TCGA-L7-A6VZ	MISSENSE,V143A	MISSENSE,T3997P	SILENT,F4124=					SPLICE,X50_splice																																		MISSENSE,R136C								
HCM-BROD-0097-C15	MISSENSE,R337C	MISSENSE,E9073Q	SILENT,H3241=									MISSENSE,K688T																																						
TCGA-ZR-A9CJ	MISSENSE,V172D	MISSENSE,T600I				SILENT,L1979=										MISSENSE,K634N			MISSENSE,A493T			MISSENSE,I627N										MISSENSE,R1680C																		
TCGA-L5-A8NJ	MISSENSE,R282W	MISSENSE,L2697P			SILENT,G3745=																		MISSENSE,R9Q		MISSENSE,V408G												MISSENSE,K425M													
TCGA-JY-A6FB	MISSENSE,R248W	MISSENSE,M9225T										SILENT,L1313=															MISSENSE,R966W													MISSENSE,R1625H					SILENT,S2112=					
HCM-BROD-0555-C15	MISSENSE,M133K	MISSENSE,S5728Y																										MISSENSE,F269L								MISSENSE,W566L														
TCGA-L5-A4ON	MISSENSE,R273C	MISSENSE,I5772S	SILENT,T2124=																																					SILENT,T1639=				MISSENSE,R302L						
TCGA-L5-A8NQ	MISSENSE,Y205C	MISSENSE,L8325F																																										MISSENSE,D1293N						
HCM-BROD-0568-C15	MISSENSE,R249M		NONSENSE,C77*	MISSENSE,R1227Q		MISSENSE,V924A									MISSENSE,K1356M																																			
TCGA-L5-A43E	MISSENSE,R273H		SPLICE,X1705_splice				NONSENSE,Q3969*				MISSENSE,E127G	MISSENSE,N294T								SILENT,N972=																														
TCGA-2H-A9GR	MISSENSE,C176F	SILENT,T6392=	NONSENSE,R2123*		SILENT,Q2835=				NONSENSE,Q1346*				MISSENSE,F664C									SILENT,Y199=			MISSENSE,P764R																									
HCM-SANG-0307-C15	PROTEINDEL,E287_E294del		FRAMESHIFT,T4475Nfs*3								SILENT,A783=		MISSENSE,L661R			NONSENSE,K1107*	NONSENSE,R4533*								SILENT,L603=																									
TCGA-L5-A4OP	PROTEINDEL,N239_S240del		MISSENSE,K1497T	MISSENSE,Q3113H				MISSENSE,P48L				MISSENSE,M915V								MISSENSE,R1552Q	FRAMESHIFT,T1556Nfs*3	MISSENSE,D428H																												
HCM-SANG-0292-C15	MISSENSE,R282W		MISSENSE,H112D		MISSENSE,N1368T				NONSENSE,E1683*					SILENT,T757=						MISSENSE,P2157A														MISSENSE,K3687N																
HCM-SANG-0308-C15	PROTEINDEL,I255del		MISSENSE,S256P		MISSENSE,P391A								MISSENSE,K218T								NONSENSE,E1513*									MISSENSE,G4191W																				
HCM-BROD-0020-C15	MISSENSE,R248W		MISSENSE,R2492G			MISSENSE,Q3814K		MISSENSE,L130P			MISSENSE,N514T			MISSENSE,L14P		SILENT,L1228=						MISSENSE,K487R					MISSENSE,R370C		MISSENSE,R1274G	NONSENSE,R4270*	MISSENSE,A2404V		MISSENSE,R1162Q					MISSENSE,S310Y	SILENT,I1845=											
TCGA-L5-A8NW	MISSENSE,C176F		MISSENSE,K2990R				MISSENSE,A3307T													MISSENSE,L2467I					MISSENSE,T373S		MISSENSE,G1068S																							
TCGA-L5-A8NL	MISSENSE,H179Y		MISSENSE,L1663V						FRAMESHIFT,S664*											FRAMESHIFT,N854Kfs*18																														
HCM-SANG-0294-C15	MISSENSE,E286K		MISSENSE,K4435R				SILENT,Q4891=		FRAMESHIFT,E2165Dfs*61																																				SILENT,S2210=		MISSENSE,E329A			
TCGA-VR-A8EZ	MISSENSE,L130V		MISSENSE,H2535Q							MISSENSE,S673T																																	SILENT,E1242=							
TCGA-R6-A8WG	MISSENSE,R273H		MISSENSE,T1147N																										MISSENSE,K1425T									MISSENSE,V839M												
TCGA-VR-A8EP	MISSENSE,C135Y		MISSENSE,G2081R																														MISSENSE,H1010N																	
TCGA-2H-A9GO	MISSENSE,F113V		MISSENSE,D1607V																																															
TCGA-R6-A6DN	MISSENSE,R248W	SILENT,G5591=	MISSENSE,G4015S																																															
HCM-BROD-0100-C15	MISSENSE,Y220N			MISSENSE,Q1326K		MISSENSE,K4861T						MISSENSE,S322Y																				FRAMESHIFT,V1326Efs*2																		
TCGA-V5-AASX	MISSENSE,V216E		SILENT,N3872=	MISSENSE,L3516V							MISSENSE,V945G										FRAMESHIFT,K1462Efs*6			MISSENSE,G1883R	MISSENSE,R660C																									
TCGA-L5-A8NK	MISSENSE,V197L			MISSENSE,E922K		SILENT,L1522=							MISSENSE,S33F				NONSENSE,S2860*			MISSENSE,D1072N																	SILENT,H1551=					MISSENSE,R931Q								MISSENSE,V301F
TCGA-LN-A49Y	MISSENSE,C275F			MISSENSE,T1397I																				MISSENSE,D3846N													SILENT,L2222=													
TCGA-IG-A4P3	MISSENSE,P278S	SILENT,P3825=		MISSENSE,H3430Y																						MISSENSE,E545K			MISSENSE,R1019H																					
TCGA-L5-A8NI	MISSENSE,V173G			MISSENSE,S1829Y																										MISSENSE,V920I						FRAMESHIFT,S640Tfs*7				MISSENSE,D1402E										
TCGA-LN-A4A6	MISSENSE,R110L			MISSENSE,S149A																																														
TCGA-VR-AA4D	MISSENSE,R248W			MISSENSE,T3416P	SILENT,P3339=																																													
HCM-SANG-0298-C15	MISSENSE,C135F				MISSENSE,S2441I	MISSENSE,L2424S		FRAMESHIFT,L65Pfs*80													FRAMESHIFT,C1387Lfs*28																													
ER-B0BV	MISSENSE,R273C				MISSENSE,S550P													NONSENSE,E134*			FRAMESHIFT,T1556Nfs*3		MISSENSE,V687I			MISSENSE,E542K																								
TCGA-2H-A9GM	PROTEININS,C176du	SILENT,P6828=			MISSENSE,G2899V																																													
TCGA-LN-A7HX	MISSENSE,R174W				PROTEINDEL,N3202del	SILENT,I2065=																																												
TCGA-IG-A3YA	MISSENSE,R175H	SILENT,G8067=				NONSENSE,Q3255*																	MISSENSE,D492N			MISSENSE,E545K																								
TCGA-VR-A8EU	PROTEINDEL,I255del					MISSENSE,I1451T	NONSENSE,Q5387*																																							NONSENSE,E1095*				
HCM-BROD-0095-C15	MISSENSE,G245S					MISSENSE,A4515T		NONSENSE,R80*	NONSENSE,E1111*																																									
HCM-SANG-0310-C15	MISSENSE,G105C					MISSENSE,S2508L			MISSENSE,M967L		MISSENSE,C1161Y																			SILENT,E3296=		MISSENSE,R1055Q							MISSENSE,S2325G											
HCM-BROD-0485-C15	MISSENSE,R175H					MISSENSE,L2886R											NONSENSE,E3599*										MISSENSE,K1602T	MISSENSE,N226S																						
TCGA-LN-A4A8	MISSENSE,H179R					MISSENSE,G704R											SILENT,Q4266=											SILENT,I690=																						
TCGA-LN-A4A1	MISSENSE,R158L						FRAMESHIFT,K1301Gfs*22			FRAMESHIFT,E758Ifs*50																																								
TCGA-LN-A8I1	MISSENSE,R248Q						FRAMESHIFT,A3425Cfs*43												MISSENSE,E82A																															
HCM-SANG-0300-C15	MISSENSE,R175H							NONSENSE,Y44*	NONSENSE,E1860*								FRAMESHIFT,P4119Qfs*39																								MISSENSE,D1710N									
HCM-BROD-0220-C15	MISSENSE,V274F							NONSENSE,D14Gfs*2								MISSENSE,A967G																																		
TCGA-2H-A9GQ	MISSENSE,R282W							SPLICE,X153_splice																							MISSENSE,S708F																			
TCGA-JY-A93D	MISSENSE,R248W		SILENT,R3876=					FRAMESHIFT,G111Afs*8																							MISSENSE,G593D																			
HCM-BROD-0194-C15	MISSENSE,M133K							NONSENSE,W15*																																					SILENT,E2508=					
TCGA-L5-A8NG	MISSENSE,R175H							MISSENSE,D153N									NONSENSE,E4092*																																	
HCM-WCMC-0502-C15	MISSENSE,R273C							PROTEINDEL,V28_E33del										MISSENSE,R361H		MISSENSE,H830Y				MISSENSE,K2597R										MISSENSE,K5142T																
TCGA-L5-A8NS	MISSENSE,R248W							MISSENSE,H83Y																MISSENSE,L809V											MISSENSE,Q1112H		MISSENSE,P1164A													
HCM-BROD-0955-C15	MISSENSE,R282W			SILENT,T1007=				PROTEINDEL,G101_A102del																							MISSENSE,P3877S																			
HCM-BROD-0448-C15	MISSENSE,R175H							MISSENSE,A85S																																FRAMESHIFT,C1093Kfs*22		SPLICE,X859_splice								
HCM-BROD-0328-C15	MISSENSE,R273H							MISSENSE,D108V							SILENT,I1268=																																			
TCGA-L5-A4OE	MISSENSE,P177S								NONSENSE,Q548*					MISSENSE,L713F				MISSENSE,W524L					MISSENSE,R746W														SILENT,K1616=								MISSENSE,R1259W					
TCGA-L5-A88Z	MISSENSE,R175G								FRAMESHIFT,Q2176Rfs*24										MISSENSE,W24R																	NONSENSE,R543Kfs*2														
HCM-SANG-0299-C15	MISSENSE,R248Q								FRAMESHIFT,G89Afs*11																						NONSENSE,E2849*																			
TCGA-IG-A5S3	MISSENSE,P278H									FRAMESHIFT,N304Mfs*327					MISSENSE,L840I													MISSENSE,R43S																						
HCM-SANG-0313-C15	PROTEINDEL,P250_L252del	SILENT,P10280=								MISSENSE,Q1019K										MISSENSE,W325L				SILENT,H982=												MISSENSE,R465C				MISSENSE,E1689D					MISSENSE,R1339Q					
TCGA-LN-A49V	MISSENSE,R282G									MISSENSE,C1528R																						SPLICE,X1539_splice																		
TCGA-L5-A4OU	MISSENSE,V274G									MISSENSE,F436L																							MISSENSE,K309T	SILENT,S4190=				PROTEININS,M774du												
TCGA-V5-A7RB	MISSENSE,R248Q	SILENT,T4615=									MISSENSE,S901P										SILENT,I404=													MISSENSE,A2914T	MISSENSE,Q459E	MISSENSE,T576M														
TCGA-L5-A8NH	MISSENSE,C135F										MISSENSE,M388I																																							
TCGA-R6-A6XQ	MISSENSE,R248Q		SILENT,S1660=									NONSENSE,W745*																																	MISSENSE,S2060I					
HCM-SANG-0295-C15	MISSENSE,Y163C											MISSENSE,R637S		MISSENSE,F478V													MISSENSE,T910M																							
HCM-SANG-0314-C15	MISSENSE,G244D												MISSENSE,R247C																MISSENSE,E366G												NONSENSE,Y1296*									
HCM-BROD-0793-C15	MISSENSE,C176F									SILENT,S1087=				MISSENSE,W737R									FRAMESHIFT,E166Afs*6																MISSENSE,P1490S											
TCGA-R6-A6L4	MISSENSE,C135F													MISSENSE,A118E																						MISSENSE,T536R					MISSENSE,H1143Y			MISSENSE,S1275P						
TCGA-R6-A8W5	MISSENSE,R175H														MISSENSE,L840V	MISSENSE,C641S																				FRAMESHIFT,L157Yfs*15														
TCGA-S8-A6BW	MISSENSE,Y126S														MISSENSE,G1094R																																			
TCGA-IG-A3QL	PROTEINDEL,P250_I251delinsL															MISSENSE,D108N	MISSENSE,T2078A									MISSENSE,H1047L																				FRAMESHIFT,P681Rfs*12				
TCGA-LN-A4MQ	PROTEINDEL,C238_N239delinsY															MISSENSE,R1363Q			MISSENSE,G81V																															
TCGA-V5-AASW	MISSENSE,R175H						SILENT,V368=									MISSENSE,S435R																																		
TCGA-L5-A4OQ	MISSENSE,M246V	SILENT,I5844=										SILENT,G1060=					NONSENSE,K4212*																						MISSENSE,P5081L											
TCGA-L5-A43C	MISSENSE,R175H																FRAMESHIFT,M1607Kfs*59																																	
TCGA-VR-AA7D	MISSENSE,P151S																MISSENSE,A2115S	NONSENSE,R445*																																MISSENSE,E209Q
TCGA-LN-A7HV	MISSENSE,P278A																MISSENSE,K171R																																	
TCGA-R6-A6KZ	MISSENSE,R248W			SILENT,R2314=														NONSENSE,R445*								MISSENSE,Q546H												MISSENSE,R784C		NONSENSE,Q1463*										
TCGA-JY-A93C	MISSENSE,R248Q																	MISSENSE,R361C															MISSENSE,Q302H																	
HCM-SANG-0306-C15	MISSENSE,Y126H																	MISSENSE,R361H					SILENT,P86=																					MISSENSE,A1071V		MISSENSE,S799Y				
TCGA-IG-A8O2	MISSENSE,H168R								SILENT,S1547=										MISSENSE,E79K											MISSENSE,I2229V																				
TCGA-LN-A7HZ	MISSENSE,Y220D																		MISSENSE,E79Q																													MISSENSE,L404V		
TCGA-LN-A4MR	MISSENSE,R175H																		MISSENSE,E79Q																															
TCGA-LN-A5U7	MISSENSE,R175H																		PROTEININS,I28du																															
TCGA-LN-A8I0	MISSENSE,V272M																		MISSENSE,G81S																															
TCGA-VR-A8ER	MISSENSE,R209K																		MISSENSE,D29H																															
TCGA-JY-A6FH	MISSENSE,R273C																				FRAMESHIFT,L292Ffs*4					MISSENSE,E726K																								
TCGA-L5-A88V	MISSENSE,Y220C																				FRAMESHIFT,T1556Nfs*3																	MISSENSE,L662Q												
TCGA-R6-A6Y2	MISSENSE,M237I																				FRAMESHIFT,A614Hfs*16																													
TCGA-LN-A49W	MISSENSE,R273C																					MISSENSE,D795G																												
TCGA-LN-A49O	MISSENSE,C176Y																							MISSENSE,P1804Q										MISSENSE,Q4966H											MISSENSE,I1670V					
TCGA-2H-A9GJ	MISSENSE,A138V	SILENT,A10723=																							MISSENSE,R94C		MISSENSE,R874H								MISSENSE,E801K															
TCGA-VR-A8Q7	MISSENSE,P278A																										MISSENSE,R1445W				MISSENSE,K1210N																			
TCGA-IG-A6QS	MISSENSE,C242Y																										MISSENSE,G235D																							
TCGA-LN-A4A5	MISSENSE,R248Q																																									MISSENSE,S151F								
TCGA-Z6-A8JD	MISSENSE,R273H																																											MISSENSE,I217V						
TCGA-XP-A8T8	MISSENSE,S106R																																													FRAMESHIFT,M319Ifs*118				
TCGA-Z6-A9VB	MISSENSE,F109S			SILENT,A3333=																																			SILENT,G5378=									MISSENSE,M425V		
HCM-BROD-0219-C15	MISSENSE,C176F																																																MISSENSE,C3097R	
HCM-SANG-0302-C15	MISSENSE,R273H																																																	
TCGA-IG-A3I8	MISSENSE,R175H																																										SILENT,P1471=							
TCGA-L5-A4OF	PROTEINDEL,I255del																																																	
TCGA-L5-A893	PROTEININS,S241du																				SILENT,K2193=																													
TCGA-L5-A8NT	MISSENSE,C135F																						SILENT,P476=																											
TCGA-LN-A49X	MISSENSE,V157F																																																	
TCGA-LN-A4A9	MISSENSE,F134L		SILENT,T3593=																											SILENT,L3612=																				
TCGA-Z6-A8JE	MISSENSE,H193R																																																	
HCM-BROD-0577-C15		NONSENSE,S1285*							NONSENSE,K2146*												NONSENSE,S1346*													MISSENSE,E1697K																
TCGA-L5-A4OI		MISSENSE,S6027P	MISSENSE,A330T	FRAMESHIFT,F3640Lfs*61	MISSENSE,R3926C				FRAMESHIFT,G1234Vfs*4		MISSENSE,R281W		MISSENSE,R416H	MISSENSE,D73G	SILENT,S1297=	MISSENSE,S1274Y				MISSENSE,T2103M	SILENT,S331=				MISSENSE,R713W		FRAMESHIFT,L1161Sfs*3				MISSENSE,R3666H	FRAMESHIFT,H2324Tfs*29	MISSENSE,D715N	SILENT,T3867=	FRAMESHIFT,K39Rfs*17	MISSENSE,R505C	MISSENSE,R1390H	MISSENSE,V777L			MISSENSE,V533I	MISSENSE,A133T		SILENT,P474=	SILENT,S1009=				MISSENSE,M124V	
TCGA-2H-A9GI		MISSENSE,N3887T	MISSENSE,I3028S		MISSENSE,S4035G	MISSENSE,T4463A					SILENT,L50=																															SILENT,Q419=					SILENT,R409=			
TCGA-L5-A88Y		MISSENSE,S302T	MISSENSE,N1662K									MISSENSE,T1339P				MISSENSE,K561T									MISSENSE,E239D								MISSENSE,K228T								MISSENSE,K1749N									
TCGA-L5-A8NR		MISSENSE,D4730N				MISSENSE,K4891N						MISSENSE,S1178A										MISSENSE,L505P		MISSENSE,R2917C									SILENT,T427=															MISSENSE,C393F		MISSENSE,R160C
TCGA-V5-AASV		MISSENSE,P2578Q					FRAMESHIFT,P3291Hfs*6			FRAMESHIFT,P157Afs*99													FRAMESHIFT,K432Rfs*393			MISSENSE,E545K	MISSENSE,M781I						MISSENSE,Q799K											NONSENSE,R693*						
TCGA-RE-A7BO		MISSENSE,L7129R	SILENT,S933=		SILENT,A2648=				FRAMESHIFT,G831Rfs*41		SILENT,K1378=				MISSENSE,E910A			FRAMESHIFT,L535Pfs*15											MISSENSE,E90Q		NONSENSE,E4059*		MISSENSE,L296P	MISSENSE,D4013N																
TCGA-L5-A8NU		MISSENSE,L12735R																		MISSENSE,R1547H																											MISSENSE,N100I			
TCGA-L5-A8NF		MISSENSE,K8125Q																		MISSENSE,N448T																													MISSENSE,S1259R	
TCGA-L5-A8NM			MISSENSE,D3337G	FRAMESHIFT,F3640Lfs*61	MISSENSE,A3425V		MISSENSE,R4478W	MISSENSE,R112H	FRAMESHIFT,Q766Sfs*67					MISSENSE,A4T		NONSENSE,R242*	SILENT,A1691=			MISSENSE,K2353R				MISSENSE,T654M					FRAMESHIFT,L1035Yfs*26			SILENT,P100=		MISSENSE,L5187I	FRAMESHIFT,K39Rfs*17	FRAMESHIFT,S668Vfs*39	FRAMESHIFT,T1583Hfs*11	MISSENSE,V777M		MISSENSE,E1735K			MISSENSE,N892S			FRAMESHIFT,S1203Afs*52				
TCGA-M9-A5M8		SILENT,E7955=	MISSENSE,E1771A					SPLICE,X153_splice							MISSENSE,V36D																												MISSENSE,E453V							
TCGA-L5-A8NN			MISSENSE,A374S								MISSENSE,Q1046E										MISSENSE,K993Q																													
TCGA-L5-A88T				MISSENSE,D1716N						NONSENSE,Y550*																				NONSENSE,K2988*																				
TCGA-L5-A8NE				MISSENSE,L2143P							MISSENSE,D752E	MISSENSE,S789G			MISSENSE,Q1796R					MISSENSE,E156D		MISSENSE,F316V	MISSENSE,E156D																								MISSENSE,N100T			
HCM-BROD-0096-C15				MISSENSE,A1402V									MISSENSE,N684S					MISSENSE,D537Y											MISSENSE,A30T										MISSENSE,D1053G			MISSENSE,Q419H								
HCM-BROD-0101-C15				MISSENSE,E2414Q																MISSENSE,R71Q																														
TCGA-Q9-A6FW					MISSENSE,R2064C		MISSENSE,L3528I											NONSENSE,G510*															MISSENSE,R1162Q						MISSENSE,A985T											
HCM-BROD-0450-C15						MISSENSE,N842T								SILENT,R1040=											MISSENSE,R596G					MISSENSE,F991L																				
TCGA-JY-A93F							NONSENSE,Q4329*		FRAMESHIFT,W1073Mfs*32																		MISSENSE,T910M																				MISSENSE,A506T	MISSENSE,T530I		
TCGA-KH-A6WC							NONSENSE,Q3742*			SPLICE,X1723_splice																			MISSENSE,R1456H																					
TCGA-Z6-AAPN							NONSENSE,E3558*				MISSENSE,D1454E															MISSENSE,M1043I							MISSENSE,F122L		NONSENSE,L755*		SILENT,P1250=													
HCM-SANG-0296-C15							MISSENSE,R1312C											MISSENSE,V354M					MISSENSE,P178T																MISSENSE,T1967A		SILENT,G978=	SILENT,L376=						PROTEINDEL,K291del		
TCGA-R6-A6XG		SILENT,T9464=					MISSENSE,S2670F																MISSENSE,R739C																											
TCGA-L5-A88W							MISSENSE,C5109F																			MISSENSE,H1047L	MISSENSE,T910M																					MISSENSE,A426T		MISSENSE,R201C
TCGA-L5-A4OO								NONSENSE,Y44*						MISSENSE,N588S																																				
HCM-SANG-0304-C15		SILENT,A7826=						MISSENSE,D84N																																										
TCGA-L7-A56G										FRAMESHIFT,C1352Afs*93																																								
TCGA-L5-A4OH													MISSENSE,L668V	MISSENSE,V738L														NONSENSE,R307*			FRAMESHIFT,E4059Gfs*23	MISSENSE,W1129C								MISSENSE,P2059H		MISSENSE,S695T								
TCGA-Q9-A6FU																		NONSENSE,L529*													MISSENSE,D1967H				MISSENSE,E1617V							FRAMESHIFT,N239Tfs*54								
TCGA-IC-A6RF																											MISSENSE,R1243W							MISSENSE,L4480I																
TCGA-R6-A6L6													SILENT,T729=																																					