Case	TP53	MUC16	KMT2D	KDM6A	ARID1A	PIK3CA	KMT2C	RB1	FAT4	CSMD3	EP300	STAG2	ELF3	FAT3	BIRC6	ERBB2	ATM	LRP1B	CREBBP	KMT2A	FAT1	RNF213	AKAP9	ERBB3	CDKN1A	MYH9	ERCC2	BRCA2	SPEN	TRRAP	FGFR3	ZFHX3	TSC1	NF1	ASXL2	POLQ	NCOR1	ARID2	UBR5	FBXW7	PTPRD	DCC	CDK12	PREX2	ATR	RANBP2	ARID1B	ASXL1	CTNNA2	PDE4DIP
TCGA-UY-A9PH	NONSENSE,Q331*	NONSENSE,S688*	MISSENSE,E292K				NONSENSE,Q2788*										MISSENSE,S207C						NONSENSE,E3365*	MISSENSE,D581H														SPLICE,X1788_splice				MISSENSE,E405Q								
TCGA-DK-A3IS	FRAMESHIFT,S240Kfs*24	NONSENSE,S3096*		NONSENSE,Q191*			SPLICE,X1514_splice					NONSENSE,Q593*				SILENT,A705=		MISSENSE,D3663N				MISSENSE,S5L	MISSENSE,Q3847H						MISSENSE,D2905N										SILENT,I1548=											
TCGA-DK-A1A3	NONSENSE,Q192*	NONSENSE,Q3248*		SPLICE,X207_splice											MISSENSE,A3599T	MISSENSE,S310F			NONSENSE,Q1152*	SILENT,E879=						SILENT,V1792=	MISSENSE,Y14C						NONSENSE,Q516*			MISSENSE,E1474K						MISSENSE,R1130T			MISSENSE,K2310N	MISSENSE,E2922K	MISSENSE,S1075L			
TCGA-K4-A4AB	NONSENSE,Q167*	NONSENSE,Q5864*		MISSENSE,L1134P		MISSENSE,H1047R														MISSENSE,S728F														SILENT,Q2245=																
TCGA-UY-A8OB	FRAMESHIFT,R209Kfs*6	NONSENSE,K12711*								MISSENSE,G549S					MISSENSE,L4689M		MISSENSE,G844R															MISSENSE,N599K																		
TCGA-K4-A54R	FRAMESHIFT,E294Sfs*51	MISSENSE,R6954K	NONSENSE,Q4315*		NONSENSE,E1032*	MISSENSE,E545K	SILENT,V1973=	NONSENSE,Q736*	MISSENSE,Q2230K		NONSENSE,Q2121*				MISSENSE,M3052I	SILENT,V1140=		MISSENSE,I1546M			FRAMESHIFT,A803Pfs*14	MISSENSE,S2462C	MISSENSE,S1200C													MISSENSE,Q2271E										MISSENSE,E277Q				
TCGA-FD-A3SL	NONSENSE,E287*	MISSENSE,E1619Q	FRAMESHIFT,C4583*		SILENT,L1028=			FRAMESHIFT,I744Rfs*7				FRAMESHIFT,D209Vfs*29					SILENT,K556=		MISSENSE,D1435H																		MISSENSE,T1502S													
TCGA-G2-A3IB	NONSENSE,Q331*	MISSENSE,S1983F	FRAMESHIFT,H5136Rfs*12																						NONSENSE,R48*																								SILENT,L213=	
TCGA-G2-AA3B	NONSENSE,S183*	MISSENSE,E14354Q	MISSENSE,E1067K	MISSENSE,V1169F		MISSENSE,E545K	MISSENSE,E4408Q			MISSENSE,H805Y				SILENT,Q4242=			MISSENSE,E2164Q	MISSENSE,Q463E			NONSENSE,Q3958*	MISSENSE,S4296C						MISSENSE,Q1089E	MISSENSE,Q2645E						MISSENSE,R263G	MISSENSE,A759G	MISSENSE,E807Q		MISSENSE,E2096Q			MISSENSE,D612N								
TCGA-DK-A6B6	NONSENSE,Q331*	MISSENSE,S9596L	MISSENSE,E1623K													MISSENSE,S310F		MISSENSE,E3875Q			NONSENSE,S3707*			MISSENSE,S236L													MISSENSE,S2429L					MISSENSE,E87K	MISSENSE,S1377L		MISSENSE,Q1926H				MISSENSE,P14H	
TCGA-DK-A2I1	NONSENSE,Q192*	MISSENSE,R9414K	MISSENSE,C5230F																																						MISSENSE,E698K		SILENT,L566=							
TCGA-XF-A9T0	NONSENSE,Q331*	MISSENSE,G9878V		MISSENSE,L1103P	MISSENSE,D1112N	MISSENSE,Q546P										SILENT,K175=										SPLICE,X1279_splice	MISSENSE,E606Q		MISSENSE,D138N			MISSENSE,A905T		MISSENSE,F741L									NONSENSE,S256*			SILENT,C2791=				
TCGA-ZF-AA4X	NONSENSE,E68*	MISSENSE,S11326C			MISSENSE,S715L	MISSENSE,E542K		NONSENSE,S816*	MISSENSE,E221Q	MISSENSE,E2441K		SILENT,I118=	MISSENSE,W138C		MISSENSE,E2861K	SILENT,L419=	MISSENSE,D1208N												MISSENSE,R1529C	MISSENSE,E3787Q					SILENT,V154=		SILENT,E2138=						MISSENSE,L495F							
TCGA-FD-A3SO	NONSENSE,W53*	MISSENSE,E9937K				MISSENSE,E545K	SILENT,F3453=	NONSENSE,R251*			PROTEINDEL,E1334del							MISSENSE,Q467E				SILENT,L1956=			FRAMESHIFT,E108Gfs*21																MISSENSE,D92H							MISSENSE,S1269L		
HCM-WCMC-1292-C67	NONSENSE,S166*	MISSENSE,D4791H				MISSENSE,H1047R		PROTEINDEL,C553_H555del			MISSENSE,H844R		FRAMESHIFT,W59Qfs*34															MISSENSE,H2323Y														MISSENSE,P432T		SILENT,V727=				NONSENSE,K580_K586delins*		
TCGA-FD-A3NA	NONSENSE,Q192*	MISSENSE,G3467A				MISSENSE,P471A			NONSENSE,S671*	NONSENSE,S3620*		MISSENSE,R370W																						MISSENSE,R2825T																
TCGA-DK-A1AB	NONSENSE,E221*	MISSENSE,Q8758E				MISSENSE,M1043I				NONSENSE,Q2307*																						SILENT,T407=																		
TCGA-E7-A4IJ	FRAMESHIFT,K164Nfs*6	MISSENSE,D12652E				MISSENSE,E542K						NONSENSE,Q593*									NONSENSE,S2890*	MISSENSE,R2109S	MISSENSE,H3016D	MISSENSE,E332K								MISSENSE,Q1855E															MISSENSE,E1389Q			
TCGA-4Z-AA87	SPLICE,X33_splice	MISSENSE,P11482Q				MISSENSE,V636L																	MISSENSE,M3312I				MISSENSE,H118Y												MISSENSE,Q175E											
TCGA-XF-A9T6	FRAMESHIFT,A161Gfs*3	MISSENSE,F12739L						SPLICE,X445_splice							MISSENSE,S480L							MISSENSE,Q733K	MISSENSE,H2891P												MISSENSE,N864H								MISSENSE,E98K			MISSENSE,E1725K				
HCM-WCMC-1287-C67	NONSENSE,Q165*	MISSENSE,A2874P							MISSENSE,L1820F											FRAMESHIFT,S1679Kfs*35																SILENT,L278=														
TCGA-XF-AAMG	FRAMESHIFT,R306Afs*31		NONSENSE,E5234*	NONSENSE,W127*		MISSENSE,E542K				MISSENSE,G2876C							NONSENSE,Q1276*				SILENT,I2996=		MISSENSE,Q1192E	SILENT,I703=			MISSENSE,S458C			NONSENSE,S1361*				SPLICE,X2235_splice								SILENT,L534=	MISSENSE,S614C			MISSENSE,S1832F				SPLICE,X1987_splice
TCGA-XF-A9T5	FRAMESHIFT,C141Afs*29		NONSENSE,W4982*		NONSENSE,S617*		NONSENSE,Q356*		NONSENSE,Q3255*								MISSENSE,D2372N																							NONSENSE,R14*				MISSENSE,H1404Y						
TCGA-4Z-AA7R	NONSENSE,E336*		NONSENSE,Q4045*				FRAMESHIFT,P3548Qfs*2		MISSENSE,P3070A	MISSENSE,K2T		MISSENSE,I563M													FRAMESHIFT,F22Lfs*9											NONSENSE,L1430*										MISSENSE,D1471Y			MISSENSE,A278V	
TCGA-HQ-A5ND	FRAMESHIFT,L22Yfs*22		NONSENSE,Q4230*				FRAMESHIFT,T215Lfs*45																									NONSENSE,Q2526*																	MISSENSE,Q461K	
TCGA-FD-A6TE	SPLICE,X187_splice		NONSENSE,Q52*					NONSENSE,R455*			NONSENSE,Q275*			MISSENSE,E2749K																SILENT,K533=																				
TCGA-K4-A5RJ	NONSENSE,Q331*		FRAMESHIFT,Q773Sfs*157				SILENT,V819=	NONSENSE,E691*								MISSENSE,G776S		MISSENSE,R3950S		NONSENSE,S2252*																										MISSENSE,D2742H				
TCGA-K4-A6MB	NONSENSE,E336*		NONSENSE,Q4262*						MISSENSE,E2573K						MISSENSE,E3242K		MISSENSE,T2359N	MISSENSE,L1797V		MISSENSE,S888L																					MISSENSE,E1265K									
TCGA-XF-A9SK	NONSENSE,E204*		NONSENSE,R2685*						MISSENSE,L1535R																								MISSENSE,Y192H														NONSENSE,Q633*			
TCGA-GC-A3RB	FRAMESHIFT,P92Afs*57		FRAMESHIFT,P799Lfs*131								FRAMESHIFT,Q1648Sfs*61																																							
TCGA-BT-A20N	NONSENSE,C277*		NONSENSE,E1018*												MISSENSE,P2756R					MISSENSE,E2765Q															MISSENSE,L1159F															
TCGA-G2-A2EL	SPLICE,X367_splice		MISSENSE,E3181D	NONSENSE,Q555*	NONSENSE,S634*			NONSENSE,Q850*			MISSENSE,Q1455H								NONSENSE,W1502*																	MISSENSE,Q2059E													MISSENSE,S505L	
TCGA-DK-A1AC	NONSENSE,Q375*		MISSENSE,E2259K	FRAMESHIFT,D1360Tfs*8		MISSENSE,E545K				SILENT,V1620=					NONSENSE,Q3827*			MISSENSE,D2326N		MISSENSE,E1165K		MISSENSE,D497N	MISSENSE,E514K		MISSENSE,G132C	NONSENSE,Q877*	MISSENSE,Y14C		MISSENSE,S2185F	MISSENSE,T3069A					MISSENSE,G76S					MISSENSE,S546L						MISSENSE,D163H				
TCGA-GU-AATP	FRAMESHIFT,A189Dfs*14		MISSENSE,T5487K	MISSENSE,S985P			MISSENSE,E4114K			MISSENSE,L3558F	NONSENSE,Q523*		SPLICE,X160_splice					MISSENSE,W4240L										MISSENSE,E3405Q					NONSENSE,Q328*				FRAMESHIFT,E1005Kfs*10										MISSENSE,E776K			SILENT,T1661=
TCGA-G2-AA3F	FRAMESHIFT,P153Afs*28		MISSENSE,R5030C		NONSENSE,S552*																		MISSENSE,T2825P						MISSENSE,E2214Q																					
TCGA-BT-A20X	NONSENSE,E204*	SILENT,I7317=	MISSENSE,Q2743H				NONSENSE,G900*			MISSENSE,T3684N	NONSENSE,E2252*																																							
TCGA-ZF-AA51	NONSENSE,E294*	SILENT,V678=		FRAMESHIFT,E206Kfs*36	NONSENSE,Q678*		MISSENSE,E545K		NONSENSE,Y4198*	SILENT,F3249=	MISSENSE,D1507N												MISSENSE,S2240C			MISSENSE,D1760Y	MISSENSE,E554Q									SILENT,F2499=					MISSENSE,K491N						MISSENSE,E1111K			SILENT,L1900=
TCGA-DK-AA6W	FRAMESHIFT,R213Dfs*34	SILENT,L5485=		FRAMESHIFT,P527Rfs*23	NONSENSE,S711*						MISSENSE,E1524K											SILENT,S5006=	MISSENSE,M2002I											MISSENSE,R135L															MISSENSE,V420D	
TCGA-GC-A3RC	FRAMESHIFT,G117Dfs*26			NONSENSE,Q555*	NONSENSE,Q611*								MISSENSE,G360V						MISSENSE,K1180N	NONSENSE,S2674*			MISSENSE,L2786R			MISSENSE,D37H	MISSENSE,N238S		SILENT,I3653=	MISSENSE,E205Q				MISSENSE,E1020K							MISSENSE,V1250M									
TCGA-ZF-AA53	NONSENSE,S20*			SPLICE,X1183_splice		MISSENSE,E545K						FRAMESHIFT,E1135Ifs*21									MISSENSE,S2713L		MISSENSE,R3798K	MISSENSE,S1234C									FRAMESHIFT,R190Pfs*20										MISSENSE,E471Q							
TCGA-ZF-AA56	FRAMESHIFT,S15Kfs*27			FRAMESHIFT,K1293*		MISSENSE,E542K							FRAMESHIFT,Q151Pfs*10									MISSENSE,D5020N																												
TCGA-DK-A1A6	FRAMESHIFT,C124Wfs*25			SPLICE,X1292_splice		MISSENSE,E453Q																																			SILENT,P249=			NONSENSE,S75*						
TCGA-E7-A97Q	FRAMESHIFT,P301Qfs*44			FRAMESHIFT,R78Pfs*6							FRAMESHIFT,D1217Mfs*10		FRAMESHIFT,S266Kfs*35																																					
TCGA-DK-A2I6	NONSENSE,Q144*			NONSENSE,Q555*							MISSENSE,D1399Y				MISSENSE,G3485V	MISSENSE,T733I		SILENT,L8=		FRAMESHIFT,V3927Hfs*6							MISSENSE,Y209C																						SILENT,K412=	
TCGA-XF-A8HH	NONSENSE,W91*			FRAMESHIFT,H848Tfs*19																				MISSENSE,P583S														SILENT,L276=												
TCGA-DK-AA77	SPLICE,X331_splice	SILENT,A2516=		MISSENSE,P471S		MISSENSE,E545K					SPLICE,X711_splice			SILENT,A898=				MISSENSE,M644I								SILENT,F16=					MISSENSE,S249C																			
TCGA-UY-A78N	FRAMESHIFT,V73Wfs*50			PROTEINALTERING,S1154_N1156delinsL																							MISSENSE,N238S																							
TCGA-FD-A6TK	FRAMESHIFT,T377Pfs*44				FRAMESHIFT,R1511Sfs*16		MISSENSE,D238N														MISSENSE,I3956M																FRAMESHIFT,I1351Kfs*4									MISSENSE,S2431L				
TCGA-LC-A66R	NONSENSE,E294*				NONSENSE,E1032*			FRAMESHIFT,D270Rfs*6					MISSENSE,F278L																									SILENT,G331=			MISSENSE,E721Q								MISSENSE,R192K	
TCGA-GU-A766	NONSENSE,E180*				NONSENSE,Q512*											MISSENSE,S310Y				NONSENSE,R160*		NONSENSE,S2920*											NONSENSE,S163*												MISSENSE,D1147N					
HCM-WCMC-0948-C67	FRAMESHIFT,E336Gfs*9	SILENT,L3308=			MISSENSE,R1287T					MISSENSE,Q1978E													MISSENSE,R3067K																											
TCGA-FD-A3SR	FRAMESHIFT,G279Pfs*69				MISSENSE,Q605E																																	SPLICE,X638_splice				SILENT,I1116=								
HCM-WCMC-0790-C67	FRAMESHIFT,D48*					MISSENSE,M1043I		FRAMESHIFT,Q846Rfs*3																																										
TCGA-ZF-A9RL	FRAMESHIFT,G154Wfs*10					MISSENSE,R115L									MISSENSE,L632F				MISSENSE,G2381V		MISSENSE,A67V				FRAMESHIFT,E66Gfs*23							MISSENSE,K3002N	NONSENSE,E911*		MISSENSE,M551I				MISSENSE,S1927C						MISSENSE,G1181V	MISSENSE,D405H				
TCGA-ZF-AA5H	NONSENSE,Q331*							SPLICE,X775_splice														MISSENSE,L4979V											MISSENSE,D299N																	
TCGA-FD-A6TF	FRAMESHIFT,C229Yfs*10							SPLICE,X376_splice																						MISSENSE,T6I			MISSENSE,I621M							MISSENSE,R505G		SILENT,P1275=								
TCGA-FD-A62N	FRAMESHIFT,G154Afs*16							SPLICE,X605_splice																																										
TCGA-UY-A9PE	NONSENSE,E285*								MISSENSE,A423S		MISSENSE,P2061L																																							
TCGA-XF-A9SY	NONSENSE,W146*									MISSENSE,D1301V	NONSENSE,E616*				MISSENSE,W2403C			MISSENSE,G2111C												MISSENSE,E1419K				SILENT,V1146=					MISSENSE,R1555W											
TCGA-KQ-A41S	NONSENSE,Q331*									MISSENSE,P1255A						MISSENSE,V777L																																		
TCGA-FJ-A3Z7	NONSENSE,E336*									MISSENSE,L2664F																SILENT,L1018=																								
TCGA-GV-A3JZ	NONSENSE,Q192*		SILENT,C276=								MISSENSE,H631D															MISSENSE,D1765N		MISSENSE,E1895K		MISSENSE,E956K					NONSENSE,Q226*															
TCGA-DK-A3WX	FRAMESHIFT,L348Wfs*30										MISSENSE,Q1455R																													MISSENSE,R505G										
TCGA-ZF-A9RN	NONSENSE,E336*						SILENT,Q3481=											MISSENSE,D546H	MISSENSE,D1435G		MISSENSE,A1559T																													
TCGA-LT-A5Z6	NONSENSE,Q317*	SILENT,L1847=				SILENT,L267=												MISSENSE,E2316Q				SILENT,L2561=				SILENT,L1875=				MISSENSE,E2879Q										NONSENSE,R278*										
TCGA-ZF-AA54	NONSENSE,E287*																									MISSENSE,E1681K							FRAMESHIFT,Y185*		NONSENSE,S344*															
HCM-WCMC-1281-C67	NONSENSE,R196*																															PROTEINDEL,P2215del																		
TCGA-GU-A42Q	SPLICE,X331_splice																																							NONSENSE,Q127*										
TCGA-XF-AAMJ	FRAMESHIFT,L35Ffs*7																																																MISSENSE,M755I	
HCM-WCMC-0785-C67	NONSENSE,R213*																																																	
TCGA-XF-AAMW	NONSENSE,K319*																																																	
TCGA-ZF-AA52	FRAMESHIFT,H178Pfs*3																																																	
TCGA-GD-A6C6	MISSENSE,C141Y	NONSENSE,S6030*	NONSENSE,R2635*	FRAMESHIFT,M176Lfs*5		MISSENSE,E545K						FRAMESHIFT,Y1044Tfs*6	MISSENSE,K236N				SPLICE,X2643_splice												MISSENSE,E2231Q																					
TCGA-DK-AA6U	MISSENSE,G105C	NONSENSE,S11029*	NONSENSE,Q928*								NONSENSE,S195*				MISSENSE,D4822N				NONSENSE,Q911*							NONSENSE,S107*													MISSENSE,K2224I											MISSENSE,R881T
TCGA-GD-A2C5	MISSENSE,R248W	FRAMESHIFT,S4660Lfs*6	SILENT,L2245=	SPLICE,X1293_splice	NONSENSE,Q1095*								FRAMESHIFT,S133*					SILENT,L4565=															SPLICE,X737_splice		MISSENSE,E272Q											MISSENSE,I2607M				
TCGA-KQ-A41P	MISSENSE,R280T	NONSENSE,Q7001*		FRAMESHIFT,N739Tfs*11																		MISSENSE,S4118F																MISSENSE,E101K									NONSENSE,Q1433*			
TCGA-FD-A3B6	MISSENSE,G245V	NONSENSE,S1785*				MISSENSE,E545Q		MISSENSE,S567L						SILENT,R4277=						FRAMESHIFT,E2563Lfs*2				MISSENSE,D297Y																										
TCGA-DK-AA6Q	MISSENSE,R248Q	NONSENSE,S9810*				MISSENSE,E545K																																												
TCGA-XF-A9SI	MISSENSE,M169I	NONSENSE,S10790*						SPLICE,X703_splice			MISSENSE,P1074S	NONSENSE,R1012*					MISSENSE,R2713K																				NONSENSE,S903*								MISSENSE,S1583C					
TCGA-K4-A4AC	MISSENSE,R248Q	NONSENSE,S5585*																		MISSENSE,E2532D																FRAMESHIFT,M172Tfs*24		MISSENSE,W69C					MISSENSE,L495F							
TCGA-E7-A6ME	MISSENSE,R249S	MISSENSE,E10115Q	FRAMESHIFT,S1937Pfs*110	FRAMESHIFT,D1062*				FRAMESHIFT,C489Vfs*4				MISSENSE,S208Y							NONSENSE,E594*							NONSENSE,E544*																							SILENT,L447=	SILENT,G1130=
TCGA-FD-A6TC	MISSENSE,E258K	MISSENSE,S3711C	NONSENSE,Q4284*	MISSENSE,S283F			SILENT,L2993=	NONSENSE,E315*	MISSENSE,G4788V				MISSENSE,R94P	MISSENSE,E279K					SILENT,A2226=						FRAMESHIFT,G40Afs*108			NONSENSE,S1882*	MISSENSE,R229Q	SILENT,L1701=					MISSENSE,G735E						MISSENSE,D388N			SILENT,F268=		SILENT,Q2038=	NONSENSE,Q527*		SILENT,I553=	MISSENSE,E521Q
TCGA-DK-A3WW	MISSENSE,E285K	MISSENSE,E5266K	NONSENSE,Q3684*			MISSENSE,E545K	NONSENSE,Q3654*		MISSENSE,Q297E	FRAMESHIFT,G1714Afs*6	NONSENSE,Q224*				MISSENSE,L1566V		NONSENSE,E2272*					SILENT,L3614=				MISSENSE,E208K				MISSENSE,E1346K		NONSENSE,E2727*	MISSENSE,R786Q			SILENT,K1581=			MISSENSE,E2743K		MISSENSE,R1088C			MISSENSE,S1255L		MISSENSE,E1590K		NONSENSE,S577*		
TCGA-G2-A2EF	PROTEINALTERING,T155_R158delinsC	MISSENSE,E9073K	FRAMESHIFT,E524Kfs*406				NONSENSE,E2798*		MISSENSE,D1323E					MISSENSE,E3040K	MISSENSE,D448N			MISSENSE,E4499K					MISSENSE,E774K						MISSENSE,E1940K																					
TCGA-ZF-AA4W	MISSENSE,S121Y	MISSENSE,V12433A	FRAMESHIFT,N3034Mfs*37						NONSENSE,Y3128*					SILENT,R3652=	FRAMESHIFT,P4633Lfs*11						MISSENSE,Y500C																													
TCGA-E5-A4U1	MISSENSE,D208N	MISSENSE,S6637C	NONSENSE,Q4196*						MISSENSE,S1401L				MISSENSE,E135K		MISSENSE,S440L		SILENT,K1434=	MISSENSE,E4427K				NONSENSE,Q1953*								MISSENSE,E2356K		SILENT,L357=		NONSENSE,S1078*		MISSENSE,Y758H												NONSENSE,S444*		NONSENSE,Q2063*
TCGA-ZF-A9RC	MISSENSE,Y236C	MISSENSE,K3338N	MISSENSE,C3390F		MISSENSE,P1605S				SILENT,V1077=		MISSENSE,R705G				MISSENSE,L1703F	MISSENSE,R103Q	MISSENSE,S1947P			MISSENSE,S2355F	MISSENSE,E4364K	MISSENSE,D710N	MISSENSE,H1904Y				MISSENSE,Y14C	MISSENSE,E1046K	SILENT,R232=						MISSENSE,H1215Y				SILENT,L2251=		MISSENSE,T1100M					MISSENSE,Q56R	SILENT,F1771=			SILENT,L1118=
TCGA-K4-A5RI	MISSENSE,R248Q	MISSENSE,G592R	MISSENSE,T5464P						MISSENSE,K4274N																																									
TCGA-BT-A3PH	MISSENSE,E271K	MISSENSE,S6547C		NONSENSE,S1061*	NONSENSE,E2035*		MISSENSE,D2037H	MISSENSE,G865V			MISSENSE,K14Q				MISSENSE,D3628H		MISSENSE,E158Q						MISSENSE,E2596K											NONSENSE,Q756*		MISSENSE,H2341Y			SILENT,F802=								NONSENSE,S663*	SILENT,L56=		MISSENSE,D1069N
TCGA-ZF-A9RG	MISSENSE,L194H	MISSENSE,E1186K		NONSENSE,Q863*		MISSENSE,E545K			MISSENSE,V3182L			SPLICE,X129_splice	SPLICE,X55_splice	MISSENSE,D2768N	SILENT,L859=	MISSENSE,D821H			NONSENSE,Q540*								MISSENSE,S44L																							
TCGA-4Z-AA7W	MISSENSE,G245S	MISSENSE,Q13090E		FRAMESHIFT,L533Tfs*20		MISSENSE,H1047R			MISSENSE,F1177L											NONSENSE,Q805*			MISSENSE,R1562T					NONSENSE,E826*	MISSENSE,P1735S						MISSENSE,E375K		NONSENSE,Q2108*					MISSENSE,D825Y				NONSENSE,S1648*				
TCGA-G2-A2EO	MISSENSE,R280T	MISSENSE,E1804K		FRAMESHIFT,P1107Lfs*13		MISSENSE,E545K							NONSENSE,Q174*		SILENT,F1554=			MISSENSE,L810F	NONSENSE,Q771*		MISSENSE,D3309N	MISSENSE,S4834C		MISSENSE,S236P		MISSENSE,L10V				MISSENSE,E1800Q			NONSENSE,S871*	MISSENSE,S666C				SPLICE,X500_splice							MISSENSE,Q2635H					
TCGA-FD-A43P	MISSENSE,D228N	MISSENSE,E7239Q		FRAMESHIFT,H733Rfs*23			MISSENSE,G2507E	NONSENSE,R320*	MISSENSE,A3749D	MISSENSE,V1550I			MISSENSE,K265N				NONSENSE,E2221*											MISSENSE,R858T									MISSENSE,A966T													
TCGA-FJ-A3ZE	MISSENSE,A159P	MISSENSE,P12666S		FRAMESHIFT,D348Gfs*16					MISSENSE,T2088I			FRAMESHIFT,K330Ifs*8			MISSENSE,N2735H		SILENT,A2726=														MISSENSE,S249C																			
TCGA-G2-A2ES	MISSENSE,R175H	MISSENSE,S7527Y		NONSENSE,Q555*					MISSENSE,K2760N						MISSENSE,M418I								MISSENSE,E2071K				MISSENSE,E86Q													FRAMESHIFT,Q581Pfs*24										
TCGA-BT-A2LB	MISSENSE,L194F	MISSENSE,V10050M		NONSENSE,Q555*						SILENT,G2834=	NONSENSE,Q65*									FRAMESHIFT,N1473Ifs*113	MISSENSE,T785A								MISSENSE,E3636K					NONSENSE,Q2531*				NONSENSE,R1754*						SILENT,I1527=						
TCGA-ZF-A9RD	MISSENSE,E271K	MISSENSE,Q14194H		SPLICE,X1183_splice								MISSENSE,M1139I																																						
TCGA-XF-AAMX	MISSENSE,C242Y	MISSENSE,G1637V		NONSENSE,Q517*					SILENT,S529=					MISSENSE,L1183V		MISSENSE,S310F								SILENT,D893=											MISSENSE,A1041S				SILENT,V719=						MISSENSE,Y2457S					MISSENSE,L1441V
TCGA-FD-A3SJ	MISSENSE,S241F	MISSENSE,S296L		MISSENSE,G137V		MISSENSE,H1047L	NONSENSE,S1308*													SPLICE,X1338_splice		SILENT,V3233=		MISSENSE,L74F														MISSENSE,Q919E						MISSENSE,L768F						
TCGA-UY-A78L	MISSENSE,E285K	MISSENSE,E6584Q		MISSENSE,E1024K				SPLICE,X840_splice	MISSENSE,G1570V													SILENT,L3375=			FRAMESHIFT,G85*												FRAMESHIFT,I950Mfs*5													
TCGA-GV-A3QH	MISSENSE,R248Q	MISSENSE,T3712A		MISSENSE,E1337K										SILENT,P4208=																																				
TCGA-HQ-A5NE	MISSENSE,R110L	MISSENSE,M1307I			FRAMESHIFT,S698Vfs*119	MISSENSE,E545Q	SILENT,P27=		MISSENSE,S32L															MISSENSE,E332K						MISSENSE,E1953K																		MISSENSE,D1526N	SILENT,L85=	SILENT,Q2294=
TCGA-BL-A3JM	MISSENSE,R248P	MISSENSE,R12653K			NONSENSE,E1802*			NONSENSE,Q504*		SILENT,T2686=										MISSENSE,E1444Q																					MISSENSE,P1273S									
TCGA-GC-A4ZW	MISSENSE,R280T	MISSENSE,T11586R			MISSENSE,E1444Q			NONSENSE,E51*	MISSENSE,S4633W				PROTEINDEL,V351_Y352delinsD	MISSENSE,S2454C		MISSENSE,S310F		MISSENSE,G3345A	NONSENSE,Q691*		SILENT,N2495=														MISSENSE,E112K		NONSENSE,S174*								MISSENSE,I2603M					
TCGA-K4-A6FZ	MISSENSE,R280T	MISSENSE,G863E	SILENT,G4716=				FRAMESHIFT,E141Gfs*29	SPLICE,X376_splice						SILENT,V246=	MISSENSE,T3988A	MISSENSE,S310F						MISSENSE,S411L		MISSENSE,E925Q				MISSENSE,D381G																					MISSENSE,Q419H	
TCGA-BT-A20J	MISSENSE,W146S	MISSENSE,R3863T			SILENT,I736=		MISSENSE,G972E													FRAMESHIFT,E2448*	MISSENSE,P3129A					MISSENSE,E1347K										NONSENSE,S1635*									MISSENSE,L2093V					
TCGA-XF-A9T3	MISSENSE,V143A	MISSENSE,T8689R						NONSENSE,C853*	MISSENSE,I497T			NONSENSE,E851*			MISSENSE,L4698R				MISSENSE,Y1503C								MISSENSE,N238S	MISSENSE,D427G		MISSENSE,E369K				MISSENSE,S382P		NONSENSE,W588*														
TCGA-ZF-AA4T	MISSENSE,S241F	MISSENSE,T4119K						FRAMESHIFT,E492Lfs*4					MISSENSE,S358L																																					
TCGA-FD-A3B7	MISSENSE,R248Q	MISSENSE,K13540Q						NONSENSE,K765*																	FRAMESHIFT,A45Gfs*3				SILENT,V2697=																					
TCGA-UY-A78K	MISSENSE,R273C	MISSENSE,S3927N							MISSENSE,P4145H									SPLICE,X3547_splice			SILENT,Q4324=	FRAMESHIFT,E3510Kfs*3		SILENT,L1333=		MISSENSE,E1884Q								SILENT,A323=	MISSENSE,F1416S				SILENT,Y1101=		SILENT,V463=				NONSENSE,W1196*			NONSENSE,R143*		
TCGA-UY-A78O	MISSENSE,E271Q	MISSENSE,R12305C											MISSENSE,R298G					SILENT,V1215=		FRAMESHIFT,I2117Kfs*57						SILENT,L1021=																								
TCGA-GC-A3YS	MISSENSE,R158H	MISSENSE,Q3755E														MISSENSE,S310F						MISSENSE,T718N																												
TCGA-BT-A20U	MISSENSE,R273C	MISSENSE,L10991V																			NONSENSE,Q1537*																													
HCM-CSHL-0802-C67	MISSENSE,D281N	MISSENSE,P14121S								SILENT,T3214=																										MISSENSE,G2288S					MISSENSE,R1323H		MISSENSE,T1392P							
TCGA-UY-A9PA	MISSENSE,R248W	MISSENSE,T8906I																																		MISSENSE,K167T					MISSENSE,M1331I									
TCGA-FD-A5BR	PROTEINDEL,E336_R337del	MISSENSE,E14134Q																																										MISSENSE,N210K						
TCGA-XF-AAN0	MISSENSE,P151S		FRAMESHIFT,K1712Rfs*10	FRAMESHIFT,E1050Kfs*33	MISSENSE,L2071S	MISSENSE,E545K		FRAMESHIFT,R798Tfs*17				SILENT,F788=				MISSENSE,F595L						SILENT,V4568=				MISSENSE,D1424N	SILENT,I495=						SILENT,L33=	SILENT,L1253=																
TCGA-FD-A5BV	MISSENSE,M237I	SILENT,E5775=	FRAMESHIFT,R845Pfs*3	FRAMESHIFT,L1098Ffs*5						MISSENSE,S380P																			SILENT,A1960=																					
TCGA-XF-A8HD	MISSENSE,R175H		NONSENSE,E1069*		FRAMESHIFT,D1850Gfs*4	MISSENSE,E545K			NONSENSE,S1823*		MISSENSE,N94S									NONSENSE,S3579*		MISSENSE,D273H				SILENT,Q1733=																			MISSENSE,E2209Q			NONSENSE,Q1063*		
TCGA-DK-A3IM	MISSENSE,R273C	SILENT,V8590=	NONSENSE,R2410*		NONSENSE,S664*			FRAMESHIFT,K143Sfs*2																				MISSENSE,S708Y		MISSENSE,K3417E																				
TCGA-DK-A1AD	MISSENSE,P152L		FRAMESHIFT,G3553*		NONSENSE,Q589*				NONSENSE,E4620*									MISSENSE,I3057M	NONSENSE,Y1539*									SILENT,N2463=													MISSENSE,N397K									SILENT,L449=
TCGA-DK-A3IU	MISSENSE,E285K	SILENT,L12286=	NONSENSE,Q928*		FRAMESHIFT,P947Hfs*21				NONSENSE,Q3093*	SILENT,F3319=																			MISSENSE,G3300W																					
TCGA-FD-A3SP	MISSENSE,R280T		NONSENSE,E994*		FRAMESHIFT,D1536Efs*34														MISSENSE,R1446C				MISSENSE,L301S														MISSENSE,S51N									MISSENSE,N3162S		SILENT,T557=		
TCGA-DK-A3X1	MISSENSE,E271K		NONSENSE,Q5170*			MISSENSE,E545K		NONSENSE,S397*	MISSENSE,S2415L			SILENT,R216=			MISSENSE,Q317E					NONSENSE,E3752*						SILENT,R1571=		SILENT,V2205=											SILENT,V384=		SILENT,V1073=	MISSENSE,R661Q					NONSENSE,E2049*	MISSENSE,R1090T		MISSENSE,P1136L
TCGA-ZF-AA4N	MISSENSE,R282W		NONSENSE,E4694*			MISSENSE,G118D				MISSENSE,P1609A									MISSENSE,M721I							MISSENSE,A1554V										SILENT,L157=														
TCGA-UY-A78M	MISSENSE,R280T		NONSENSE,Q1023*			MISSENSE,H1047L								FRAMESHIFT,F1823Vfs*20																																				
TCGA-GC-A3WC	MISSENSE,K132N		NONSENSE,K1077*			MISSENSE,Q546R														NONSENSE,S3702*	NONSENSE,S2450*																	NONSENSE,Q68*						SILENT,V304=						
TCGA-XF-AAMT	MISSENSE,E285K		FRAMESHIFT,M3662Ifs*11				FRAMESHIFT,K2809Nfs*14												SPLICE,X1123_splice																						MISSENSE,A1387V									
TCGA-PQ-A6FI	MISSENSE,R248Q		NONSENSE,R2685*					NONSENSE,Q217*				FRAMESHIFT,Y600Ifs*35							NONSENSE,K439*																															NONSENSE,S1383*
TCGA-ZF-A9R4	MISSENSE,K139N		NONSENSE,Y4758*								FRAMESHIFT,C1177Tfs*49		SPLICE,X160_splice																			NONSENSE,S1325*					MISSENSE,S1812F										NONSENSE,Q538*			
TCGA-GC-A6I1	MISSENSE,R248Q		NONSENSE,R5027*										MISSENSE,D91N							MISSENSE,I233M	MISSENSE,Q3902E																SILENT,L1066=							MISSENSE,D1454H						
TCGA-4Z-AA7M	MISSENSE,R280K		FRAMESHIFT,S3572Rfs*78															MISSENSE,R3239P											MISSENSE,S2338L					MISSENSE,R2450Q			MISSENSE,E1841Q											MISSENSE,A316V	MISSENSE,I791N	
TCGA-C4-A0F7	MISSENSE,C238F		FRAMESHIFT,P4423Hfs*9																																														SILENT,V93=	
TCGA-4Z-AA84	MISSENSE,R273L		MISSENSE,M5332V	NONSENSE,Q542*	FRAMESHIFT,M918Kfs*19	MISSENSE,L752V			MISSENSE,V396A			MISSENSE,R766K			FRAMESHIFT,V3693Yfs*10		NONSENSE,R1466*	SILENT,D108=									MISSENSE,Y72C							NONSENSE,Q1010*				NONSENSE,Q613*						MISSENSE,T677I				MISSENSE,E1132K		
TCGA-4Z-AA7Q	MISSENSE,K132N		MISSENSE,S4128L	MISSENSE,G1215V					MISSENSE,E1609K						MISSENSE,S2883L			MISSENSE,S4266L						PROTEINDEL,V593_L594del																										
TCGA-BT-A3PJ	MISSENSE,C277F		MISSENSE,I1208M		NONSENSE,Q515*		MISSENSE,D1384N	FRAMESHIFT,T271Nfs*5	MISSENSE,F4745L	MISSENSE,L2906F					NONSENSE,R4732*				MISSENSE,F1484S								MISSENSE,T484M										SILENT,L2271=									SILENT,K2939=				
TCGA-GU-AATO	MISSENSE,R248Q	SILENT,L5551=	MISSENSE,S1065L			MISSENSE,E545K	MISSENSE,D597H	NONSENSE,S391*										MISSENSE,H4165Y		MISSENSE,S308L			MISSENSE,R3476T		FRAMESHIFT,M38Nfs*10																						NONSENSE,K2140*			
TCGA-G2-A3VY	MISSENSE,R280T	SILENT,V2785=	MISSENSE,E4646K			MISSENSE,E542K	MISSENSE,E387V													MISSENSE,D1707N									MISSENSE,D2521N					FRAMESHIFT,T1589Rfs*2					MISSENSE,S1735C				FRAMESHIFT,E95Rfs*29			SILENT,L2638=				
TCGA-GC-A6I3	MISSENSE,R158H		MISSENSE,Y5210S			MISSENSE,E545A			SILENT,P2983=											NONSENSE,Y2588*		MISSENSE,R745S																												
TCGA-ZF-AA58	MISSENSE,R280T		MISSENSE,P553A					NONSENSE,Q770*			MISSENSE,Y1414C												MISSENSE,S2932R																											
TCGA-DK-AA6M	MISSENSE,G245D		MISSENSE,V4817M					PROTEINDEL,Y454del			FRAMESHIFT,E1530Gfs*11															NONSENSE,E531*																								
TCGA-DK-A3IN	MISSENSE,D148N	SILENT,S13462=	SILENT,P2271=	FRAMESHIFT,K70Wfs*11	NONSENSE,Q1331*			NONSENSE,S780*						SILENT,V2609=								MISSENSE,S10Y		MISSENSE,E173K	FRAMESHIFT,R83Pfs*6															NONSENSE,S641*										
TCGA-BT-A2LD	MISSENSE,R248Q			FRAMESHIFT,Q117Rfs*63	FRAMESHIFT,Y500Lfs*123					MISSENSE,V3313F				MISSENSE,T1965I																																		MISSENSE,D544N		
TCGA-2F-A9KP	MISSENSE,H179R			FRAMESHIFT,L277Pfs*49	SPLICE,X1367_splice											MISSENSE,R678Q																						NONSENSE,E440*												
TCGA-GU-A42P	MISSENSE,G244D			FRAMESHIFT,V550Gfs*3	NONSENSE,Q944*																																													
TCGA-E7-A7DU	MISSENSE,E287Q			SPLICE,X129_splice	MISSENSE,H495Y	MISSENSE,E545Q						NONSENSE,Q963*			MISSENSE,E1825Q														MISSENSE,R100C	MISSENSE,E1786K				MISSENSE,L2103F	MISSENSE,R443K										MISSENSE,Q1755K					
TCGA-CU-A3KJ	MISSENSE,A159V			NONSENSE,W1193*	MISSENSE,S614L						NONSENSE,R1645*											NONSENSE,S1005*							MISSENSE,R128H																					
TCGA-UY-A78P	MISSENSE,E224D			NONSENSE,S1061*		MISSENSE,M1043I	NONSENSE,S4255*		MISSENSE,I2934M				SILENT,K236=											MISSENSE,L792M																		MISSENSE,V764I								
TCGA-E5-A2PC	MISSENSE,P151H			FRAMESHIFT,A756Qfs*18		MISSENSE,E545K						SPLICE,X274_splice	SPLICE,X331_splice		SILENT,D383=							MISSENSE,S2667C					MISSENSE,G675S				MISSENSE,S249C															MISSENSE,A1817V				
TCGA-ZF-A9RE	MISSENSE,R282W			SPLICE,X148_splice		MISSENSE,G1049R						MISSENSE,C772R																																						
HCM-CSHL-0800-C67	MISSENSE,Y220C			FRAMESHIFT,N1236Lfs*12		MISSENSE,Q374E							MISSENSE,E296K																																				MISSENSE,L85P	
TCGA-DK-AA6X	MISSENSE,D259Y			NONSENSE,Q1003*		MISSENSE,E542K																		MISSENSE,K329E										MISSENSE,G455E											MISSENSE,D1071N					
TCGA-CF-A47Y	MISSENSE,R248W			NONSENSE,S1061*			NONSENSE,K3401*																								MISSENSE,R248C																			
TCGA-FD-A3N5	MISSENSE,H214R			NONSENSE,R511*				NONSENSE,K844*		SILENT,T156=									MISSENSE,G79S	NONSENSE,Y1892*							MISSENSE,N238S																			MISSENSE,D1168Y				
TCGA-KQ-A41O	MISSENSE,R280K			NONSENSE,E999*						NONSENSE,Q2077*		NONSENSE,Q1029*	FRAMESHIFT,D218Efs*6																																					
TCGA-CF-A1HS	MISSENSE,R273S			FRAMESHIFT,D1062Efs*2						MISSENSE,I2141L			MISSENSE,R94G												MISSENSE,D136H					MISSENSE,G1723R																				MISSENSE,Q277E
TCGA-ZF-A9R0	MISSENSE,S241F			NONSENSE,S706*						MISSENSE,H3430D			MISSENSE,L329P															MISSENSE,S3014L																						
TCGA-DK-A2I2	MISSENSE,R248W			NONSENSE,W1193*																		MISSENSE,K2426E															MISSENSE,R1023P			NONSENSE,S678*										
TCGA-UY-A9PD	MISSENSE,R248G			MISSENSE,W1239R					MISSENSE,L4955F					MISSENSE,V2179I				MISSENSE,I250T		MISSENSE,G3585E																	MISSENSE,E1230K						MISSENSE,S1142C	MISSENSE,R488H						
TCGA-BT-A20R	MISSENSE,K139N				NONSENSE,Q386*	MISSENSE,E545K		NONSENSE,Q62*						MISSENSE,E1522K										MISSENSE,M91I												NONSENSE,S1231*														
TCGA-5N-A9KI	MISSENSE,R248Q				NONSENSE,S740_Q743delins*	MISSENSE,R274K		NONSENSE,S834*												NONSENSE,R1264*																							MISSENSE,P904A							
TCGA-FD-A43N	MISSENSE,L257Q				FRAMESHIFT,P1554Hfs*11	MISSENSE,H1047R			MISSENSE,M4869I				MISSENSE,R348W				MISSENSE,D317G												SILENT,Q921=																					
TCGA-BT-A20O	MISSENSE,G279R				FRAMESHIFT,K1815*	MISSENSE,E542K								NONSENSE,Y724*					NONSENSE,S1074*		NONSENSE,S2029*						MISSENSE,H659Y					MISSENSE,E442K								MISSENSE,R479P										
TCGA-XF-A9SZ	MISSENSE,R156P				FRAMESHIFT,S2104Pfs*31			FRAMESHIFT,L191*	MISSENSE,S2595C																													MISSENSE,E1784Q												
TCGA-XF-AAML	MISSENSE,R248Q				NONSENSE,S2264*			NONSENSE,G310*		MISSENSE,M35I						MISSENSE,S310F	MISSENSE,D863N				MISSENSE,S1357L	MISSENSE,P300L		MISSENSE,E150K				MISSENSE,Q2354E																						
TCGA-DK-A3X2	MISSENSE,R273C				FRAMESHIFT,S744Rfs*66			FRAMESHIFT,N328*				FRAMESHIFT,D101Lfs*8							MISSENSE,S1687F			SILENT,I2096=																												
TCGA-YF-AA3M	MISSENSE,R280T				FRAMESHIFT,P508Afs*112			FRAMESHIFT,V193Lfs*8							MISSENSE,S4586L									MISSENSE,E1189K													FRAMESHIFT,P815Lfs*12							MISSENSE,K400Q	MISSENSE,E1849Q					
TCGA-DK-AA6R	MISSENSE,R248Q				NONSENSE,S1085*					MISSENSE,K2718T					MISSENSE,S3504G	SILENT,F476=			SILENT,Q97=																															
TCGA-DK-A3IK	MISSENSE,R248Q				NONSENSE,Q2207*																																				MISSENSE,T706S									
TCGA-E5-A4TZ	MISSENSE,G244C				MISSENSE,C1981Y			SPLICE,X406_splice	FRAMESHIFT,K1377Nfs*12					MISSENSE,Q2621E	SILENT,L3262=				SPLICE,X1279_splice	SILENT,L2801=	MISSENSE,V3790L			MISSENSE,G419A		MISSENSE,E1681K																								
TCGA-ZF-A9RF	MISSENSE,R280K				MISSENSE,S1312Y			MISSENSE,D604G								MISSENSE,E280Q	MISSENSE,R2713K			MISSENSE,S3431C								FRAMESHIFT,S1720Ffs*7						FRAMESHIFT,T1730Pfs*4							MISSENSE,A94V									
TCGA-FJ-A3ZF	MISSENSE,E285K				MISSENSE,L2011R					SILENT,G66=	NONSENSE,E1147*		MISSENSE,Y337C											MISSENSE,V104L							MISSENSE,V306I																			
TCGA-GV-A3JX	MISSENSE,R248Q					MISSENSE,E545K	MISSENSE,H484N	NONSENSE,Q217*			MISSENSE,E1526D			MISSENSE,E854K					NONSENSE,S889*						FRAMESHIFT,T80Hfs*9	MISSENSE,D750H													MISSENSE,R23Q		MISSENSE,R716H									
TCGA-FD-A6TD	MISSENSE,A161V					MISSENSE,V151M		FRAMESHIFT,T778Lfs*33							MISSENSE,Q4634E																																			
TCGA-DK-A1A5	MISSENSE,A161T	SILENT,V6550=				MISSENSE,E791Q			SILENT,V2331=		MISSENSE,L1409F					MISSENSE,L313V							MISSENSE,S60L					MISSENSE,E2081Q				SILENT,L1101=												MISSENSE,R461T						
TCGA-G2-A2EJ	MISSENSE,G245S					MISSENSE,G451V					MISSENSE,M749V										NONSENSE,S3560*								NONSENSE,Y756*															SILENT,C1129=						
TCGA-K4-A5RH	MISSENSE,R283P						MISSENSE,Q2813H	FRAMESHIFT,V419Gfs*9											MISSENSE,R1446L	NONSENSE,R407*									MISSENSE,S2400Y																MISSENSE,M2179V				SILENT,P583=	
TCGA-DK-AA6L	MISSENSE,G245V						MISSENSE,D1951H						MISSENSE,E108K			MISSENSE,S310F												MISSENSE,G2755A																						NONSENSE,S1383*
TCGA-G2-A3IE	MISSENSE,R280K						MISSENSE,G4012A																																											
TCGA-XF-AAMQ	MISSENSE,R273C							FRAMESHIFT,S788Pfs*14		MISSENSE,E2280K											MISSENSE,I3631M																													
TCGA-XF-A9SM	MISSENSE,S241F							NONSENSE,S149*			NONSENSE,Q1112*					MISSENSE,S310F				NONSENSE,W2056*																														
TCGA-XF-A9SX	MISSENSE,H214R							FRAMESHIFT,->G			NONSENSE,E1523*										MISSENSE,P1560L																													
TCGA-XF-A9ST	MISSENSE,G199V							FRAMESHIFT,A74Efs*4				FRAMESHIFT,E643Lfs*14		MISSENSE,C8R		MISSENSE,S310F											MISSENSE,S246F									MISSENSE,L801V					NONSENSE,Q475*	MISSENSE,L477F			MISSENSE,M1174I					
TCGA-GV-A40G	MISSENSE,E285V							FRAMESHIFT,R828Nfs*5						MISSENSE,S1990L		MISSENSE,G222C																						MISSENSE,S319F						MISSENSE,S923F						
TCGA-4Z-AA86	MISSENSE,R280T							NONSENSE,S829*							MISSENSE,E4428Q				NONSENSE,S1078*			SILENT,A238=																												
TCGA-PQ-A6FN	MISSENSE,P151A							SPLICE,X888_splice														MISSENSE,M5206I																		NONSENSE,W365*	MISSENSE,D1409H									
TCGA-XF-AAMF	MISSENSE,E271K							NONSENSE,E559*																MISSENSE,S1232I								MISSENSE,V1957G																		
TCGA-DK-A3IL	MISSENSE,R248Q							NONSENSE,R552*													SILENT,P3493=			MISSENSE,H228Q																										
TCGA-DK-A3IV	MISSENSE,E285K							SPLICE,X405_splice																	FRAMESHIFT,R84Gfs*2																									
TCGA-GU-A764	MISSENSE,C135Y							FRAMESHIFT,R857Qfs*5																											NONSENSE,S293*							MISSENSE,H172Q								MISSENSE,H1014Y
TCGA-BT-A2LA	MISSENSE,R213Q							NONSENSE,Q850*																																						MISSENSE,E1064K				
TCGA-XF-AAN7	MISSENSE,A161T				SILENT,L1533=			NONSENSE,S834*						SILENT,L2464=																																				
TCGA-C4-A0EZ	MISSENSE,C275Y	SILENT,T12285=		SILENT,L773=					NONSENSE,R2234*																				SILENT,Y1133=														MISSENSE,E765G							
TCGA-UY-A9PB	MISSENSE,M246T	SILENT,V7681=			SILENT,K1021=				MISSENSE,S4009R		MISSENSE,S1400R			SILENT,V3255=			MISSENSE,D398H					MISSENSE,D338N						MISSENSE,I1136M								MISSENSE,A29D						SILENT,R475=		SILENT,F1166=						
TCGA-BL-A13J	MISSENSE,Y220C								MISSENSE,T2228P			MISSENSE,S704L																																						
TCGA-HQ-A2OF	MISSENSE,R248Q									SPLICE,X2872_splice						MISSENSE,V842I		MISSENSE,A4599T																																
TCGA-FD-A62S	MISSENSE,C238F	SILENT,S12676=								MISSENSE,T2174N	MISSENSE,Y1414C																					MISSENSE,E1216K																		
ASCProject_0007	MISSENSE,M246V									MISSENSE,R2601Q																																								
TCGA-E7-A7DV	MISSENSE,E285K										MISSENSE,G1347A												MISSENSE,E1921K				SILENT,V407=				MISSENSE,S249C	MISSENSE,H97Y				MISSENSE,S1934C			MISSENSE,R2238T											
TCGA-CF-A5U8	MISSENSE,D259V											FRAMESHIFT,N986Sfs*15																																						
TCGA-XF-A8HF	MISSENSE,R158H												NONSENSE,E343*																	MISSENSE,E1496Q												MISSENSE,R446C								
TCGA-ZF-A9RM	MISSENSE,P278R												MISSENSE,G347S					MISSENSE,P3800T																																
TCGA-XF-AAN3	MISSENSE,P278L															MISSENSE,D1013H																											MISSENSE,E711K							
TCGA-GC-A3OO	MISSENSE,H193Y															MISSENSE,T862A																																		
TCGA-FD-A3SS	MISSENSE,R175H																	SILENT,K1788=								MISSENSE,E915K		MISSENSE,E2258K							MISSENSE,S64F						MISSENSE,M457V									MISSENSE,S1383L
TCGA-GD-A3OS	MISSENSE,R248Q														SILENT,L859=																																			
TCGA-GV-A3JW	MISSENSE,A159V																																																	
TCGA-ZF-AA5P	MISSENSE,H193R																																																	
TCGA-ZF-A9R5		FRAMESHIFT,T5332Pfs*7	FRAMESHIFT,P949Lfs*5	FRAMESHIFT,L277Wfs*48							MISSENSE,R1627G								SILENT,H1297=																													NONSENSE,Y591*	MISSENSE,Y894C	
TCGA-DK-A6AW		NONSENSE,E3578*	FRAMESHIFT,I4440Nfs*47		NONSENSE,R1989*	MISSENSE,S499F	NONSENSE,R4478*		MISSENSE,K2996N	NONSENSE,R1213*	MISSENSE,L36R	NONSENSE,W495*		NONSENSE,R567*	MISSENSE,S2862L		NONSENSE,R250*	MISSENSE,L279I	NONSENSE,S723*				MISSENSE,F3547L					NONSENSE,E2129*	MISSENSE,R637Q			SILENT,P192=		NONSENSE,W221*	MISSENSE,Q260H	MISSENSE,K2155N	MISSENSE,N2331H		MISSENSE,R2485Q	SILENT,T144=	MISSENSE,A1231T	MISSENSE,R1133W	MISSENSE,E1024K	MISSENSE,E308D	MISSENSE,Q414H		MISSENSE,F1139V	MISSENSE,S1169Y	MISSENSE,T236M	
TCGA-XF-A9T8		NONSENSE,S7240*	NONSENSE,E4887*		MISSENSE,E654K	MISSENSE,E545K	NONSENSE,S1745*	MISSENSE,G893A		NONSENSE,S1207*				MISSENSE,D1512H		MISSENSE,H1208Y	MISSENSE,D1705N	MISSENSE,D3747N		MISSENSE,S3237C	NONSENSE,Q961*		MISSENSE,D570H	MISSENSE,D951N													NONSENSE,S1394*		MISSENSE,E2313Q					MISSENSE,E676Q						
TCGA-MV-A51V		NONSENSE,S5444*	MISSENSE,S344C		NONSENSE,Q507*		NONSENSE,E2800*	NONSENSE,E667*				NONSENSE,W315*		MISSENSE,D2626H	MISSENSE,H3493N	MISSENSE,D769Y	MISSENSE,D140H			MISSENSE,L2372F		SILENT,L339=	MISSENSE,Q2387E	MISSENSE,F409L		MISSENSE,M337I	MISSENSE,H210Q	MISSENSE,E1518Q	SILENT,E561=			MISSENSE,E3440Q		MISSENSE,D1490Y	SILENT,V1231=	MISSENSE,I493M	MISSENSE,G2283A						MISSENSE,D459H	MISSENSE,S753Y						
TCGA-E7-A678		NONSENSE,Q14298*		SPLICE,X129_splice							MISSENSE,H1255R	NONSENSE,Y331*																			MISSENSE,S249C																			
TCGA-ZF-AA4V		NONSENSE,E10621*		SILENT,V744=			MISSENSE,D4393G	SPLICE,X405_splice	MISSENSE,S2053F		MISSENSE,S1577F			SILENT,V870=		MISSENSE,S310F				SILENT,S3202=		MISSENSE,R877K					MISSENSE,Y72C	MISSENSE,E1726K		MISSENSE,Q2570H						MISSENSE,G606A							NONSENSE,Q695*				NONSENSE,W1640*		MISSENSE,A111T	
TCGA-XF-AAN5		NONSENSE,S9343*										MISSENSE,D409H				MISSENSE,S310F			MISSENSE,D1265H		FRAMESHIFT,L3085Pfs*2													NONSENSE,Q756*					SILENT,G2082=			MISSENSE,E784K								
TCGA-FD-A6TB		NONSENSE,Y9605*							SILENT,D384=				MISSENSE,K236N			MISSENSE,S196F				SILENT,Q2427=			MISSENSE,I3647M	MISSENSE,E925Q		MISSENSE,G766S			MISSENSE,S3003L				NONSENSE,S836*				MISSENSE,Q1588H	MISSENSE,S564L												
TCGA-BT-A20W		NONSENSE,S2001*																					FRAMESHIFT,L3448Tfs*10																											
TCGA-YC-A89H		MISSENSE,G3560S	NONSENSE,K3545*		NONSENSE,S617*	MISSENSE,E542K	NONSENSE,Q202*			MISSENSE,S3314L	NONSENSE,E1018*		SPLICE,X55_splice	MISSENSE,H2338Y	MISSENSE,E164G				SPLICE,X1279_splice		MISSENSE,E2294K	SILENT,L3675=	MISSENSE,E3365K	MISSENSE,M91I		SILENT,L10=	MISSENSE,E606Q	MISSENSE,G3086E	MISSENSE,S278A				MISSENSE,E959K			MISSENSE,D1574H	MISSENSE,S106L	SILENT,L1304=	SILENT,L1223=	MISSENSE,S398F			MISSENSE,S283L	MISSENSE,A1497V			SILENT,F1799=			
TCGA-DK-AA71		MISSENSE,S10645L	NONSENSE,E5006*		NONSENSE,S1085*	MISSENSE,E542K					NONSENSE,Y629*	FRAMESHIFT,K870Ifs*21						SILENT,L2183=										MISSENSE,R2273K				MISSENSE,S431L				MISSENSE,F2533V														
TCGA-GV-A6ZA		MISSENSE,S5465Y	MISSENSE,E5517Q	MISSENSE,L1186F	MISSENSE,S637C								FRAMESHIFT,S207Lfs*10			MISSENSE,V777L	SPLICE,X2326_splice				FRAMESHIFT,E3558Lfs*17																				MISSENSE,Q475R				MISSENSE,E1489Q			NONSENSE,Q588*		
TCGA-DK-A3IT		MISSENSE,M8192I	MISSENSE,F85S		FRAMESHIFT,N820Mfs*5		MISSENSE,L694F																																							NONSENSE,S2263*				
TCGA-GV-A3QI		MISSENSE,A7319P	MISSENSE,Q5195H							SILENT,P3107=				MISSENSE,Y2248C			SILENT,C1873=				FRAMESHIFT,Y1931Wfs*20																										SILENT,P608=			
TCGA-S5-A6DX		MISSENSE,Q7876E	MISSENSE,E5068K											MISSENSE,D2187H									MISSENSE,E1940Q		MISSENSE,E56K			SILENT,V171=		MISSENSE,D3410H																				
TCGA-BT-A42C		MISSENSE,Q12421H	MISSENSE,G3205V															MISSENSE,P4073L						SILENT,V167=	FRAMESHIFT,E3Gfs*33			NONSENSE,Q2731*	PROTEINDEL,D2464_S2466del				FRAMESHIFT,L45Wfs*17															MISSENSE,P1062S		
TCGA-4Z-AA89		MISSENSE,S8515L		NONSENSE,Q555*		MISSENSE,N345K						NONSENSE,W1038*																		MISSENSE,L1158R	MISSENSE,S249C													NONSENSE,S951*						
TCGA-ZF-A9R2		MISSENSE,E7338K		SPLICE,X219_splice		MISSENSE,E710Q									MISSENSE,Q1060E										NONSENSE,W49*						MISSENSE,S249C	MISSENSE,G771V																		
TCGA-UY-A9PF		MISSENSE,D14301N		FRAMESHIFT,P563Sfs*28			MISSENSE,P3085L										NONSENSE,Q1839*			MISSENSE,P2126L							MISSENSE,R75K		MISSENSE,S1298F									FRAMESHIFT,F575Efs*7		NONSENSE,R479*									NONSENSE,E557*	
TCGA-E7-A7XN		MISSENSE,S772Y		NONSENSE,Q333*					NONSENSE,Q4495*	MISSENSE,S1757C	NONSENSE,Q1082*			MISSENSE,D962N		MISSENSE,D30H		MISSENSE,D1343N		NONSENSE,Q3544*		MISSENSE,R783C		SILENT,F907=		MISSENSE,E772K				MISSENSE,S722Y	MISSENSE,S249C				MISSENSE,S195L	NONSENSE,Q749*			MISSENSE,E118Q		MISSENSE,S625T							NONSENSE,Q780*		
TCGA-BT-A0S7		MISSENSE,E12016K		FRAMESHIFT,G>-						MISSENSE,I998F																					MISSENSE,R248C																			
TCGA-E7-A6MD		MISSENSE,L10937V		SPLICE,X1293_splice			SILENT,S1340=				MISSENSE,I1619T	NONSENSE,Q847*																MISSENSE,L1908V		MISSENSE,P1553A		MISSENSE,D1155N			MISSENSE,E330K		MISSENSE,D1310H							SPLICE,X1049_splice						
TCGA-DK-A1AA		MISSENSE,P5654H		NONSENSE,E278*								FRAMESHIFT,K917*												MISSENSE,V104L							MISSENSE,S249C																			
TCGA-DK-AA6P		MISSENSE,A1860D		MISSENSE,G137R	MISSENSE,S1600F																			MISSENSE,S782C										NONSENSE,E2501*																
TCGA-SY-A9G5		MISSENSE,S2028C	SILENT,F3134=		FRAMESHIFT,P729Vfs*84	MISSENSE,E600K			NONSENSE,Q567*	MISSENSE,S3240C				MISSENSE,D1071H		MISSENSE,S310F	MISSENSE,L762V	MISSENSE,D2438H		NONSENSE,E335*			SILENT,L2672=			MISSENSE,D1655H		MISSENSE,D526N							MISSENSE,S1343F		PROTEINDEL,H101_K107delinsQ	NONSENSE,Q397*				MISSENSE,E351Q	SILENT,V1371=					MISSENSE,E1228Q		
TCGA-H4-A2HO		MISSENSE,D12613H			FRAMESHIFT,L1694Cfs*9	MISSENSE,E542K																																												
TCGA-DK-A2HX		MISSENSE,H368R			NONSENSE,Q1200*		MISSENSE,S3213L																		FRAMESHIFT,R84Vfs*40																									
TCGA-GV-A3JV		MISSENSE,E13726Q			NONSENSE,Q1363*					MISSENSE,P837S			FRAMESHIFT,D146Gfs*15						SILENT,E1965=																							MISSENSE,E532K								
TCGA-FD-A6TG		MISSENSE,D7168Y			NONSENSE,E1060*						NONSENSE,Q1082*							MISSENSE,N3185Y		MISSENSE,S3277L				MISSENSE,V104L					MISSENSE,D1128N																					
TCGA-K4-A3WV		MISSENSE,P7895S			NONSENSE,W2050*									MISSENSE,D4378N				SILENT,S4190=																																
TCGA-4Z-AA80		MISSENSE,E1659K					SPLICE,X3125_splice		MISSENSE,G2314A													SILENT,V4400=										SILENT,F726=		SILENT,L2380=									MISSENSE,R902Q				MISSENSE,A2137V			
TCGA-H4-A2HQ		MISSENSE,R7951W					NONSENSE,Q2503*					FRAMESHIFT,T406Lfs*19		MISSENSE,D2282E				MISSENSE,E522Q													MISSENSE,S249C					MISSENSE,E917K			MISSENSE,D365H					FRAMESHIFT,F863Lfs*8						
TCGA-2F-A9KT		MISSENSE,S3779Y					FRAMESHIFT,K1205Nfs*2						MISSENSE,E300Q		SILENT,V1227=	MISSENSE,S250F							MISSENSE,E3586K								MISSENSE,S249C																			
TCGA-CF-A3MI		MISSENSE,Y12593C					MISSENSE,Q356E					NONSENSE,R1012*																										MISSENSE,T1206M												
TCGA-E7-A541		MISSENSE,V8141L								MISSENSE,P667L														MISSENSE,M91I		SILENT,L1844=		MISSENSE,Q609H																	MISSENSE,L1528F		MISSENSE,K1824N			
TCGA-DK-A2I4		MISSENSE,P8441H									MISSENSE,D1273N				SILENT,L720=	SILENT,L1173=		SILENT,L4004=					MISSENSE,D657H		FRAMESHIFT,V111Cfs*18	SILENT,F831=								SILENT,L145=			MISSENSE,E335Q											MISSENSE,R419K		
TCGA-CF-A27C		MISSENSE,S688L										NONSENSE,Q593*									NONSENSE,Q138*				FRAMESHIFT,S15Rfs*18						MISSENSE,S249C	SILENT,S3587=																NONSENSE,Q225*		
TCGA-5N-A9KM		MISSENSE,Y12335C											FRAMESHIFT,N46Qfs*46				MISSENSE,R2973T								FRAMESHIFT,P12Hfs*19								SPLICE,X422_splice																	
TCGA-YF-AA3L		MISSENSE,S12686F													MISSENSE,D2414H	SILENT,L85=							FRAMESHIFT,E940Tfs*6																MISSENSE,D674G								SILENT,G1157=			
HCM-WCMC-0675-C67		MISSENSE,P2200T														FRAMESHIFT,T233Hfs*2															MISSENSE,S249C		NONSENSE,Q413*																	
TCGA-K4-AAQO		MISSENSE,G666R																	NONSENSE,Q540*									MISSENSE,E2343Q																	MISSENSE,S902F					
TCGA-XF-A9SV		MISSENSE,T4125M																													MISSENSE,S249C	SILENT,E2458=										MISSENSE,D256G								
TCGA-BL-A5ZZ			FRAMESHIFT,G1713Afs*21	NONSENSE,Q677*	FRAMESHIFT,M1564Hfs*8				MISSENSE,Q2418K																																									MISSENSE,R510C
TCGA-ZF-A9R3			FRAMESHIFT,L5183Pfs*16	MISSENSE,K128N																													NONSENSE,R692*																	
TCGA-2F-A9KO			NONSENSE,R5021*		NONSENSE,Q678*	MISSENSE,E726K	MISSENSE,P3898A		NONSENSE,E1483*								MISSENSE,R329T				NONSENSE,Q3585*	MISSENSE,A3266V			FRAMESHIFT,D62*			MISSENSE,T868I											MISSENSE,L1050V				MISSENSE,S534F				MISSENSE,R1070T			
TCGA-DK-A1AE			NONSENSE,E3562*		FRAMESHIFT,D1850Gfs*4		FRAMESHIFT,A2858Lfs*6			MISSENSE,M878R																													MISSENSE,D2493H											
TCGA-CU-A3YL			NONSENSE,E2007*		NONSENSE,Q507*								FRAMESHIFT,I7Lfs*36			MISSENSE,L755S			MISSENSE,D1435H		FRAMESHIFT,D1448Rfs*4	MISSENSE,E2142K										MISSENSE,Q1840E					NONSENSE,S2117*	FRAMESHIFT,F369Ifs*4												
TCGA-FD-A62P			NONSENSE,E649*		NONSENSE,S1085*																											MISSENSE,T1657S			MISSENSE,E330Q			SILENT,L1059=												
TCGA-4Z-AA7O			NONSENSE,Q3441*		NONSENSE,Q1212*																																			MISSENSE,R479G										
TCGA-CU-A5W6			FRAMESHIFT,G2606Afs*80		MISSENSE,M923I	MISSENSE,Q546K					SPLICE,X1088_splice			MISSENSE,V491I																					MISSENSE,L53F		NONSENSE,Q1071*													
TCGA-BT-A0YX		SILENT,F13596=	NONSENSE,Q2380*		MISSENSE,G1926A				MISSENSE,D3065H							MISSENSE,E1244Q	MISSENSE,G1456D					SILENT,P4519=													MISSENSE,E361Q					FRAMESHIFT,E471Kfs*27			MISSENSE,S148L							
TCGA-GC-A3I6			NONSENSE,Q2014*			MISSENSE,E365K	NONSENSE,E534*			MISSENSE,S227T																								NONSENSE,S1053*																SILENT,L1398=
TCGA-XF-A8HE			FRAMESHIFT,Y1407Lfs*25			MISSENSE,E545K	NONSENSE,S4077*		SILENT,V2664=																											MISSENSE,S114L														
TCGA-GD-A3OP			NONSENSE,S705*			MISSENSE,E417K							FRAMESHIFT,F15Lfs*28		MISSENSE,G1465E																																			
TCGA-E7-A3Y1			FRAMESHIFT,P4337Lfs*47				FRAMESHIFT,D2366Efs*6		MISSENSE,E1431Q			SPLICE,X547_splice																																						
TCGA-GC-A3BM		SILENT,T3552=	FRAMESHIFT,P2619Mfs*61				FRAMESHIFT,C4643Kfs*13				FRAMESHIFT,H381Lfs*29			SILENT,P1915=																	MISSENSE,S249C								MISSENSE,S1524L											
TCGA-FD-A3SM			NONSENSE,Q3788*				FRAMESHIFT,S2408Hfs*44			SILENT,V1533=	MISSENSE,Q1223E			MISSENSE,C1626Y					MISSENSE,E1012K						FRAMESHIFT,A45Gfs*104						MISSENSE,S249C		NONSENSE,E577*						MISSENSE,S258F											
TCGA-CF-A9FL			NONSENSE,E1527*				FRAMESHIFT,G4865Tfs*20						MISSENSE,Y352C						FRAMESHIFT,K622Wfs*2																									MISSENSE,E762G						
TCGA-YC-A9TC			NONSENSE,R4484*				FRAMESHIFT,H4556Tfs*70										MISSENSE,Q2972H				FRAMESHIFT,V638Gfs*38												SILENT,Q926=	SILENT,H2590=						FRAMESHIFT,K299Sfs*12	MISSENSE,P1544H									
TCGA-FD-A3N6		SILENT,L5551=	NONSENSE,Y1514*				NONSENSE,R1349*										MISSENSE,R982C																			SILENT,I2389=														
TCGA-C4-A0F1		SILENT,L10084=	NONSENSE,Q4635*				NONSENSE,Q3534*												MISSENSE,R1664C	NONSENSE,R3280*																				MISSENSE,R505G					SILENT,I1564=					
TCGA-BT-A3PK			NONSENSE,S330*				MISSENSE,W1109R				MISSENSE,C1164Y						MISSENSE,G558V				MISSENSE,I2135N						MISSENSE,S246Y																		SILENT,K1665=					
TCGA-GU-A767		SILENT,L4431=	NONSENSE,Q5315*				MISSENSE,C4465Y									MISSENSE,S310Y													MISSENSE,I3007L	MISSENSE,T53K																MISSENSE,G872A				
TCGA-DK-AA6S			NONSENSE,Q4347*						MISSENSE,D3804H					MISSENSE,E1913K						SILENT,I2348=	MISSENSE,A3154T		MISSENSE,D3011N	MISSENSE,D951H				SILENT,P3051=										SILENT,G1123=		MISSENSE,D520N		MISSENSE,R215Q								
HCM-CSHL-0875-C67		SILENT,E13923=	FRAMESHIFT,P1265Tfs*15							MISSENSE,R2593S	MISSENSE,F1448L																																							
TCGA-S5-AA26			NONSENSE,L957*							MISSENSE,L2800I							MISSENSE,H1213N				FRAMESHIFT,T1428Sfs*20														NONSENSE,S325*	MISSENSE,E1700Q														
TCGA-XF-A9T2			NONSENSE,Q4464*									NONSENSE,Q593*		MISSENSE,D3441E												MISSENSE,R1855Q														MISSENSE,G517R										
TCGA-FD-A5BU			FRAMESHIFT,P611Sfs*3													MISSENSE,V842I																	MISSENSE,P613L																	
TCGA-GV-A40E			FRAMESHIFT,I2760Sfs*27														FRAMESHIFT,W1026Lfs*22								FRAMESHIFT,K16Gfs*19									MISSENSE,P2189R																
TCGA-GU-A762			NONSENSE,Q52*																		FRAMESHIFT,G493*																													
TCGA-XF-A9SG			NONSENSE,E363*																		MISSENSE,P3827S				NONSENSE,Q10*																									
TCGA-XF-A9T4			FRAMESHIFT,G4603Afs*5																											MISSENSE,Q3642H																				
TCGA-C4-A0F6			NONSENSE,Q5387*	SILENT,I1020=														SILENT,L1680=																					MISSENSE,E593K	SPLICE,X168_splice										
TCGA-BT-A42B			FRAMESHIFT,S4915Lfs*11																																															
TCGA-CF-A47T			FRAMESHIFT,L2255Cfs*3																																															
TCGA-FD-A5BX			MISSENSE,G4779V	NONSENSE,S689*		MISSENSE,S66C	MISSENSE,E2231Q					NONSENSE,L501*										NONSENSE,E3782*										MISSENSE,P3688H							NONSENSE,*2800Yext*42											
TCGA-KQ-A41R			MISSENSE,R4455H	MISSENSE,R519Q			MISSENSE,S1449L		MISSENSE,D1162N			MISSENSE,A214V				SILENT,L790=											MISSENSE,N238S			MISSENSE,A398T			SILENT,H105=								SILENT,K359=		MISSENSE,E1041K	FRAMESHIFT,R1421Efs*13						
TCGA-K4-A3WS			MISSENSE,E829Q			MISSENSE,E542K									MISSENSE,L3768V		MISSENSE,E2164G				NONSENSE,S3707*							NONSENSE,Q2870*										MISSENSE,D629H												
TCGA-CF-A8HY			MISSENSE,G3633C				FRAMESHIFT,P1513Sfs*9							MISSENSE,F3894L																																				
TCGA-FD-A6TH			MISSENSE,E4039K					FRAMESHIFT,Y728Sfs*19		MISSENSE,Q2185E				MISSENSE,F4172L						SPLICE,X3771_splice																			MISSENSE,D2065N											
TCGA-4Z-AA81			MISSENSE,E4549K					FRAMESHIFT,E79Rfs*32			NONSENSE,Q1082*								SPLICE,X1520_splice					MISSENSE,E332K				MISSENSE,Q2943E									MISSENSE,T2243M													
TCGA-DK-A6AV			MISSENSE,R5179H							MISSENSE,D2301G											MISSENSE,E3136Q																	NONSENSE,G1190*							MISSENSE,Q1755E					
TCGA-GC-A3RD			MISSENSE,S2312L											MISSENSE,D1095N					FRAMESHIFT,N681Efs*45																					MISSENSE,D642G								MISSENSE,V1279M		
TCGA-GU-A763		SILENT,A3933=	MISSENSE,R5179C																												MISSENSE,S249C																			
TCGA-XF-AAN2				FRAMESHIFT,S1398Ifs*12	NONSENSE,S634*	MISSENSE,E542K		NONSENSE,E53*			NONSENSE,Q1082*		MISSENSE,R247Q			MISSENSE,S310F		MISSENSE,E3112K					MISSENSE,M1451I															SILENT,L354=		MISSENSE,H470Y						NONSENSE,R23*				
TCGA-DK-A6B5				FRAMESHIFT,H1124Yfs*7	NONSENSE,Q479*	MISSENSE,E542K																						NONSENSE,S76*		MISSENSE,P2184A																				
TCGA-E7-A85H				FRAMESHIFT,Q1359Tfs*26	FRAMESHIFT,N1471Kfs*20					MISSENSE,K167N							MISSENSE,H2038N										MISSENSE,N238S																							
TCGA-G2-A2EK				NONSENSE,Q147*	FRAMESHIFT,M1318Dfs*5																																												MISSENSE,N433D	
TCGA-FD-A3B5				NONSENSE,Q1212*		MISSENSE,E545K	MISSENSE,R1758C					NONSENSE,Q728*					SPLICE,X2191_splice																						MISSENSE,R23G					NONSENSE,S1140*						
TCGA-GU-AATQ				FRAMESHIFT,Q274Pfs*9		MISSENSE,E545K				MISSENSE,E2761K																					MISSENSE,S249C																			
TCGA-XF-A8HI				NONSENSE,S295*		MISSENSE,E542K						FRAMESHIFT,T626Nfs*9					MISSENSE,D2889H	MISSENSE,N1796K		NONSENSE,Q814*											MISSENSE,S249C																			SILENT,L527=
TCGA-CF-A47W				NONSENSE,Q1229*			NONSENSE,Q1546*					NONSENSE,Q773*																																						
TCGA-E7-A8O8				SPLICE,X1095_splice			NONSENSE,Q2054*					MISSENSE,I191M					SPLICE,X1249_splice					NONSENSE,Q2046*																	MISSENSE,T1760A						MISSENSE,H1449L					
TCGA-4Z-AA83				FRAMESHIFT,A529Hfs*17			FRAMESHIFT,N2949Ifs*10					SILENT,F834=																			MISSENSE,S249C		NONSENSE,Y185*					NONSENSE,Q760*												
TCGA-KQ-A41N				FRAMESHIFT,S383Nfs*50			MISSENSE,Y1348H						NONSENSE,W75*				SPLICE,X1249_splice																					MISSENSE,I783N												
TCGA-BT-A20T				FRAMESHIFT,V91Gfs*9			MISSENSE,E114K									MISSENSE,S573L			NONSENSE,Q887*						MISSENSE,G61V										MISSENSE,E330Q									NONSENSE,Q1321*						
TCGA-FD-A5C0				SPLICE,X443_splice				NONSENSE,E458*	FRAMESHIFT,D3486Ifs*14		MISSENSE,C1247F																								MISSENSE,N63D															
TCGA-XF-A9SJ				NONSENSE,W467*				NONSENSE,E746*		MISSENSE,D1960E				MISSENSE,C17R													MISSENSE,S74L				FRAMESHIFT,L88Wfs*10															MISSENSE,L1916V				
TCGA-E7-A5KF		SILENT,V13904=		NONSENSE,Q271*						MISSENSE,D376N		NONSENSE,Q123*	MISSENSE,K252N	MISSENSE,E2900K			NONSENSE,Q1839*								FRAMESHIFT,F22Lfs*9				NONSENSE,Q921*																					
TCGA-ZF-A9R1				FRAMESHIFT,T521Nfs*22						MISSENSE,P1143S				MISSENSE,D732H						FRAMESHIFT,S774Vfs*12					FRAMESHIFT,F63Lfs*85																									
TCGA-G2-AA3C				FRAMESHIFT,R1001*						MISSENSE,G648E				SILENT,I992=		MISSENSE,S413L																																		
TCGA-DK-A1A7				NONSENSE,Q555*							MISSENSE,S1095I				MISSENSE,S1500N											NONSENSE,Q877*	MISSENSE,N238S																						MISSENSE,R210L	
TCGA-BT-A20P				FRAMESHIFT,P1107Lfs*13									FRAMESHIFT,V345Gfs*126																				NONSENSE,L536*	MISSENSE,E1889K								MISSENSE,P1179H								
TCGA-FD-A43X				NONSENSE,Q1147*														MISSENSE,D3231N											SILENT,V3098=		MISSENSE,S249C										MISSENSE,E1159D									
TCGA-E7-A5KE				FRAMESHIFT,G1116*																							MISSENSE,A443V													MISSENSE,R465C					SILENT,L1013=					
TCGA-GV-A3QF				NONSENSE,Q555*																													SPLICE,X798_splice																	
TCGA-4Z-AA82				FRAMESHIFT,A1328Lfs*28															SILENT,P1132=																						MISSENSE,E1168K									
TCGA-GD-A76B				MISSENSE,E857K	NONSENSE,Q878*	MISSENSE,E542K							FRAMESHIFT,K56Efs*36																																					
TCGA-G2-AA3D				MISSENSE,L361P	NONSENSE,Q1363*							NONSENSE,Q593*			MISSENSE,P2609L																			MISSENSE,E2430Q					MISSENSE,S2751L											
TCGA-E7-A8O7				MISSENSE,W1219C						MISSENSE,F533I																																								
TCGA-FD-A6TA				MISSENSE,L1186M								NONSENSE,K551*						MISSENSE,H2277D								NONSENSE,E1199*				MISSENSE,Q3022K								MISSENSE,G168R		MISSENSE,R505G							MISSENSE,P553S			
TCGA-DK-A6B0		SILENT,T4976=		MISSENSE,Q501K								FRAMESHIFT,Y328*							FRAMESHIFT,R2194Cfs*104																															
TCGA-SY-A9G0				PROTEININS,Y1135_M1136insN																																														
TCGA-DK-A6B2					NONSENSE,R2158*	MISSENSE,L956F	MISSENSE,H502N		MISSENSE,Y4270H									SILENT,P203=		MISSENSE,Q1162H						MISSENSE,E1769D											SILENT,L2167=												MISSENSE,V795L	
TCGA-BT-A20Q					FRAMESHIFT,S1171Rfs*8	MISSENSE,E545K							FRAMESHIFT,D195*							MISSENSE,E2506K																	NONSENSE,R627*													
TCGA-DK-AA76					FRAMESHIFT,Q802Vfs*32	MISSENSE,E978K								MISSENSE,S1936C				MISSENSE,R3415I					SPLICE,X1447_splice			NONSENSE,E1741*												NONSENSE,G1490*												
HCM-WCMC-0949-C67					FRAMESHIFT,A325Rfs*75	MISSENSE,E726K						SILENT,S208=		MISSENSE,E1028K						MISSENSE,L2006S	MISSENSE,A3437T								FRAMESHIFT,N788Kfs*2	MISSENSE,E1767K	MISSENSE,S249C																	MISSENSE,S126P		
TCGA-FD-A3SN					FRAMESHIFT,Q393Rfs*3	MISSENSE,E542K										MISSENSE,R103Q								MISSENSE,D767N			MISSENSE,Y72C						MISSENSE,D504N	FRAMESHIFT,L952Yfs*19		NONSENSE,S306*		NONSENSE,Q834*					MISSENSE,R344W			MISSENSE,P623S				MISSENSE,S1644F
TCGA-K4-A83P		SILENT,L7248=			NONSENSE,Q393*	MISSENSE,E453K										MISSENSE,D277Y																																		
TCGA-FD-A5C1					NONSENSE,R1446*	MISSENSE,H1047R																			NONSENSE,F51_D52ins*					MISSENSE,E2460K						SILENT,G1792=						SILENT,Y762=								
TCGA-E7-A519					FRAMESHIFT,P598Lfs*21		FRAMESHIFT,P2173Hfs*22					NONSENSE,R216*							FRAMESHIFT,Q1002Kfs*20												MISSENSE,S249C					MISSENSE,R2074C														
TCGA-YC-A8S6					FRAMESHIFT,S1602Rfs*10		NONSENSE,E3232*					NONSENSE,Q914*												MISSENSE,T355P																										
TCGA-BL-A13I					FRAMESHIFT,N1040Sfs*6		MISSENSE,E495Q						FRAMESHIFT,M324Ifs*2		SILENT,E2107=						MISSENSE,I2276M																			MISSENSE,R505G							NONSENSE,Q1315*			
TCGA-FJ-A871					FRAMESHIFT,E2250Vfs*27		MISSENSE,H609R												NONSENSE,S1778*																															
TCGA-KQ-A41Q					FRAMESHIFT,Q758Rfs*75			FRAMESHIFT,Q395Tfs*11															MISSENSE,L214S		FRAMESHIFT,M38Nfs*10																				MISSENSE,L1944F					
TCGA-XF-A9SW					FRAMESHIFT,A2234Lfs*33			NONSENSE,S634*																																										
TCGA-ZF-A9R7					NONSENSE,R1528*				NONSENSE,S3481*				MISSENSE,K353N			MISSENSE,I767M									MISSENSE,R48P							SILENT,L3129=								MISSENSE,D399H			MISSENSE,P707S				MISSENSE,I1903M			
TCGA-GD-A3OQ					FRAMESHIFT,Y551Lfs*72						MISSENSE,C1385Y													MISSENSE,V104M	FRAMESHIFT,D62*		MISSENSE,Q758E																MISSENSE,S1329F							
TCGA-ZF-AA5N					FRAMESHIFT,Q505Hfs*113								FRAMESHIFT,K241Sfs*13		MISSENSE,L3214F						FRAMESHIFT,Y2814Tfs*8									MISSENSE,G1201R					MISSENSE,A681V												FRAMESHIFT,H2041Tfs*45			
TCGA-FD-A6TI					SPLICE,X451_splice								FRAMESHIFT,L51Gfs*39				PROTEINDEL,S2860del	MISSENSE,T2181S					MISSENSE,Q2228K										SPLICE,X422_splice									MISSENSE,V764I								
TCGA-FD-A62O					NONSENSE,Q393*								FRAMESHIFT,D119Gfs*16								SILENT,F3125=					SILENT,F354=						SILENT,L2509=																		
TCGA-XF-A9SP					FRAMESHIFT,F2141Sfs*59										MISSENSE,S3740L			SILENT,V2128=											MISSENSE,D2097H																	MISSENSE,D95N				
TCGA-E7-A4XJ					FRAMESHIFT,S1242Rfs*16												PROTEINDEL,Q2314_K2317del																													NONSENSE,R1555*				
TCGA-FD-A3B3					NONSENSE,Q566*													MISSENSE,A3246E																																
TCGA-FJ-A3Z9					NONSENSE,Q1584*														PROTEINDEL,S1680del																															
TCGA-BL-A0C8					FRAMESHIFT,S1182Rfs*24																							MISSENSE,T2097M				SILENT,T993=																		
TCGA-CF-A1HR					MISSENSE,E1683Q									MISSENSE,E2317Q						MISSENSE,E2506Q		MISSENSE,E4085K						NONSENSE,Q2157*					NONSENSE,Q328*	MISSENSE,I1351M	NONSENSE,R259*							MISSENSE,E403K								
TCGA-ZF-A9R9					MISSENSE,D1912N										MISSENSE,R276G																											MISSENSE,M1354I								
TCGA-CF-A3MG					MISSENSE,R1287T																				FRAMESHIFT,R46Pfs*2								MISSENSE,R190P																	
TCGA-GV-A3QK					PROTEINDEL,R2233_L2238del																																					MISSENSE,L1148I								
TCGA-CF-A9FF						MISSENSE,H1047R			NONSENSE,Q4105*																FRAMESHIFT,L59Pfs*84						MISSENSE,S249C		FRAMESHIFT,H279Pfs*20		MISSENSE,E330K			FRAMESHIFT,A603Lfs*44				MISSENSE,D866G								
TCGA-2F-A9KW						MISSENSE,E545K			MISSENSE,G1782E		MISSENSE,W1509C													MISSENSE,R1267Q						MISSENSE,D2798N																		MISSENSE,I268S		
TCGA-XF-A8HG						MISSENSE,E542K				MISSENSE,D211N				MISSENSE,R1017Q			MISSENSE,L1764I								FRAMESHIFT,D7Mfs*24																								MISSENSE,E442K	
TCGA-2F-A9KR						MISSENSE,E1012Q					NONSENSE,S952*	SPLICE,X699_splice																			MISSENSE,S249C	MISSENSE,H3503Y										MISSENSE,K315E								
TCGA-4Z-AA7Y						MISSENSE,E545K					MISSENSE,D1188H				MISSENSE,R4400W			MISSENSE,L2159F													MISSENSE,S249C	MISSENSE,L394V	FRAMESHIFT,I157Ffs*60																	
TCGA-CU-A72E						MISSENSE,E545K						NONSENSE,G1188*	NONSENSE,Y336*																		MISSENSE,S249C	SILENT,T3559=																		
TCGA-CF-A5UA						MISSENSE,Q75E										MISSENSE,R678Q																																		
TCGA-ZF-AA4U						MISSENSE,M1004V																																												SILENT,L527=
TCGA-DK-AA75							MISSENSE,E3182Q		MISSENSE,P3921S				MISSENSE,D86N	MISSENSE,M2444L									MISSENSE,P1381S				MISSENSE,I80T			MISSENSE,R2603Q								MISSENSE,E74K		NONSENSE,Q508*										
TCGA-CF-A3MF							MISSENSE,G368R																		NONSENSE,W49*																									
TCGA-C4-A0F0								SPLICE,X405_splice											MISSENSE,S1436N																					NONSENSE,W321*		MISSENSE,V1248M								
TCGA-DK-AA6T								NONSENSE,R255*																																										
TCGA-E7-A7PW								MISSENSE,E413Q							MISSENSE,E4486Q																																			
TCGA-FD-A3SQ									NONSENSE,Q235*			PROTEINDEL,E1187_D1192del	FRAMESHIFT,M293Nfs*8																				SPLICE,X36_splice																	
TCGA-XF-AAN1									MISSENSE,S3108F				FRAMESHIFT,D259Gfs*42									MISSENSE,S3013C								MISSENSE,G1201R										MISSENSE,R465C										
TCGA-FD-A5BT									MISSENSE,P359S						NONSENSE,E4826*								MISSENSE,R3478T																MISSENSE,Q469K											
TCGA-CF-A47X										NONSENSE,Q1553*			NONSENSE,S21*						NONSENSE,Q839*	SILENT,L803=																													SILENT,F585=	
TCGA-FT-A61P										MISSENSE,D3058N	FRAMESHIFT,R1645Pfs*28	SILENT,A570=							MISSENSE,R1964C								MISSENSE,S44L																							
TCGA-K4-A3WU									SILENT,V1003=	MISSENSE,T3077S							MISSENSE,E2884Q						MISSENSE,E1961Q																	MISSENSE,S546L										
TCGA-G2-A2EC										MISSENSE,S2116P								MISSENSE,L2654M																		NONSENSE,Q578*							MISSENSE,E189K							
TCGA-DK-A3IQ										MISSENSE,S2188C				SILENT,R4213=																																				
TCGA-XF-AAMZ									SILENT,T4739=	MISSENSE,G665S													SILENT,L3715=									SILENT,L1796=																		
TCGA-CU-A0YR											MISSENSE,K17E		FRAMESHIFT,K255Ifs*44				MISSENSE,I2888L										MISSENSE,G607A													MISSENSE,R505G							MISSENSE,Q1393E			
TCGA-R3-A69X												NONSENSE,R305*	MISSENSE,F303L				NONSENSE,K3053*															MISSENSE,I2189M													MISSENSE,P2135S					
TCGA-BT-A42E												FRAMESHIFT,E1147Dfs*16					NONSENSE,Q1636*									MISSENSE,E1131Q															MISSENSE,I84M									
TCGA-DK-A1AF												NONSENSE,R216*						MISSENSE,G1339S																																
HCM-WCMC-0950-C67												FRAMESHIFT,E104Gfs*6																			MISSENSE,S249C							MISSENSE,I1344V										NONSENSE,E566*		
TCGA-E7-A97P												MISSENSE,L776P															MISSENSE,N238S																							
HCM-WCMC-0951-C67													FRAMESHIFT,L342Wfs*105						SILENT,L2035=															SPLICE,X2235_splice																
TCGA-UY-A8OC													FRAMESHIFT,D230Rfs*5																																					
TCGA-XF-A8HC														MISSENSE,S1966C		MISSENSE,S310F								MISSENSE,D1327Y	FRAMESHIFT,R83Pfs*3					MISSENSE,V1875M												MISSENSE,E507K								
TCGA-GV-A3QG														MISSENSE,S189C			MISSENSE,E2094K		MISSENSE,D1143H																															
TCGA-XF-A8HB														MISSENSE,E403Q																																	SILENT,A1540=			
TCGA-CF-A8HX															MISSENSE,L2358F																																	MISSENSE,N1343K		
TCGA-ZF-AA4R																MISSENSE,I767M			MISSENSE,L1434R																		SILENT,L1272=						MISSENSE,A397V							
TCGA-FD-A43Y																	NONSENSE,S403*																																	
TCGA-UY-A8OD																	NONSENSE,Q781*																																	
TCGA-FT-A3EE																	MISSENSE,Q284P										MISSENSE,S44L	MISSENSE,M192T																						MISSENSE,I283V
TCGA-XF-AAME																	MISSENSE,I323V																										MISSENSE,P891L							
TCGA-LT-A8JT																			NONSENSE,Q368*												MISSENSE,S249C																			
TCGA-FD-A3B4																					MISSENSE,A106T																													
TCGA-E7-A6MF																							MISSENSE,R2109K																											
TCGA-DK-A6B1																								MISSENSE,E928K											NONSENSE,Q598*															
TCGA-HQ-A2OE																								MISSENSE,D297Y																										
TCGA-E7-A677				SILENT,G575=																					FRAMESHIFT,W65*		MISSENSE,N238S																							
TCGA-CF-A7I0																									FRAMESHIFT,S27Kfs*9						MISSENSE,S249C																			
TCGA-CU-A3QU																									FRAMESHIFT,E108Gfs*21		SILENT,L183=																					NONSENSE,K564*		
TCGA-2F-A9KQ																									FRAMESHIFT,K16Rfs*15																									
TCGA-4Z-AA7S																									FRAMESHIFT,L73Pfs*16																									
TCGA-FD-A43U																										MISSENSE,E490D																								
TCGA-CF-A47V																															MISSENSE,S249C														MISSENSE,P13L					
TCGA-CF-A9FM																															MISSENSE,S249C																			
TCGA-CF-A9FH																																	NONSENSE,E931*										MISSENSE,M415V	MISSENSE,Q217L						
TCGA-XF-AAMR																																	PROTEINDEL,S183_A186del																	
TCGA-E7-A3X6																																			NONSENSE,S228*															
TCGA-CF-A3MH																																												MISSENSE,D269N						
TCGA-DK-AA74																																													NONSENSE,R2148*		NONSENSE,Q540*			
TCGA-FD-A5BZ														SILENT,F4209=	SILENT,E4742=																																			
TCGA-XF-AAMY																																SILENT,L357=																		