Case	TP53	MUC16	ATRX	RB1	LRP1B	CSMD3	FAT3	NF1	ATM	CACNA1D	GRIN2A	DCC	FAT4	PTPRT	ROBO2	NCOR2	FAT1	APC	MYH9	CNTNAP2	TRRAP	KMT2C	GRM3	FAM47C	NBEA	PIK3CB	ZFHX3	PTPRC	KIAA1549	CTNNA2	CARD11	KMT2D	KMT2A	NRAS	COL1A1	PTPRB	CDH10	MET	FLT4	RNF213	FAM135B	COL3A1	MECOM	MYH11	ZNF521	PIK3CA	PER1	CTNND2	ANK1	NACA
TCGA-DX-A8BU	FRAMESHIFT,T256Ifs*90	MISSENSE,T11432R	FRAMESHIFT,N1232Sfs*15																								MISSENSE,E388Q																							
TCGA-QQ-A8VF	FRAMESHIFT,V122Dfs*26	MISSENSE,R13491W		FRAMESHIFT,T342Lfs*7				FRAMESHIFT,P678Rfs*10	MISSENSE,R337C		SILENT,T1212=			SILENT,D1193=		MISSENSE,R1563W		SILENT,S2497=							MISSENSE,T712M		SILENT,T954=		MISSENSE,G1814R			FRAMESHIFT,Q4156Nfs*5					MISSENSE,I373N					MISSENSE,G237R								
TCGA-LI-A67I	FRAMESHIFT,R213Dfs*34	MISSENSE,E3524K		FRAMESHIFT,G801Efs*9																																														
TCGA-DX-AB2E	NONSENSE,R342*	MISSENSE,M5547I			MISSENSE,R3186C	MISSENSE,E597K	MISSENSE,N1995S			MISSENSE,S263F	MISSENSE,Q671K				MISSENSE,R230K	SILENT,R1711=				SILENT,K354=	MISSENSE,E3585K		MISSENSE,E49K	MISSENSE,P431S			MISSENSE,S2169F			MISSENSE,G804R	MISSENSE,G3E			MISSENSE,Q61L									MISSENSE,D142N							MISSENSE,S70C
TCGA-LI-A9QH	SPLICE,X125_splice	MISSENSE,R2358W							MISSENSE,S1589L																																		MISSENSE,F770Y	MISSENSE,K663R						
TCGA-DX-AB2V	SPLICE,X224_splice	MISSENSE,T6930K														MISSENSE,T803I																					MISSENSE,E349K													
TCGA-WK-A8Y0	FRAMESHIFT,R335Vfs*10		NONSENSE,K1701*	FRAMESHIFT,K574Nfs*36													SILENT,Y500=				SILENT,L3549=																			MISSENSE,K863E										
TCGA-DX-A6B8	FRAMESHIFT,V73Rfs*76		NONSENSE,E1113*																																													SILENT,A750=		
TCGA-QQ-A5VB	FRAMESHIFT,C275Lfs*70				MISSENSE,C1176Y										SILENT,D1223=							FRAMESHIFT,G4692Afs*24																											MISSENSE,D1841N	
TCGA-GR-A4D4	SPLICE,X332_splice								MISSENSE,S2581T																						MISSENSE,D357V																			
TCGA-SG-A6Z4	SPLICE,X332_splice											MISSENSE,R1133W							MISSENSE,M1910I																															
TCGA-MB-A5Y9	SPLICE,X307_splice																							MISSENSE,T217S																										
TCGA-QQ-A5V9	NONSENSE,E298*																												MISSENSE,A915S																					
TCGA-X6-A8C2	FRAMESHIFT,N268*									SILENT,L355=																																			MISSENSE,Y409N					
TCGA-DX-A6Z0	FRAMESHIFT,N288Kfs*59																					SILENT,S783=																												
TCGA-DX-A7ET	NONSENSE,K120Tfs*2																																																	
TCGA-DX-A8BH	SPLICE,X187_splice				SILENT,H40=																																													
TCGA-DX-A8BK	SPLICE,X187_splice																																																	
TCGA-IE-A4EI	FRAMESHIFT,E336Afs*10																																																	
TCGA-X6-A7WA	MISSENSE,P151S	NONSENSE,S11605*		FRAMESHIFT,E119Vfs*9																																					MISSENSE,K305N									
TCGA-QQ-A5VD	MISSENSE,R248W	MISSENSE,P1755S		NONSENSE,R787*	SILENT,I75=	NONSENSE,W3337*	MISSENSE,H1526D						MISSENSE,R1465K																								MISSENSE,P170L													
TCGA-DX-A8BP	MISSENSE,C135R	MISSENSE,P3607S			MISSENSE,P78L	MISSENSE,R3067K		MISSENSE,L1564F				MISSENSE,R443Q	MISSENSE,S656F												MISSENSE,D2581N	SILENT,I184=														MISSENSE,P2560S					SILENT,S345=		MISSENSE,P956S			
TCGA-QC-A7B5	MISSENSE,E286K	MISSENSE,P8776L				NONSENSE,R2598*			SILENT,E1195=	SILENT,P2113=		SILENT,S1383=				MISSENSE,P1070S	NONSENSE,Q3572*	NONSENSE,R2560*				MISSENSE,L3104F	MISSENSE,M547I		MISSENSE,P2576L		MISSENSE,P3218L	SILENT,T453=	MISSENSE,E882K	SILENT,L577=		NONSENSE,Q3927*								MISSENSE,E4378K	MISSENSE,H724Y		MISSENSE,P13S				MISSENSE,P902S		MISSENSE,G1679R	
TCGA-F5-6813	MISSENSE,R175H	MISSENSE,S3378Y						MISSENSE,R1204W	MISSENSE,N3003S			NONSENSE,R1337*				MISSENSE,P1911L		NONSENSE,Q1378*																											MISSENSE,R163H					
TCGA-IE-A4EJ	MISSENSE,R213P		NONSENSE,Q1416*							FRAMESHIFT,C1839Sfs*115									SILENT,K1937=																															
TCGA-DX-AB2W	MISSENSE,K132R		FRAMESHIFT,N2125Wfs*2																MISSENSE,E1796D										SPLICE,X1410_splice																					
TCGA-X6-A7WC	MISSENSE,G244S		FRAMESHIFT,D1618Gfs*8																																MISSENSE,G578V															
TCGA-DX-AB2X	MISSENSE,R175H		MISSENSE,E2031V					SPLICE,X2215_splice																																										
TCGA-DX-AB32	PROTEINDEL,L252del			SPLICE,X405_splice	MISSENSE,G1957W														SILENT,T156=													MISSENSE,W5395R			MISSENSE,R1014H	MISSENSE,R1104H														
TCGA-DX-A3UE	PROTEINDEL,G262del			FRAMESHIFT,N623Kfs*30												MISSENSE,Y1311N								SILENT,S772=																										
TCGA-3B-A9HY	MISSENSE,R248W			NONSENSE,Q504*																																														
TCGA-WK-A8XZ	MISSENSE,K132E			FRAMESHIFT,K548Efs*55																																														
TCGA-UE-A6QT	MISSENSE,S241F			MISSENSE,R661W																																										MISSENSE,H1047R				
TCGA-F5-6812	MISSENSE,P278T						MISSENSE,A1278S											NONSENSE,Q1338*										MISSENSE,S142N																						
TCGA-DX-AB30	MISSENSE,P278H							FRAMESHIFT,A308Cfs*7																																										
TCGA-3B-A9HZ	MISSENSE,C275Y																														MISSENSE,M807I																			
TCGA-DX-A8BL	PROTEINDEL,F270del																																																	
TCGA-K1-A6RT	MISSENSE,G266R																																																	
TCGA-K1-A6RV	MISSENSE,S215R																																																	
TCGA-MB-A8JL	MISSENSE,D281E																																																	
TCGA-QC-A6FX	MISSENSE,C242S																																																	
TCGA-VT-A80J	MISSENSE,H179Q																																																	
TCGA-D3-A2JF		NONSENSE,W2295*			MISSENSE,G3671E	MISSENSE,S404L	MISSENSE,P2082S	NONSENSE,Y1625*		SILENT,L2151=			SILENT,I1855=	MISSENSE,D223N	SILENT,T48=		SILENT,F2492=			MISSENSE,G131E			MISSENSE,G18E	MISSENSE,P668R	MISSENSE,N1141S	NONSENSE,Q970*			SILENT,L808=							SILENT,I1376=					MISSENSE,R1211Q					MISSENSE,E737K			SILENT,S1339=	
TCGA-EE-A3JA		FRAMESHIFT,R9586Efs*53			SILENT,G3232=	MISSENSE,S380F					MISSENSE,P1132L		MISSENSE,G3133E	MISSENSE,R461Q	MISSENSE,S1337F				SILENT,V761=	NONSENSE,W637*		MISSENSE,S3788F						SPLICE,X34_splice					MISSENSE,S2914F	MISSENSE,Q61R	MISSENSE,G1016E		MISSENSE,P487L		SILENT,G1177=			SILENT,P1159=								
TCGA-HB-A2OT		MISSENSE,H5741Q	NONSENSE,W263*											SILENT,A1096=																		SILENT,S696=														MISSENSE,K886E				
TCGA-D3-A8GL		MISSENSE,P12803S			MISSENSE,P965S	MISSENSE,R362K	MISSENSE,D962N			MISSENSE,M1252I	MISSENSE,F637L	MISSENSE,P1252S	MISSENSE,D1343N	MISSENSE,R364Q	MISSENSE,A241V		MISSENSE,P2559S			MISSENSE,G362E	SILENT,P2896=				MISSENSE,E1156K		MISSENSE,R1439Q							MISSENSE,Q61R	SILENT,L1445=	SILENT,F1768=		MISSENSE,E76K				MISSENSE,P260L	MISSENSE,P258S							
TCGA-D3-A2JO		MISSENSE,M9036I			MISSENSE,C1540F	MISSENSE,G3461E								MISSENSE,R328C		MISSENSE,I2287M			MISSENSE,P147L	MISSENSE,F517L	MISSENSE,S3349F		MISSENSE,D121N	MISSENSE,E802K								SILENT,P2472=	SILENT,L682=	MISSENSE,Q61K			MISSENSE,L480V	SILENT,V466=	MISSENSE,E512K			SPLICE,X149_splice								
TCGA-D3-A8GV		MISSENSE,P5119S	SILENT,L1755=		MISSENSE,D1721N		MISSENSE,P1795Q		MISSENSE,S1947Y		SILENT,L796=							MISSENSE,P1483S			MISSENSE,S722F							MISSENSE,G25R										SILENT,S1032=						MISSENSE,M1864I						
TCGA-QQ-A8VG		MISSENSE,S10210L			MISSENSE,Y2276C			NONSENSE,R1362*	SILENT,A1391=	SILENT,I977=		MISSENSE,R468K	SILENT,S3676=				MISSENSE,S1992F												MISSENSE,G1232E				NONSENSE,R1151*			NONSENSE,W282*												SILENT,G944=		
TCGA-WE-A8ZM		MISSENSE,S13154F			MISSENSE,K1155Q			NONSENSE,W1952*																																	MISSENSE,T333S									
TCGA-X6-A7W8		MISSENSE,P2393L					FRAMESHIFT,F1319Lfs*9																																											
TCGA-VT-A80G		MISSENSE,N3913T																	MISSENSE,I17T																															
TCGA-X6-A8C4		MISSENSE,T12336I																															SILENT,A3422=	MISSENSE,Q61K																
TCGA-MJ-A850		MISSENSE,P7031H																																						MISSENSE,S3898F										
TCGA-DX-A6YX		MISSENSE,R12249C																																																
TCGA-DX-AB36		MISSENSE,L12703V																																																
TCGA-DX-A8BM			FRAMESHIFT,K796Qfs*4	FRAMESHIFT,M379*																										MISSENSE,M147I																		MISSENSE,R1205H		
TCGA-K1-A6RU			FRAMESHIFT,S2142Mfs*24	NONSENSE,L389*																																														
TCGA-PC-A5DM			FRAMESHIFT,T579Sfs*8		MISSENSE,R2025H																																										MISSENSE,C171Y			
TCGA-DX-A8BT			SPLICE,X1439_splice									MISSENSE,E1161K														SILENT,G28=																								
TCGA-VT-AB3D			NONSENSE,E351*														NONSENSE,E1430*																																	
TCGA-DX-AB37			SPLICE,X1816_splice															MISSENSE,S2569N																						SILENT,V677=										
TCGA-DX-AB2P			FRAMESHIFT,M118Yfs*19																					NONSENSE,E185*				MISSENSE,A11G					FRAMESHIFT,L1303Pfs*51																	
TCGA-QC-AA9N			FRAMESHIFT,K806Rfs*16																						SILENT,K2592=																				MISSENSE,E267G					
TCGA-3B-A9HI			FRAMESHIFT,M828*																																															
TCGA-DX-A8BN			NONSENSE,Q391*																																															
TCGA-SI-AA8B			NONSENSE,K688*																																															
TCGA-RW-A680			MISSENSE,P1886L																																															
TCGA-DX-AB2T				FRAMESHIFT,R556Wfs*53		MISSENSE,G88V																																												
TCGA-DX-A6YV				SPLICE,X203_splice							SILENT,D102=							MISSENSE,K2052N									MISSENSE,E2273Q																							
TCGA-DX-A48L				FRAMESHIFT,M484Vfs*8																																														
TCGA-DX-A8BG				SPLICE,X463_splice							SILENT,A60=																																							
TCGA-DX-A8BO				SPLICE,X313_splice																																					SILENT,G674=									
TCGA-X6-A7WD				NONSENSE,R552*																																														
TCGA-FF-A7CX					MISSENSE,L1767S																	SILENT,S1416=									MISSENSE,C49Y																			
TCGA-DX-A6YZ							MISSENSE,A3354T																			MISSENSE,D142V		MISSENSE,D438Y																				MISSENSE,R1179H		
TCGA-QQ-A5VC								PROTEINDEL,E2339_L2345del							MISSENSE,D1029Y																																			
TCGA-MJ-A68J									MISSENSE,L400I																						MISSENSE,R967H																			
TCGA-DX-A3U7													MISSENSE,D1818Y																																					
TCGA-DX-A6YQ														MISSENSE,Y161H																								MISSENSE,I299F												
TCGA-DX-A7ER															MISSENSE,R614H																																			
TCGA-DX-A6YR																	NONSENSE,E2705*			SILENT,S1226=																														
TCGA-DX-A8BJ																					SPLICE,X2558_splice																													
TCGA-DX-AB3B																						MISSENSE,Y4886S																												
TCGA-QQ-A8VB																							MISSENSE,R68C							MISSENSE,T738I					MISSENSE,R1436C															
TCGA-3B-A9HR																														MISSENSE,A673V																				
TCGA-IF-A4AK																														MISSENSE,T323M																				
TCGA-SG-A849							SILENT,G4397=																SILENT,S182=													MISSENSE,S37C														
TCGA-UE-A6QU																																							MISSENSE,S722T											
TCGA-DX-A8BR																																												MISSENSE,E1000Q						
TCGA-X9-A971										SILENT,Y1178=																																		MISSENSE,G558D						
TCGA-Z4-A9VC		SILENT,S8291=				SILENT,T3272=																																								FRAMESHIFT,N1068Kfs*5				
TCGA-RN-AAAQ																																															MISSENSE,Y773C			
TCGA-3B-A9HJ							SILENT,D4217=																																											
TCGA-DX-A6YS																																							SILENT,G933=											
TCGA-DX-A7EF																																						SILENT,S33=												
TCGA-DX-AB2Z																										SILENT,S251=													SILENT,G1317=											
TCGA-QR-A70D																										SILENT,G931=																								
TCGA-S7-A7X0																															SILENT,R235=																			