Case	MUC16	CSMD3	BRAF	LRP1B	FAT3	GRIN2A	KMT2D	FAM135B	NRAS	FAT4	PTPRT	ANK1	TP63	COL3A1	CNTNAP2	FAT1	DCC	ERBB4	CNBD1	EPHA3	EPHA7	PTPRB	ARID2	CARD11	NFKBIE	PTPRD	ROS1	ROBO2	BCL11A	ALK	PREX2	CREBBP	CYP2C8	NF1	COL2A1	MYH11	CNTRL	ATR	NTRK3	RGS7	PIM1	PTPRK	CTNND2	SETBP1	PBRM1	MAP2K1	NBEA	NRG1	NACA	B2M
TCGA-FR-A7U9	NONSENSE,Q7430*	MISSENSE,P3237L			MISSENSE,S670L	MISSENSE,F439I		SILENT,V1143=		MISSENSE,V2398G	MISSENSE,E1425K	MISSENSE,E1856K		MISSENSE,P922L		MISSENSE,P271S	MISSENSE,G1444S		MISSENSE,P412S	MISSENSE,M218I		MISSENSE,F1604C	SILENT,L562=			MISSENSE,H1394Y		MISSENSE,D1215N		MISSENSE,P336L	NONSENSE,Q261*	MISSENSE,M1385I	MISSENSE,G91R	NONSENSE,Q1395*	MISSENSE,P1078S							NONSENSE,W970*		MISSENSE,P405S						
TCGA-EE-A3JD	MISSENSE,S3381L	NONSENSE,W2100*	MISSENSE,S507L	MISSENSE,S1992F	MISSENSE,A2066T	MISSENSE,P1392L				MISSENSE,T3474A	MISSENSE,G486R		MISSENSE,G349E	MISSENSE,P182L	NONSENSE,W166*	MISSENSE,P2813L		SILENT,L713=						SILENT,K263=			MISSENSE,G1843R		MISSENSE,G685R		MISSENSE,L669F		MISSENSE,E155K	MISSENSE,P1851S								MISSENSE,E1394K								
TCGA-EE-A29T	MISSENSE,G11040E	MISSENSE,H539Y	MISSENSE,V640E	MISSENSE,S3466L	MISSENSE,P1916S			SILENT,F1173=			MISSENSE,Q1282K					SILENT,I3725=												SILENT,L1118=																		MISSENSE,E203V		MISSENSE,E76K		
TCGA-EE-A2GJ	MISSENSE,E1944K	MISSENSE,E1051K	MISSENSE,G506E	SILENT,S65=	MISSENSE,S3657F		SILENT,S771=	MISSENSE,G599E	MISSENSE,G12D						MISSENSE,F321I		MISSENSE,G223E	MISSENSE,D113N			MISSENSE,S49F	SILENT,L1403=	NONSENSE,Q725*	MISSENSE,E1096K		MISSENSE,G61E	MISSENSE,P1282S	MISSENSE,R245C	MISSENSE,E470K	SILENT,L632=					MISSENSE,G804E		SILENT,F1463=	SILENT,F766=		MISSENSE,R44C				SILENT,E639=						
TCGA-EE-A29H	MISSENSE,E3103K	MISSENSE,G67E	MISSENSE,V640E		MISSENSE,S901F	SILENT,L897=					MISSENSE,R772K		MISSENSE,S630F				MISSENSE,R961C	MISSENSE,F76L																	MISSENSE,G960R				MISSENSE,E590K	MISSENSE,K452N				MISSENSE,R1458K						
TCGA-EE-A29N	MISSENSE,P2290L	MISSENSE,R2663Q	MISSENSE,D634N		SILENT,A294=	SILENT,D1293=						MISSENSE,M1036I	MISSENSE,P133L		SILENT,I1187=				MISSENSE,G198E				NONSENSE,Q1194*			MISSENSE,E406K			NONSENSE,R792*		MISSENSE,E1358K			NONSENSE,Y80*			MISSENSE,K191Q		SILENT,K583=											
TCGA-D3-A8GC	MISSENSE,G693E	MISSENSE,S3351F		SPLICE,X2588_splice		MISSENSE,S677F		SILENT,P828=	MISSENSE,Q61H			SILENT,I872=	SILENT,L117=		MISSENSE,E149K					MISSENSE,P643S													MISSENSE,D293N	SILENT,V1850=	MISSENSE,E142K				NONSENSE,R793*											
TCGA-EE-A2MD	MISSENSE,P6773S	MISSENSE,I1969N		MISSENSE,M3934I	MISSENSE,D2279N			MISSENSE,S646F	MISSENSE,Q61R	MISSENSE,S1456F	MISSENSE,R364Q		MISSENSE,S458L		SILENT,F463=		MISSENSE,P184S	MISSENSE,A383T	MISSENSE,E99K		MISSENSE,E350K	MISSENSE,D1560N	MISSENSE,S297F				MISSENSE,L862F		MISSENSE,P328S	SILENT,G744=	SILENT,A1577=	MISSENSE,R1800Q	MISSENSE,R157K			SILENT,A795=	MISSENSE,E601K		NONSENSE,W771*					SILENT,S847=				MISSENSE,S500F		
TCGA-FR-A3YO	MISSENSE,T8334I		PROTEINDEL,V640_K641delinsE	MISSENSE,R1857K		MISSENSE,P622S		SILENT,R380=		MISSENSE,I3339L	SILENT,F105=										MISSENSE,M893I	NONSENSE,W1241*	NONSENSE,R542*						MISSENSE,R728K										MISSENSE,R116W						SILENT,S378=		MISSENSE,M327I			
TCGA-W3-AA1W	MISSENSE,T9410I		MISSENSE,V640E	MISSENSE,P479S	SILENT,I3606=	MISSENSE,S890Y				SILENT,G4579=			MISSENSE,R393Q	MISSENSE,G468R		MISSENSE,S4367F				SILENT,F152=	MISSENSE,R136K	NONSENSE,R1582*	SILENT,I1361=													SILENT,K644=						MISSENSE,R1342Q				MISSENSE,P124S				
TCGA-D3-A8GO	MISSENSE,S5686L	SILENT,T750=	MISSENSE,V640E	MISSENSE,D3740N		SILENT,F1228=	SILENT,P893=	MISSENSE,H150Y		MISSENSE,A3313T		MISSENSE,G1000D						MISSENSE,E452K		MISSENSE,N121S		MISSENSE,G189E						MISSENSE,R245C		MISSENSE,E668K															MISSENSE,P412L		MISSENSE,D1391G			
TCGA-D9-A1JX	MISSENSE,S59F		MISSENSE,V640E							MISSENSE,S2339L						SILENT,S1457=																								MISSENSE,E124K		MISSENSE,S76F								
TCGA-EE-A2ML	MISSENSE,T10812K			MISSENSE,S1992F	NONSENSE,R1546*	SILENT,V203=		MISSENSE,S165L	MISSENSE,Q61R				MISSENSE,D73N	SILENT,K436=	NONSENSE,R1088*				SILENT,F227=							SILENT,I786=					MISSENSE,E1295K		MISSENSE,P166S	SILENT,I2838=		FRAMESHIFT,E41Rfs*39							MISSENSE,P860L				NONSENSE,W932*			
TCGA-EE-A3JI	MISSENSE,P10716L	SILENT,L596=			MISSENSE,A115V		SILENT,F204=	MISSENSE,G1075R	MISSENSE,Q61K			MISSENSE,D359N	MISSENSE,E677K								SILENT,G232=								MISSENSE,A557V	SILENT,T505=			MISSENSE,A161T				MISSENSE,A1161V						MISSENSE,R732K							
TCGA-EE-A2MC	MISSENSE,E3132K	SILENT,K1861=		SILENT,G174=	MISSENSE,S1209L				MISSENSE,Q61R		SILENT,P963=	MISSENSE,E1350K	MISSENSE,R643Q	MISSENSE,P1311S	MISSENSE,G192S		NONSENSE,R1337*	MISSENSE,F662L	MISSENSE,G198R	MISSENSE,E700K	MISSENSE,P903L		NONSENSE,Q288*			SILENT,A374=				MISSENSE,P968L					MISSENSE,P1205L									SILENT,R418=			MISSENSE,R2234Q			
TCGA-EE-A2GL	MISSENSE,G8144E						MISSENSE,S2969L		MISSENSE,Q61K			SILENT,A1346=			MISSENSE,M337I													MISSENSE,G1293E													SILENT,S75=									
TCGA-FF-A7CQ	MISSENSE,R13899M									MISSENSE,D1708N									SILENT,L308=								SILENT,P654=														MISSENSE,P87S									
TARGET-30-PARYNK	MISSENSE,E8343G																			MISSENSE,K444N																														
TCGA-G8-6909	MISSENSE,G12829R				SILENT,I1082=																				FRAMESHIFT,Y254Sfs*13			MISSENSE,L412F										MISSENSE,A2101V			MISSENSE,H21N									
TCGA-FA-A6HN	MISSENSE,L5064I			SILENT,Y345=																																				MISSENSE,A175T										
TCGA-ER-A2NG		NONSENSE,Q941*	MISSENSE,V640E									SILENT,R1775=																								MISSENSE,I509M				MISSENSE,R194K					NONSENSE,W1183*					
TCGA-FF-8047		NONSENSE,G243*					MISSENSE,G4847V							MISSENSE,G678D							MISSENSE,K199N				FRAMESHIFT,Y254Sfs*13																		MISSENSE,K27N							
TCGA-G8-6914		MISSENSE,M2290I	MISSENSE,D634N											MISSENSE,G447S										MISSENSE,K215T	NONSENSE,Q248*																									
TCGA-GR-7353		MISSENSE,S2088F			MISSENSE,P1162T			MISSENSE,F156L																								NONSENSE,Q1118*														MISSENSE,D67N				
TCGA-FA-A6HO		MISSENSE,S1090F																										SILENT,A54=																						
TCGA-GR-A4D5		MISSENSE,G3295V																																																
TCGA-EE-A3AH	SILENT,V12261=		MISSENSE,V640E		MISSENSE,K200R			SILENT,F1392=			MISSENSE,L695F			MISSENSE,L1350F			MISSENSE,G1214E									SILENT,L1570=	MISSENSE,G2237E				MISSENSE,L1271F				MISSENSE,P551S			SILENT,S1965=												
TCGA-G8-6906			MISSENSE,K539N				FRAMESHIFT,S1053Pfs*3																									MISSENSE,R1446C																		
TCGA-EE-A3JH			MISSENSE,K641E					SILENT,F1173=									SILENT,L98=		MISSENSE,M393I																			MISSENSE,E2564K					SILENT,S1183=			MISSENSE,E203K				
TCGA-D3-A8GD			MISSENSE,V640E																																															
TCGA-EE-A2M7			MISSENSE,V640E																																															
TCGA-FA-A86F				MISSENSE,W615C			FRAMESHIFT,G1946Rfs*11									MISSENSE,P2813T																																		
TCGA-GS-A9TZ				MISSENSE,G1242V		SILENT,I204=				NONSENSE,Q1051*						MISSENSE,V3758M		MISSENSE,A16V				MISSENSE,A1760T			SPLICE,X261_splice	MISSENSE,A602V												MISSENSE,F40I					MISSENSE,V428I						SILENT,Q18=	
TCGA-FF-8042				SILENT,D4178=		MISSENSE,V46M	FRAMESHIFT,A1390Gfs*42			SILENT,Q584=							SILENT,S200=							MISSENSE,K215N							MISSENSE,D398G								MISSENSE,D98N											
TCGA-GS-A9U4						MISSENSE,R695Q																														SILENT,T1336=														
TCGA-FF-A7CR							NONSENSE,Q2014*							MISSENSE,K779T						MISSENSE,K889N							MISSENSE,L2051R		MISSENSE,P271L								MISSENSE,T1671A				NONSENSE,Y53*									
TCGA-GS-A9TY	SILENT,T12081=						NONSENSE,Q3722*																	MISSENSE,R187W																	SILENT,A144=				MISSENSE,Y54C					
TCGA-FF-A7CW							NONSENSE,Q2174*																	MISSENSE,L341Q																										
TCGA-FA-A4BB							NONSENSE,Q3796*																											MISSENSE,N401K																
TCGA-GS-A9TQ							MISSENSE,C5109R									SILENT,P1560=																MISSENSE,C1408Y																		
TCGA-WE-A8ZN	SILENT,E1602=							MISSENSE,D685N	MISSENSE,Q61K			MISSENSE,S888F																												MISSENSE,R44C					MISSENSE,H1152Y					
TCGA-EE-A2MN	SILENT,L8300=								MISSENSE,Q61K									MISSENSE,G936E	MISSENSE,G297R	SILENT,F765=																SILENT,E1715=														
TCGA-D3-A1Q8									MISSENSE,Q61K		SILENT,T598=																MISSENSE,P1108S																			MISSENSE,E203K				
TCGA-D3-A1Q1									MISSENSE,G12R																																									
TCGA-GN-A4U9									MISSENSE,Q61R																																									
TCGA-GS-A9TU										SILENT,D2128=														MISSENSE,L397F																										
TCGA-G8-6325																									FRAMESHIFT,Y219Sfs*25																									
TCGA-GR-A4D6																									MISSENSE,L441P												MISSENSE,A2250T					MISSENSE,G335E								
TARGET-30-PANXJL																														MISSENSE,R1275Q																				
TCGA-GS-A9TX				SILENT,R361=																												PROTEINDEL,S1680del																		
TCGA-GS-A9TW																									SILENT,S403=													MISSENSE,M320I												
TCGA-G8-6324											SILENT,D180=																																							
TCGA-G8-6907						SILENT,S854=																																												